time,x0,x1,x2,speed,h
0,0.29719484248890277,0.367849679096194,0.3349554784149033,0.08789197915623477,0.8523658961269198
0.1,0.29327877736652735,0.36449704219133283,0.3422241804421398,0.09056868841001636,0.8523658961269198
0.2,0.290392845523232,0.35994720862534985,0.34965994585141813,0.09332691559635632,0.8523658961269198
0.3,0.28869241531613715,0.3542706683852054,0.35703691629865736,0.09616914330589055,0.8523658961269198
0.4,0.28830480638034406,0.347578058922083,0.364117134697573,0.09909792973539548,0.8523658961269198
0.5,0.2893235110236898,0.34001913345412493,0.37065735552218526,0.10211591099033808,0.8523658961269198
0.6,0.2918031327806155,0.3317804230029592,0.3764164442164254,0.10522580345754828,0.8523658961269198
0.7000000000000001,0.29575524724309676,0.32308158565188044,0.38116316710502274,0.1084304062501504,0.8523658961269198
0.8,0.3011453736752507,0.31417047780983604,0.38468414851491334,0.11173260372695475,0.8523658961269198
0.9,0.3078912222919992,0.305317025010382,0.38679175269761884,0.11513536808857412,0.8523658961269198
1,0.3158623517577279,0.2968060127003773,0.3873316355418947,0.11864176205260599,0.8523658961269198
1.1,0.32488133498725397,0.2889289592270344,0.3861897057857116,0.12225494161028393,0.8523658961269198
1.2,0.3347264894869163,0.28197527241532905,0.38329823809775476,0.1259781588670835,0.8523658961269198
1.3,0.34513618225524156,0.27622292633713497,0.37864089140762347,0.1298147649698368,0.8523658961269198
1.4000000000000001,0.3558146698680453,0.27192892474464003,0.3722564053873147,0.13376821312299045,0.8523658961269198
1.5,0.3664393831745466,0.26931984089472094,0.3642407759307324,0.13784206169672264,0.8523658961269198
1.6,0.3766695145438369,0.26858273898017654,0.35474774647598656,0.14203997742971655,0.8523658961269198
1.7,0.3861557154424138,0.26985678913588984,0.3439874954216964,0.14636573872947312,0.8523658961269198
1.8,0.39455066496885877,0.27322588524836966,0.3322234497827716,0.1508232390731316,0.8523658961269198
1.9000000000000001,0.40152022750468136,0.2787125620657836,0.31976721042953515,0.15541649051186315,0.8523658961269198
2,0.40675488149964495,0.28627348516909584,0.3069716333312592,0.16014962728198726,0.8523658961269198
2.1,0.4099810731347125,0.29579675432074815,0.2942221725445394,0.16502690952606283,0.8523658961269198
2.2,0.41097212958059987,0.30710121798007156,0.2819266524393287,0.1700527271273046,0.8523658961269198
2.3000000000000003,0.4095583579711134,0.3199379451227036,0.27050369690618303,0.17523160366077428,0.8523658961269198
2.4,0.4056359589558273,0.3339939410135045,0.2603701000306682,0.18056820046490377,0.8523658961269198
2.5,0.3991743984005167,0.3488981276638362,0.2519274739356471,0.1860673208370134,0.8523658961269198
2.6,0.3902219077385159,0.3642295390507738,0.24554855321071037,0.19173391435660483,0.8523658961269198
2.7,0.37890882254258534,0.379527607739287,0.24156356971812765,0.19757308134031545,0.8523658961269198
2.8000000000000003,0.3654485195942202,0.39430434548921467,0.24024713491656516,0.20359007743254914,0.8523658961269198
2.9,0.3501357741847936,0.40805814806082896,0.2418060777543775,0.20979031833590958,0.8523658961269198
3,0.33334243030311506,0.4202888861592554,0.24636868353762956,0.21617938468569917,0.8523658961269198
3.1,0.315510355079345,0.43051388270076224,0.2539757622198928,0.22276302707286635,0.8523658961269198
3.2,0.29714173334745037,0.43828432370759235,0.2645739429449573,0.2295471712199267,0.8523658961269198
3.3000000000000003,0.27878684613094146,0.4432016083712789,0.2780115454977796,0.23653792331451248,0.8523658961269198
3.4,0.2610295656694469,0.4449331151809303,0.2940373191496228,0.24374157550535414,0.8523658961269198
3.5,0.2444708865195377,0.443226847214114,0.3123022662663484,0.2511646115656381,0.8523658961269198
3.6,0.2297108944040079,0.4379244220899572,0.332364683506035,0.2588137127288412,0.8523658961269198
3.7,0.2173296489451812,0.42897189161242033,0.3536984594423985,0.26669576370229126,0.8523658961269198
3.8000000000000003,0.2078675203596785,0.4164279132251275,0.37570456641519406,0.2748178588638679,0.8523658961269198
3.9,0.20180557093292245,0.4004688499655908,0.39772557910148687,0.2831873086474224,0.8523658961269198
4,0.19954660720343795,0.3813904469933609,0.41906294580320114,0.2918116461226615,0.8523658961269198
4.1,0.20139754618799732,0.3596058197461757,0.438996634065827,0.30069863377541745,0.8523658961269198
4.2,0.20755373702095273,0.3356395895519423,0.456806673427105,0.3098562704944104,0.8523658961269198
4.3,0.2180858569298219,0.3101181147444061,0.4717960283257719,0.31929279877078826,0.8523658961269198
4.4,0.2329299569702107,0.2837558861398826,0.4833141568899067,0.3290167121169235,0.8523658961269198
4.5,0.25188116847666864,0.2573382818252071,0.49078054969812424,0.33903676271114946,0.8523658961269198
4.6000000000000005,0.2745914965032252,0.23170100390460918,0.4937074995921657,0.34936196927531055,0.8523658961269198
4.7,0.3005720230678822,0.20770664519858473,0.4917213317335331,0.36000162519222045,0.8523658961269198
4.8,0.3291997229044555,0.1862189527541268,0.48458132434141776,0.3709653068703345,0.8523658961269198
4.9,0.3597289604483763,0.16807546323657055,0.47219557631505316,0.38226288236316375,0.8523658961269198
5,0.39130759233859796,0.15405927873272404,0.45463312892867797,0.393904520251188,0.8523658961269198
5.1000000000000005,0.42299744874643047,0.14487082632207351,0.43213172493149604,0.4059006987942664,0.8523658961269198
5.2,0.45379881373579845,0.1411004974387131,0.4051006888254885,0.41826221536277713,0.8523658961269198
5.3,0.4826783743493085,0.1432030905080026,0.37411853514268884,0.43100019615598,0.8523658961269198
5.4,0.5085999651419583,0.15147498016796632,0.3399250546900754,0.4441261062163465,0.8523658961269198
5.5,0.5305573044567814,0.1660349068727623,0.30340778867045615,0.4576517597488727,0.8523658961269198
5.6000000000000005,0.5476078057728307,0.18680922094741031,0.26558297327975894,0.4715893307546601,0.8523658961269198
5.7,0.5589064566237212,0.21352232524814285,0.22757121812813608,0.4859513639883387,0.8523658961269198
5.8,0.5637386931382193,0.24569294147065351,0.19056836539112718,0.5007507862491928,0.8523658961269198
5.9,0.56155116387174,0.2826366788171551,0.15581215731110495,0.5160009180161536,0.8523658961269198
6,0.5519792752302822,0.32347521314744637,0.12454551162227145,0.5317154854371287,0.8523658961269198
6.1000000000000005,0.5348704445212925,0.3671521938177808,0.09797736166092672,0.5479086326834608,0.8523658961269198
6.2,0.5103020565981657,0.4124557889611527,0.07724215444068167,0.5645949346806386,0.8523658961269198
6.3,0.4785932262137055,0.4580475635810867,0.06335921020520789,0.5817894102267115,0.8523658961269198
6.4,0.44030960943067077,0.5024971647771395,0.05719322579218978,0.5995075355102227,0.8523658961269198
6.5,0.3962606814379025,0.5443220714567784,0.059417247105318996,0.617765258039823,0.8523658961269198
6.6000000000000005,0.347489101387768,0.5820314590978023,0.07047943951442956,0.6365790109981054,0.8523658961269198
6.7,0.2952520127579736,0.6141730407055489,0.09057494653647752,0.6559657280325782,0.8523658961269198
6.8,0.2409943745320064,0.6393815801506517,0.1196240453173419,0.6759428584970902,0.8523658961269198
6.9,0.18631467751747705,0.6564276403283996,0.15725768215412333,0.6965283831574289,0.8523658961269198
7,0.1329236639092933,0.664265032228214,0.20281130386249271,0.7177408303752212,0.8523658961269198
7.1000000000000005,0.08259692867047642,0.6620753774141493,0.25532769391537424,0.7395992927847104,0.8523658961269198
7.2,0.03712252996872229,0.6493081899412019,0.3135692800900758,0.7621234444774151,0.8523658961269198
7.3,0.000011498118113827073,0.6248405452729762,0.37514795660891,0.7818501404847156,0.8523658961269198
7.4,3.700743415417188e-17,0.5778731940986319,0.4221268059013681,0.6740679830146681,0.8523658961269198
7.5,3.700743415417188e-17,0.5294872293432158,0.4705127706567842,0.694596409290353,0.8523658961269198
7.6000000000000005,3.700743415417188e-17,0.4796276925812832,0.5203723074187168,0.7157500192210625,0.8523658961269198
7.7,0.0009157316268498657,0.4278111330683879,0.5712731353047622,0.7375448838690732,0.8523658961269198
7.8,0.01062669674997427,0.37075241741199366,0.6186208858380321,0.7600064694959283,0.8523658961269198
7.9,0.031188578258193822,0.3089768115066104,0.6598346102351959,0.7831521122424343,0.8523658961269198
8,0.0626192336373963,0.24415487379815026,0.6932258925644535,0.807002644749292,0.8523658961269198
8.1,0.10459238988793666,0.17815722769966622,0.7172503824123971,0.8315795341055641,0.8523658961269198
8.2,0.15642672738939667,0.11300751460839982,0.7305657580022036,0.8569049011705039,0.8523658961269198
8.3,0.21708556641735754,0.050827577250750586,0.732086856331892,0.8830015404838204,0.8523658961269198
8.4,0.2820486589815325,0,0.7179513410184676,0.6146378584648315,0.8523658961269198
8.5,0.3261686090554357,7.401486830834377e-17,0.6738313909445642,0.6333563679945526,0.8523658961269198
8.6,0.3716322116468911,7.401486830834377e-17,0.6283677883531089,0.6526449410083057,0.8523658961269198
8.700000000000001,0.4184803870671162,1.1102230246251565e-16,0.5815196129328837,0.6725209385238204,0.8523658961269198
8.8,0.46675530183633607,1.850371707708594e-16,0.5332446981636638,0.6930022502805311,0.8523658961269198
8.9,0.5165004066364971,1.850371707708594e-16,0.4834995933635027,0.7141073108415488,0.8523658961269198
9,0.5674461022530564,0.0006080284456751302,0.4319458693012683,0.7358597620754003,0.8523658961269198
9.1,0.6151917960437332,0.009498038692113166,0.3753101652641537,0.7582700281035594,0.8523658961269198
9.200000000000001,0.6569369924269258,0.02922405089983978,0.3138389566732343,0.7813627883369141,0.8523658961269198
9.3,0.6909846507991015,0.05982955077365116,0.2491857984272473,0.8051588278183343,0.8523658961269198
9.4,0.7157772953142632,0.1010151379813565,0.18320756670438035,0.8296795645894812,0.8523658961269198
9.5,0.7299551166056658,0.1521268333900076,0.11791805000432667,0.8549470689684918,0.8523658961269198
9.6,0.7324113876575231,0.2121549260703232,0.055433686272153566,0.8809840834147524,0.8523658961269198
9.700000000000001,0.7212996095412804,0.27870039045871964,0,0.6132173084382028,0.8523658961269198
9.8,0.6772816294247906,0.32271837057520936,0,0.6318925557789055,0.8523658961269198
9.9,0.631923102238279,0.36807689776172103,0,0.6511365490738356,0.8523658961269198
10,0.585183202245485,0.41481679775451497,3.700743415417188e-17,0.670966609215967,0.8523658961269198
10.1,0.5370198603813774,0.4629801396186225,1.4802973661668753e-16,0.6914005845979966,0.8523658961269198
10.200000000000001,0.48738972638715566,0.5126102736128444,1.1102230246251565e-16,0.7124568671771034,0.8523658961269198
10.3,0.4360699843311997,0.5635639694631437,0.000366046205656605,0.7341546668554332,0.8523658961269198
10.4,0.37986952007444286,0.6116989505777201,0.008431529347837122,0.7565130050035096,0.8523658961269198
10.5,0.3187156420630447,0.6539684528896773,0.027315905047278013,0.7795522559174003,0.8523658961269198
10.6,0.25424453443872375,0.6886671308745326,0.05708833468674366,0.8032931564779756,0.8523658961269198
10.700000000000001,0.1882989254951321,0.7142246652959414,0.0974764092089265,0.8277570750981471,0.8523658961269198
10.8,0.1228823274033137,0.7292639922404066,0.1478536803562797,0.8529660309558799,0.8523658961269198
10.9,0.060105339155573055,0.7326569942901401,0.20723766655428688,0.8789427138129402,0.8523658961269198
11,0.002125227572932064,0.7235757279321847,0.2742990444948832,0.9057105044372114,0.8523658961269198
11.1,0,0.6807267488044756,0.3192732511955244,0.630430915413682,0.8523658961269198
11.200000000000001,1.4802973661668753e-16,0.6354731411230862,0.3645268588769137,0.6496303951324814,0.8523658961269198
11.3,1.850371707708594e-16,0.5888413559100457,0.4111586440899541,0.6694145860582665,0.8523658961269198
11.4,2.2204460492503128e-16,0.5407894214109226,0.45921057858907716,0.6898012952983434,0.8523658961269198
11.5,2.5905203907920316e-16,0.491274087641065,0.5087259123589347,0.7108088722671723,0.8523658961269198
11.6,0.00018547784494082548,0.440159826857674,0.5596546952973852,0.7324534963729346,0.8523658961269198
11.700000000000001,0.007428088483194417,0.3844031667076903,0.6081687448091153,0.7547600261669783,0.8523658961269198
11.8,0.025470581288079948,0.3235765297827606,0.6509528889291595,0.7777458909275647,0.8523658961269198
11.9,0.054407683596075035,0.2592984979143104,0.6862938184896146,0.8014317794844236,0.8523658961269198
12,0.09399392498356515,0.19339737023481046,0.7126087047816244,0.8258390107359491,0.8523658961269198
12.1,0.14363039771218925,0.12786605744636126,0.7285035448414495,0.8509895528376495,0.8523658961269198
12.200000000000001,0.20236192503611874,0.06480895819991159,0.7328291167639697,0.8769060429749673,0.8523658961269198
12.3,0.2688853709031319,0.006382009200316861,0.7247326198965512,0.9036118077382755,0.8523658961269198
12.4,0.31585110801909494,3.700743415417188e-17,0.684148891980905,0.6289790230259352,0.8523658961269198
12.5,0.3610004959249239,3.700743415417188e-17,0.6389995040750761,0.6481342860387155,0.8523658961269198
12.6,0.4075248873977104,0,0.5924751126022896,0.6678729136593063,0.8523658961269198
12.700000000000001,0.4554661575302707,7.401486830834377e-17,0.5445338424697292,0.6882126719849639,0.8523658961269198
12.8,0.5048674567018567,7.401486830834377e-17,0.49513254329814327,0.7091718681711563,0.8523658961269198
12.9,0.5557398867503629,0.00006596297396648701,0.4441941502756706,0.7307665714002212,0.8523658961269198
13,0.6046209691376468,0.006491744112041509,0.3888872867503117,0.7530217266805922,0.8523658961269198
13.1,0.6479075333978636,0.02369663945777041,0.3283958271443661,0.7759546523406404,0.8523658961269198
13.200000000000001,0.6838786834169762,0.05180069749721268,0.26432061908581117,0.799585989561332,0.8523658961269198
13.3,0.7109394749519202,0.09058519010164813,0.19847533494643166,0.8239370081411773,0.8523658961269198
13.4,0.7276793657211371,0.13947861141185233,0.13284202286701058,0.8490296256404845,0.8523658961269198
13.5,0.7329284225199435,0.19755301654102483,0.0695185609390316,0.8748864271086455,0.8523658961269198
13.6,0.725809361305265,0.2635314557721494,0.010659182922585667,0.9015306854122024,0.8523658961269198
13.700000000000001,0.6875586490573892,0.3124413509426108,0,0.6275323856153469,0.8523658961269198
13.8,0.6425131037142192,0.35748689628578073,0,0.6466435919599878,0.8523658961269198
13.9,0.5960957172809418,0.4039042827190581,7.401486830834377e-17,0.6663368211871437,0.8523658961269198
14,0.5482647109764996,0.45173528902350024,1.4802973661668753e-16,0.6866297985324522,0.8523658961269198
14.1,0.49897703366652896,0.5010229663334709,1.850371707708594e-16,0.7075407890453408,0.8523658961269198
14.200000000000001,0.4481853036465417,0.5518086574176755,0.000006038935782779476,0.7290893223760277,0.8523658961269198
14.3,0.3933353811743227,0.6010459895967277,0.005618629228949597,0.7512933978192273,0.8523658961269198
14.4,0.33318782941708786,0.6448243882258716,0.02198778235704056,0.7741736880294747,0.8523658961269198
14.5,0.26932558256264627,0.6814157186915244,0.04925869874582939,0.7977507868122783,0.8523658961269198
14.6,0.20354745121448364,0.7092132738742909,0.08723927491122546,0.8220459151478926,0.8523658961269198
14.700000000000001,0.1378243341896383,0.7267903181025833,0.1353853477077784,0.8470809402916352,0.8523658961269198
14.8,0.07424725641124576,0.7329565346656698,0.19279620892308447,0.8728783954558893,0.8523658961269198
14.9,0.01496837796926406,0.7268104542559125,0.25822116777482346,0.8994615000915183,0.8523658961269198
15,0,0.6909779490084955,0.30902205099150454,0.6260816995059441,0.8523658961269198
15.1,7.401486830834377e-17,0.6460365368517835,0.3539634631482164,0.6451487258812102,0.8523658961269198
15.200000000000001,1.4802973661668753e-16,0.599726454932627,0.4002735450673729,0.6647964296586142,0.8523658961269198
15.3,1.850371707708594e-16,0.5520060210512743,0.4479939789487255,0.6850424950978152,0.8523658961269198
15.4,1.850371707708594e-16,0.5028322835960066,0.49716771640399327,0.7059051450243593,0.8523658961269198
15.5,1.850371707708594e-16,0.4521609828837871,0.5478390171162126,0.7274031572314511,0.8523658961269198
15.6,0.004805169531096046,0.39777468404205496,0.597420146426849,0.7495599620122328,0.8523658961269198
15.700000000000001,0.020335163744345915,0.33798223954524037,0.6416825967104137,0.7723874612430306,0.8523658961269198
15.8,0.04676752415437638,0.27434476935666485,0.6788877064889588,0.7959101613217141,0.8523658961269198
15.9,0.08393682037534907,0.2086458851006843,0.7074172945239666,0.8201492342660331,0.8523658961269198
16,0.13132634533890258,0.14284496935078625,0.7258286853103111,0.845126496877669,0.8523658961269198
16.1,0.1880628061929658,0.07902580705068193,0.7329113867563523,0.8708644303788274,0.8523658961269198
16.2,0.2529220134620335,0.019338088974474137,0.7277398975634923,0.8973862006468574,0.8523658961269198
16.3,0.305603415250469,3.700743415417188e-17,0.6943965847495309,0.6246312951970081,0.8523658961269198
16.4,0.3504407144489308,3.700743415417188e-17,0.6495592855510691,0.6436541501850017,0.8523658961269198
16.5,0.39664351269821524,3.700743415417188e-17,0.6033564873017847,0.6632563373561196,0.8523658961269198
16.6,0.44425339563552907,7.401486830834377e-17,0.555746604364471,0.6834555000020028,0.8523658961269198
16.7,0.4933132153692792,7.401486830834377e-17,0.5066867846307208,0.7042698187325175,0.8523658961269198
16.8,0.5438671290488633,7.401486830834377e-17,0.4561328709511368,0.7257180278395294,0.8523658961269198
16.9,0.5937516830034514,0.004059096351584933,0.4021892206449637,0.7478163900283835,0.8523658961269198
17,0.6384880955728381,0.018749114307912932,0.34276279011924893,0.7705907895871905,0.8523658961269198
17.1,0.6762979456675435,0.04433993635831767,0.2793621179741388,0.7940587728681255,0.8523658961269198
17.2,0.7055519299951546,0.08069276606876287,0.21375530393608255,0.8182414626401274,0.8523658961269198
17.3,0.7247917625058491,0.12731838089438102,0.14788985659976983,0.8431606249562164,0.8523658961269198
17.400000000000002,0.7327870703716237,0.18337100265883316,0.08384192696954317,0.8688386887444113,0.8523658961269198
17.5,0.7285885688018198,0.24765311460547323,0.02375831659270697,0.8952987659952775,0.8523658961269198
17.6,0.6977925047302949,0.3022074952697052,7.401486830834377e-17,0.6231905283689492,0.8523658961269198
17.7,0.6530586266921904,0.3469413733078095,7.401486830834377e-17,0.6421695054746583,0.8523658961269198
17.8,0.6069623992465029,0.3930376007534969,1.850371707708594e-16,0.661726478483036,0.8523658961269198
17.900000000000002,0.5594623326769428,0.440537667323057,1.850371707708594e-16,0.6818790499899251,0.8523658961269198
18,0.5105156737172467,0.489484326282753,2.2204460492503128e-16,0.7026453586700208,0.8523658961269198
18.1,0.46007836707035255,0.5399216329296472,2.9605947323337506e-16,0.7240440956029032,0.8523658961269198
18.2,0.40655316224905674,0.5900709911331574,0.0033758466177857657,0.7460932863754779,0.8523658961269198
18.3,0.34749968007736337,0.6352695532111854,0.017230766711451254,0.7688152096157717,0.8523658961269198
18.400000000000002,0.284344555988707,0.6736723640267512,0.04198307998454174,0.7922291184363754,0.8523658961269198
18.5,0.21884021214931787,0.7036393744513779,0.07752041339930417,0.8163560869355635,0.8523658961269198
18.6,0.15292205485936597,0.7236970743682558,0.12338087077237832,0.8412178310134503,0.8523658961269198
18.7,0.08865831359262362,0.7325955953089954,0.17874609109838083,0.8668367279177646,0.8523658961269198
18.8,0.028192559272545215,0.7293622403875315,0.2424452003399233,0.8932358363848829,0.8523658961269198
18.900000000000002,3.700743415417188e-17,0.7011646047377712,0.29883539526222874,0.6217598674996738,0.8523658961269198
19,7.401486830834377e-17,0.6565334224338392,0.34346657756616084,0.6406952744953637,0.8523658961269198
19.1,7.401486830834377e-17,0.6105430182730474,0.38945698172695264,0.6602073504863273,0.8523658961269198
19.2,7.401486830834377e-17,0.5631519977872058,0.43684800221279424,0.6803136576580608,0.8523658961269198
19.3,0,0.5143177058588874,0.4856822941411127,0.7010322930442354,0.8523658961269198
19.400000000000002,3.700743415417188e-17,0.463996188328943,0.536003811671057,0.7223819048152482,0.8523658961269198
19.5,0.0027599305594675277,0.4108628176858721,0.5863772517546604,0.7443798321192214,0.8523658961269198
19.6,0.015784993481998622,0.3521897091670685,0.6320252973509329,0.7670495729088791,0.8523658961269198
19.7,0.03970205749006754,0.28928950607287407,0.6710084364370584,0.7904097100866373,0.8523658961269198
19.8,0.07442494689807487,0.22389877572343894,0.7016762773784863,0.8144812693526636,0.8523658961269198
19.900000000000002,0.11951892197228947,0.15794057764246944,0.7225405003852411,0.8392859167350218,0.8523658961269198
20,0.17419293396674657,0.09347491170566885,0.7323321543275846,0.8648459780905602,0.8523658961269198
20.1,0.23730271900391509,0.032641752413102076,0.7300555285829828,0.8911844591996922,0.8523658961269198
20.2,0.29544675676601634,0,0.7045532432339836,0.6203221899438769,0.8523658961269198
20.3,0.33997473966380937,7.401486830834377e-17,0.6600252603361906,0.6392138131396295,0.8523658961269198
20.400000000000002,0.3858588015286438,7.401486830834377e-17,0.6141411984713562,0.6586807719154341,0.8523658961269198
20.5,0.4331402411134652,7.401486830834377e-17,0.5668597588865347,0.6787405878482476,0.8523658961269198
20.6,0.4818616149054928,7.401486830834377e-17,0.5181383850945072,0.699411316126488,0.8523658961269198
20.7,0.5320667754299306,7.401486830834377e-17,0.4679332245700694,0.7207115618009216,0.8523658961269198
20.8,0.5826309550596974,0.002197366995516307,0.4151716779447863,0.7426697431452289,0.8523658961269198
20.900000000000002,0.6287221420907274,0.014388067748308524,0.356889790160964,0.7652874039723527,0.8523658961269198
21,0.6682807460664942,0.03746354733184642,0.29425570660165945,0.7885938751165957,0.8523658961269198
21.1,0.6996462787642155,0.07136391547127699,0.22898980576450748,0.8126101339750722,0.8523658961269198
21.2,0.7213158170646204,0.11568173772230742,0.16300244521307222,0.8373577968017479,0.8523658961269198
21.3,0.732001484945112,0.1696534862501832,0.09834502880470487,0.8628591381635248,0.8523658961269198
21.400000000000002,0.7306846592247201,0.2321617728719767,0.03715356790330312,0.8891371109888574,0.8523658961269198
21.5,0.7079318041467874,0.29206819585321275,0,0.6188887879446198,0.8523658961269198
21.6,0.6635067137470273,0.33649328625297276,3.700743415417188e-17,0.6377367575505172,0.8523658961269198
21.7,0.6177286779233007,0.3822713220766994,0,0.6571587332867318,0.8523658961269198
21.8,0.570556493353256,0.42944350664674413,0,0.6771721962424491,0.8523658961269198
21.900000000000002,0.5219477018865623,0.47805229811343775,0,0.6977951598852782,0.8523658961269198
22,0.4718585523297077,0.5281414476702923,0,0.7190461862745895,0.8523658961269198
22.1,0.41943860909839953,0.5788525051043768,0.0017088857972237179,0.7409425344480655,0.8523658961269198
22.2,0.36155820403494027,0.6253744553315382,0.013067340633521565,0.763507593939467,0.8523658961269198
22.3,0.29920214243311816,0.6654967950252201,0.035301062541661835,0.7867598617988286,0.8523658961269198
22.400000000000002,0.2340743373395707,0.6975493520747937,0.06837631058563562,0.8107202666366502,0.8523658961269198
22.5,0.1680721073035935,0.7200150045261644,0.11191288817024204,0.835410374434508,0.8523658961269198
22.6,0.10323786965405785,0.7315873343966874,0.16517479594925466,0.8608524079558943,0.8523658961269198
22.7,0.04170323775115743,0.7312251538213645,0.22707160842747806,0.8870692667482036,0.8523658961269198
22.8,3.700743415417188e-17,0.7113015847042352,0.28869841529576473,0.6174591111346504,0.8523658961269198
22.900000000000002,3.700743415417188e-17,0.6669791194008778,0.3330208805991222,0.6362635405995962,0.8523658961269198
23,0,0.6213068340730367,0.3786931659269633,0.655640650200158,0.8523658961269198
23.1,7.401486830834377e-17,0.5742436205809449,0.4257563794190551,0.6756078806429711,0.8523658961269198
23.2,1.1102230246251565e-16,0.5257471188555976,0.47425288114440234,0.6961832037832619,0.8523658961269198
23.3,1.850371707708594e-16,0.47577367877182986,0.52422632122817,0.7173851388007328,0.8523658961269198
23.400000000000002,0.0012781584105379577,0.42367100324155693,0.5750508383479052,0.7392313966724412,0.8523658961269198
23.5,0.01180639640745378,0.36619986358670825,0.6219937400058381,0.761744344260544,0.8523658961269198
23.6,0.033198616250266086,0.3041309377070013,0.6626704460427326,0.7849429131728847,0.8523658961269198
23.7,0.0654471085575587,0.2391514660184639,0.6954014254239774,0.8088479836872854,0.8523658961269198
23.8,0.10819884958913133,0.17314547236588493,0.7186556780449838,0.8334810719806977,0.8523658961269198
23.900000000000002,0.16074536161218214,0.10814608847078477,0.7311085499170331,0.8588643494952098,0.8523658961269198
24,0.22202323687538997,0.04628019403905827,0.7316965690855518,0.8850206628938455,0.8523658961269198
24.1,0.28535118011660165,0,0.7146488198833983,0.616038999518603,0.8523658961269198
24.2,0.32957170693254495,0,0.6704282930674551,0.6348001801461202,0.8523658961269198
24.3,0.3751389492838459,7.401486830834377e-17,0.624861050716154,0.6541327237860655,0.8523658961269198
24.400000000000002,0.42209392076450164,1.1102230246251565e-16,0.5779060792354983,0.674054031032701,0.8523658961269198
24.5,0.4704788840184005,1.850371707708594e-16,0.5295211159815993,0.694582032407277,0.8523658961269198
24.6,0.5203373887785537,1.850371707708594e-16,0.47966261122144604,0.7157352044967127,0.8523658961269198
24.7,0.5712387447047198,0.00091273571096984,0.42784851958431036,0.7375295770670864,0.8523658961269198
24.8,0.6185901185809962,0.010616296407187682,0.37079358501181614,0.7599906965324227,0.8523658961269198
24.900000000000002,0.6598086676644986,0.031170645979842416,0.30902068635565905,0.7831358589206775,0.8523658961269198
25,0.6932058970594582,0.06259387327383323,0.24420022966670857,0.8069858964401976,0.8523658961269198
25.1,0.717237336854484,0.10455994765627585,0.17820271548924022,0.8315622757345238,0.8523658961269198
25.2,0.7305605065299954,0.15638779586342774,0.11305169760657686,0.8568871172038186,0.8523658961269198
25.3,0.7320900477120093,0.21704098093893254,0.05086897134905803,0.8829832149147196,0.8523658961269198
25.400000000000002,0.7179819573660957,0.2820180426339042,0,0.6146248690486175,0.8523658961269198
25.5,0.6738629396987909,0.32613706030120904,7.401486830834377e-17,0.6333429829917215,0.8523658961269198
25.6,0.6284002979099423,0.37159970209005766,3.700743415417188e-17,0.6526311483714516,0.8523658961269198
25.7,0.5815531125531196,0.41844688744688047,7.401486830834377e-17,0.6725067258386391,0.8523658961269198
25.8,0.5332792179992216,0.4667207820007784,7.401486830834377e-17,0.6929876047546465,0.8523658961269198
25.900000000000002,0.48353516448456474,0.5164648355154353,3.700743415417188e-17,0.7140922192929988,0.8523658961269198
26,0.43198362890238756,0.5674106629442814,0.0006057081533311266,0.7358438056406923,0.8523658961269198
26.1,0.37535188835651,0.6151599332896873,0.009488178353802654,0.7582535857230708,0.8523658961269198
26.2,0.3138835630569801,0.6569099394749819,0.02920649746803804,0.7813458452113922,0.8523658961269198
26.3,0.24923204952210493,0.6909635643782804,0.05980438609961473,0.8051413686978228,0.8523658961269198
26.400000000000002,0.18325409509809332,0.7157632141613692,0.1009826907405375,0.8296615737595936,0.8523658961269198
26.5,0.11796339492049208,0.7299489211747153,0.15208768390479263,0.8549285302362662,0.8523658961269198
26.6,0.055476334196872513,0.7324137623654237,0.21210990343770392,0.8809649800940788,0.8523658961269198
26.7,0,0.7213302236537614,0.2786697763462385,0.6132043199702815,0.8523658961269198
26.8,0,0.6773131758757998,0.3226868241242002,0.6318791717532469,0.8523658961269198
26.900000000000002,0,0.6319556094217514,0.3680443905782485,0.6511227574439131,0.8523658961269198
27,3.700743415417188e-17,0.5852166994200805,0.4147833005799196,0.6709523975683828,0.8523658961269198
27.1,7.401486830834377e-17,0.537054377696814,0.4629456223031859,0.6913859401413084,0.8523658961269198
27.2,1.1102230246251565e-16,0.48742529491134723,0.5125747050886527,0.7124417767303117,0.8523658961269198
27.3,0.00036397009786880385,0.4361076301586318,0.5635283997434994,0.7341393924599902,0.8523658961269198
27.400000000000002,0.008421915159892946,0.3799111660900175,0.6116669187500895,0.7564972654334738,0.8523658961269198
27.5,0.027298592034513985,0.3187602127843841,0.6539411951811019,0.7795360370060958,0.8523658961269198
27.6,0.05706339670936275,0.2542907949792493,0.6886458083113879,0.803276443627288,0.8523658961269198
27.7,0.09744416689306454,0.18834551093188379,0.7142103221750518,0.8277398532653824,0.8523658961269198
27.8,0.14781470616881895,0.12292777809123567,0.7292575157399455,0.8529482846402268,0.8523658961269198
27.900000000000002,0.20719278219203333,0.060148141234257595,0.7326590765737091,0.8789244270415163,0.8523658961269198
28,0.27424931019578236,0.0021638577002517805,0.7235868321039658,0.9056916607506885,0.8523658961269198
28.1,0.3192413119012725,0,0.6807586880987276,0.630417364718751,0.8523658961269198
28.2,0.36449394688634035,3.700743415417188e-17,0.6355060531136596,0.6496164317574515,0.8523658961269198
28.3,0.41112472978004627,0,0.5888752702199537,0.6694001974351578,0.8523658961269198
28.400000000000002,0.45917563143466666,0,0.5408243685653333,0.6897864684764239,0.8523658961269198
28.5,0.5086899009052237,3.700743415417188e-17,0.49131009909477624,0.7107935939013013,0.8523658961269198
28.6,0.5596182858893418,0.00018411743480890663,0.44019759667584935,0.7324376726474814,0.8523658961269198
28.7,0.6081357999989622,0.007419101947380009,0.38444509805365784,0.754743720537343,0.8523658961269198
28.8,0.6509246694115757,0.025453782500803903,0.32362154808762045,0.7777290887175801,0.8523658961269198
28.900000000000002,0.6862715128225266,0.05438312306981765,0.25934536410765574,0.8014144655709663,0.8523658961269198
29,0.7125933871722745,0.0939619028974851,0.1934447099302404,0.8258211695353286,0.8523658961269198
29.1,0.7284961339543242,0.14359146981578583,0.12791239622988995,0.8509711682915807,0.8523658961269198
29.2,0.7328303369221992,0.20231690080004297,0.06485276227775788,0.8768870985361182,0.8523658961269198
29.3,0.724742966057178,0.2688353034964752,0.006421730446346773,0.9035922863553724,0.8523658961269198
29.400000000000002,0.6841812290104182,0.3158187709895817,0,0.6289653035862239,0.8523658961269198
29.5,0.6390328259137527,0.36096717408624746,0,0.6481201487798617,0.8523658961269198
29.6,0.5925094492420332,0.4074905507579667,1.4802973661668753e-16,0.6678583458568227,0.8523658961269198
29.7,0.5445692248158337,0.4554307751841662,1.850371707708594e-16,0.6881976605268448,0.8523658961269198
29.8,0.49516900319710844,0.5048309968028915,1.4802973661668753e-16,0.7091563995460762,0.8523658961269198
29.900000000000002,0.44423215132166605,0.5557027622876041,0.0000650863907298741,0.7307507131171331,0.8523658961269198
30,0.38892957572344317,0.6045872726217518,0.006483151654805008,0.753005385440885,0.8523658961269198
30.1,0.3284413259321964,0.6478785471342503,0.023680126933553317,0.7759378134360955,0.8523658961269198
30.2,0.2643680809528953,0.6838556193883822,0.05177629965872248,0.7995686378357989,0.8523658961269198
30.3,0.19852337370844256,0.7109234319725825,0.09055319431897509,0.8239191279769317,0.8523658961269198
30.400000000000002,0.132889148298332,0.7276712875362094,0.13943956416545866,0.8490112009441723,0.8523658961269198
30.5,0.06956321967459424,0.7329290582395249,0.19750772208588085,0.8748674412967957,0.8523658961269198
30.6,0.010699803894485589,0.7258192295741769,0.2634809665313375,0.9015111213963024,0.8523658961269198
30.7,7.401486830834377e-17,0.6875915903284756,0.3124084096715244,0.6275184098176471,0.8523658961269198
30.8,1.4802973661668753e-16,0.6425470481963642,0.3574529518036357,0.6466291905358824,0.8523658961269198
30.900000000000002,1.1102230246251565e-16,0.5961306955264708,0.40386930447352903,0.6663219811743791,0.8523658961269198
31,1.1102230246251565e-16,0.5483007544681949,0.451699245531805,0.6866145065740151,0.8523658961269198
31.1,1.4802973661668753e-16,0.499014174845966,0.5009858251540339,0.7075250313774362,0.8523658961269198
31.2,0.000005911361460113317,0.44822363973045054,0.5517704489080894,0.729072790582291,0.8523658961269198
31.3,0.0056106515427891265,0.3933781981681398,0.6010111502890711,0.7512763625574189,0.8523658961269198
31.400000000000002,0.021971722537725336,0.33323404436976367,0.644794233092511,0.7741561339667091,0.8523658961269198
31.5,0.04923456714477768,0.26937393762472706,0.6813914952304951,0.7977326981487137,0.8523658961269198
31.6,0.08720733891128223,0.20359654277721165,0.7091961183115061,0.8220272756025115,0.8523658961269198
31.7,0.13534613912402677,0.1378726484557992,0.7267812124201741,0.8470617330875886,0.8523658961269198
31.8,0.19275052346189686,0.07429321066561022,0.732956265872493,0.8728586033053972,0.8523658961269198
31.900000000000002,0.25817005607724386,0.015010366590156142,0.7268195773326,0.8994411051803091,0.8523658961269198
32,0.3089891121252965,3.700743415417188e-17,0.6910108878747034,0.6260677247285478,0.8523658961269198
32.1,0.353929521144189,7.401486830834377e-17,0.646070478855811,0.6451343255084814,0.8523658961269198
32.2,0.4002385693754314,7.401486830834377e-17,0.5997614306245687,0.6647815907292453,0.8523658961269198
32.3,0.44795793808838613,0,0.5520420619116139,0.6850272042557681,0.8523658961269198
32.4,0.4971305779360491,7.401486830834377e-17,0.5028694220639508,0.7058893885068438,0.8523658961269198
32.5,0.5478007476135357,7.401486830834377e-17,0.4521992523864643,0.727386920856538,0.8523658961269198
32.6,0.5973851409414757,0.004797451393559737,0.39781740766496465,0.7495436612208337,0.8523658961269198
32.7,0.641652236715443,0.02031935991135604,0.33802840337320095,0.772370664018628,0.8523658961269198
32.8,0.6788632435975533,0.04674363662594483,0.2743931197765018,0.7958928525456724,0.8523658961269198
32.9,0.7073998704296707,0.08390510804491817,0.20869502152541117,0.8201313983592857,0.8523658961269198
33,0.7258192887253522,0.13128733165528003,0.14289337961936777,0.8451081177866958,0.8523658961269198
33.1,0.7329108125464414,0.18801727889273492,0.07907190856082366,0.8708454915612062,0.8523658961269198
33.2,0.7277487095129834,0.2528710158906048,0.019380274596411846,0.8973666850563742,0.8523658961269198
33.3,0.6944299337985202,0.30557006620147975,0,0.6246171463937964,0.8523658961269198
33.4,0.6495936502298032,0.35040634977019686,0,0.6436395704865822,0.8523658961269198
33.5,0.6033918985407941,0.39660810145920594,0,0.6632413136397793,0.8523658961269198
33.6,0.5557830940362609,0.44421690596373903,7.401486830834377e-17,0.6834400187453832,0.8523658961269198
33.7,0.5067243855784593,0.4932756144215408,7.401486830834377e-17,0.7042538660014426,0.8523658961269198
33.8,0.4561716170182148,0.5438283829817852,3.700743415417188e-17,0.7257015892754644,0.8523658961269198
33.9,0.4022321935528653,0.5937157362425673,0.004052070204567298,0.7477995016713503,0.8523658961269198
34,0.34280937444092674,0.6384567347579982,0.01873389080107511,0.7705733869031166,0.8523658961269198
34.1,0.2794110573268506,0.6762724505198429,0.044316492153306554,0.7940408401934208,0.8523658961269198
34.2,0.2138051894417283,0.705533473052711,0.08066133750556073,0.8182229838341739,0.8523658961269198
34.300000000000004,0.1479391622065791,0.7247813652515852,0.12727947254183566,0.8431415833868415,0.8523658961269198
34.4,0.08388905067982753,0.7327855614462464,0.18332538787392608,0.8688190672729172,0.8523658961269198
34.5,0.02380162665233376,0.7285965457582567,0.2476018275894096,0.8952785469610162,0.8523658961269198
34.6,3.700743415417188e-17,0.6978262690700098,0.30217373092999017,0.6231762033728044,0.8523658961269198
34.7,7.401486830834377e-17,0.6530934193091358,0.3469065806908641,0.642154744217432,0.8523658961269198
34.800000000000004,7.401486830834377e-17,0.6069982514563826,0.3930017485436173,0.6617112676786004,0.8523658961269198
34.9,7.401486830834377e-17,0.5594992767491657,0.4405007232508342,0.6818633759475291,0.8523658961269198
35,1.850371707708594e-16,0.5105537429039713,0.4894462570960286,0.7026292072819686,0.8523658961269198
35.1,1.850371707708594e-16,0.46011759563641674,0.539882404363583,0.7240274523318552,0.8523658961269198
35.2,0.003369266121330222,0.40659647219070133,0.5900342616879685,0.7460763646798894,0.8523658961269198
35.300000000000004,0.01721588075031026,0.3475467324429312,0.6352373868067586,0.7687977725778323,0.8523658961269198
35.4,0.041959847813760345,0.2843940876297683,0.6736460645564712,0.7922111503615739,0.8523658961269198
35.5,0.07748905686263338,0.21889080305722836,0.7036201400801383,0.8163375716514197,0.8523658961269198
35.6,0.12334188349322914,0.15297216357059631,0.7236859529361745,0.841198751854959,0.8523658961269198
35.7,0.17870023960633175,0.08870631864131484,0.7325934417523535,0.8668170677123948,0.8523658961269198
35.800000000000004,0.2423935165983196,0.028236805747532064,0.7293696776541484,0.8932155774371233,0.8523658961269198
35.9,0.2988010013800974,7.401486830834377e-17,0.7011989986199025,0.6217452754113019,0.8523658961269198
36,0.34343113623437826,7.401486830834377e-17,0.6565688637656217,0.6406802380117411,0.8523658961269198
36.1,0.389420461045928,7.401486830834377e-17,0.6105795389540721,0.6601918560736036,0.8523658961269198
36.2,0.4368103693114492,0,0.5631896306885508,0.6802976913702188,0.8523658961269198
36.300000000000004,0.4856435151472959,7.401486830834377e-17,0.514356484852704,0.7010158405105379,0.8523658961269198
36.4,0.5359638516810565,7.401486830834377e-17,0.46403614831894346,0.7223649512273048,0.8523658961269198
36.5,0.5863393349129744,0.00275404365047658,0.41090662143654916,0.744362186415809,0.8523658961269198
36.6,0.631991905212454,0.015770639161643486,0.35223745562590253,0.7670313898137947,0.8523658961269198
36.7,0.670980909458613,0.03967916811218107,0.28933992242920603,0.7903909732338685,0.8523658961269198
36.800000000000004,0.7016558526057186,0.07439372174026478,0.22395042565401668,0.8144619618777778,0.8523658961269198
36.9,0.7225282657646199,0.1194798374117471,0.157991896823633,0.8392660212599885,0.8523658961269198
37,0.7323290049291937,0.1741467454835269,0.09352424958727934,0.8648254767081095,0.8523658961269198
37.1,0.7300621262427873,0.23725045444269552,0.03268741931451719,0.8911633334571956,0.8523658961269198
37.2,0.7045876346051884,0.29541236539481175,0,0.6203075989208011,0.8523658961269198
37.300000000000004,0.6600606990805772,0.33993930091942276,7.401486830834377e-17,0.639198777753746,0.8523658961269198
37.4,0.6141777164861869,0.38582228351381304,7.401486830834377e-17,0.6586652786338806,0.8523658961269198
37.5,0.5668973890404881,0.4331026109595119,7.401486830834377e-17,0.6787246227260252,0.8523658961269198
37.6,0.5181771612572619,0.4818228387427382,7.401486830834377e-17,0.6993948647939087,0.8523658961269198
37.7,0.46797318164278917,0.5320268183572108,7.401486830834377e-17,0.7206946094506754,0.8523658961269198
37.800000000000004,0.41521515166772094,0.5825925498276235,0.0021922985046556,0.7426517003663744,0.8523658961269198
37.9,0.3569373356180352,0.628688136466965,0.014374527914999833,0.7652688117090786,0.8523658961269198
38,0.29430606534533055,0.6682524922591231,0.03744144239554641,0.7885747166346107,0.8523658961269198
38.1,0.22904155216821626,0.699625029897028,0.07133341793475576,0.8125903920304495,0.8523658961269198
38.2,0.1630540214169283,0.721302681245982,0.11564329733708978,0.8373374536254043,0.8523658961269198
38.300000000000004,0.09839478602235487,0.7319973811028566,0.1696078328747885,0.8628381754452288,0.8523658961269198
38.4,0.03719981317125008,0.7306902762191408,0.23210991060960917,0.8891155098607476,0.8523658961269198
38.5,0,0.7079661930072484,0.2920338069927516,0.6188741979867621,0.8523658961269198
38.6,3.700743415417188e-17,0.6635421499042069,0.33645785009579315,0.6377217232622926,0.8523658961269198
38.7,3.700743415417188e-17,0.6177651932721322,0.3822348067278678,0.6571432411362661,0.8523658961269198
38.800000000000004,3.700743415417188e-17,0.5705941207600181,0.4294058792399818,0.6771562322857609,0.8523658961269198
38.9,7.401486830834377e-17,0.5219864752184612,0.4780135247815388,0.697778709753729,0.8523658961269198
39,0,0.4718985064853594,0.5281014935146405,0.7190292351619508,0.8523658961269198
39.1,0.0017040906684809656,0.4194819678095618,0.5788139415219573,0.7409252572294649,0.8523658961269198
39.2,0.013054073829143628,0.3616056770147954,0.6253402491560608,0.7634897905512277,0.8523658961269198
39.300000000000004,0.03527922160803661,0.29925247616647915,0.6654683022254841,0.7867415162166994,0.8523658961269198
39.4,0.06834605908162396,0.2341261099294901,0.6975278309888858,0.810701362348369,0.8523658961269198
39.5,0.11187466692120203,0.16812376322422048,0.7200015698545775,0.8353908944249396,0.8523658961269198
39.6,0.16512932618990778,0.10328776089706777,0.7315829129130245,0.8608323346917153,0.8523658961269198
39.7,0.22701988623222313,0.04174967045413963,0.7312304433136373,0.8870485821621215,0.8523658961269198
39.800000000000004,0.28866359819596105,3.700743415417188e-17,0.7113364018040389,0.6174443394902269,0.8523658961269198
39.9,0.3329850031607704,1.1102230246251565e-16,0.6670149968392295,0.6362483190916258,0.8523658961269198
40,0.37865619585794724,1.1102230246251565e-16,0.6213438041420528,0.6556249651282567,0.8523658961269198
40.1,0.42571828344381674,1.1102230246251565e-16,0.5742817165561832,0.6755917178895148,0.8523658961269198
40.2,0.47421362497399255,1.4802973661668753e-16,0.5257863750260073,0.6961665488006816,0.8523658961269198
40.300000000000004,0.5241858695293855,1.1102230246251565e-16,0.47581413047061444,0.7173679765984203,0.8523658961269198
40.4,0.57501131288483,0.0012741336801067556,0.4237145534350633,0.7392134992804672,0.8523658961269198
40.5,0.6219584981297284,0.011793793329882587,0.36624770854038907,0.7617259018118404,0.8523658961269198
40.6,0.6626408720555146,0.03317730469318822,0.3041818232512972,0.7849239090680026,0.8523658961269198
40.7,0.6953788091937276,0.06541722695701108,0.23920396384926124,0.8088284008212486,0.8523658961269198
40.800000000000004,0.7186411681952147,0.10816081715962789,0.17319801464515744,0.833460892727604,0.8523658961269198
40.9,0.7311031086078468,0.16069988239319344,0.1081970089989598,0.8588435556923701,0.8523658961269198
41,0.7317009299214211,0.22197129498089035,0.04632777509768847,0.8849992358254337,0.8523658961269198
41.1,0.7146840705553456,0.2853159294446544,3.700743415417188e-17,0.6160240439250978,0.8523658961269198
41.2,0.670464617282188,0.329535382717812,7.401486830834377e-17,0.6347847690869846,0.8523658961269198
41.300000000000004,0.6248984811679179,0.375101518832082,7.401486830834377e-17,0.6541168433903063,0.8523658961269198
41.4,0.5779446496142262,0.4220553503857737,1.4802973661668753e-16,0.67403766700689,0.8523658961269198
41.5,0.529560861003236,0.47043913899676393,1.850371707708594e-16,0.6945651700226865,0.8523658961269198
41.6,0.4797035666591934,0.5202964333408064,1.850371707708594e-16,0.7157178285760581,0.8523658961269198
41.7,0.4278923695486359,0.5711984085956234,0.000909221855740732,0.7375116374174115,0.8523658961269198
41.800000000000004,0.3708418697406563,0.6185540322249897,0.010604098034354033,0.7599722105390792,0.8523658961269198
41.9,0.3090721463678614,0.6597782400953198,0.031149613536818603,0.7831168099450243,0.8523658961269198
42,0.24425342673974873,0.693182444695442,0.0625641285648093,0.8069662673368706,0.8523658961269198
42.1,0.17825606729003954,0.7172220359569548,0.10452189675300569,0.831542048836005,0.8523658961269198
42.2,0.11310351904128584,0.7305543471737862,0.156342133784928,0.8568662743045341,0.8523658961269198
42.300000000000004,0.050917521733850446,0.7320937908236861,0.2169886874424635,0.8829617372546538,0.8523658961269198
42.4,0,0.7180178667232039,0.2819821332767961,0.6146096339986661,0.8523658961269198
42.5,3.700743415417188e-17,0.6738999426586343,0.32610005734136566,0.6333272839654241,0.8523658961269198
42.6,3.700743415417188e-17,0.6284384277776827,0.3715615722223173,0.6526149712386246,0.8523658961269198
42.7,7.401486830834377e-17,0.5815924036482116,0.4184075963517883,0.672490056038771,0.8523658961269198
42.800000000000004,7.401486830834377e-17,0.5333197056863035,0.4666802943136966,0.6929704272837924,0.8523658961269198
42.9,7.401486830834377e-17,0.4835768852052873,0.5164231147947127,0.7140745186902753,0.8523658961269198
43,0.0006029867246557128,0.43202791645155253,0.5673690968237918,0.7358251045668762,0.8523658961269198
43.1,0.009476613342394719,0.3754008246124367,0.6151225620451687,0.7582343151167698,0.8523658961269198
43.2,0.029185909367239995,0.3139358810729195,0.6568782095598406,0.7813259877277596,0.8523658961269198
43.300000000000004,0.059774870911276506,0.24928629658978374,0.6909388324989397,0.805120906463783,0.8523658961269198
43.4,0.1009446339621171,0.18330866740455468,0.7157466986333283,0.8296404883577546,0.8523658961269198
43.5,0.152041766185859,0.11801657914766976,0.7299416546664713,0.8549068026883435,0.8523658961269198
43.6,0.2120570972110339,0.05552635517185077,0.7324165476171154,0.8809425908438128,0.8523658961269198
43.7,0.2786338696106941,0,0.7213661303893059,0.6131890860325654,0.8523658961269198
43.800000000000004,0.3226498238657591,3.700743415417188e-17,0.6773501761342409,0.6318634738730573,0.8523658961269198
43.9,0.36800626349418053,3.700743415417188e-17,0.6319937365058196,0.6511065814920983,0.8523658961269198
44,0.4147440123532753,7.401486830834377e-17,0.5852559876467246,0.670935728985494,0.8523658961269198
44.1,0.46290513757190943,1.1102230246251565e-16,0.5370948624280905,0.6913687639244964,0.8523658961269198
44.2,0.5125329874137531,1.4802973661668753e-16,0.48746701258624675,0.7124240774198216,0.8523658961269198
44.300000000000004,0.5634866806664757,0.00036153506881653094,0.4361517842647078,0.7341214914048344,0.8523658961269198
44.4,0.611629349202241,0.008410638853771354,0.37996001194398765,0.7564788192100281,0.8523658961269198
44.5,0.6539092251106344,0.027278285916831627,0.318812488972534,0.779517029011514,0.8523658961269198
44.6,0.6886207994650132,0.057034147409408105,0.2543450531255787,0.8032568567530918,0.8523658961269198
44.7,0.7141934993895157,0.0974063504673986,0.1884001501430855,0.8277196698820631,0.8523658961269198
44.800000000000004,0.7292499195703865,0.14776899405343308,0.12298108637618049,0.8529274865813768,0.8523658961269198
44.9,0.7326615188462228,0.20714013814016125,0.06019834301361603,0.8789029955874795,0.8523658961269198
45,0.7235998559850213,0.27419097774122075,0.002209166273757948,0.9056695766117092,0.8523658961269198
45.1,0.6807961491158601,0.31920385088414,0,0.6304014713552042,0.8523658961269198
45.2,0.6355446549886102,0.3644553450113898,0,0.6496000543689252,0.8523658961269198
45.300000000000004,0.5889150476970157,0.4110849523029843,0,0.6693833212808965,0.8523658961269198
45.4,0.5408653574469211,0.4591346425530789,0,0.6897690783667495,0.8523658961269198
45.5,0.49135233627365005,0.50864766372635,0,0.7107756741839413,0.8523658961269198
45.6,0.4402418962084116,0.5595755819570722,0.00018252183451611517,0.7324191276579561,0.8523658961269198
45.7,0.3844942785664538,0.6080971596305238,0.007408561803022461,0.7547246107688064,0.8523658961269198
45.800000000000004,0.32367434923833793,0.6508915712528207,0.025434079508841304,0.7777093969699506,0.8523658961269198
45.9,0.25940033261315787,0.686245350911423,0.05435431647541914,0.8013941741203423,0.8523658961269198
46,0.19350023379772277,0.7125754214269527,0.09392434477532452,0.825800260118035,0.8523658961269198
46.1,0.12796674614601372,0.7284874418596469,0.14354581199433952,0.8509496220877308,0.8523658961269198
46.2,0.06490413928370248,0.7328317680235872,0.20226409269271015,0.8768648961526739,0.8523658961269198
46.300000000000004,0.006468318773136203,0.7247551008807415,0.2687765803461224,0.9035694078086901,0.8523658961269198
46.4,3.700743415417188e-17,0.6842191565240017,0.3157808434759983,0.6289492123049949,0.8523658961269198
46.5,3.700743415417188e-17,0.6390719084920863,0.3609280915079138,0.648103567446162,0.8523658961269198
46.6,3.700743415417188e-17,0.5925497220620759,0.4074502779379241,0.667841259546333,0.8523658961269198
46.7,7.401486830834377e-17,0.5446107241258419,0.4553892758741582,0.6881800538607323,0.8523658961269198
46.800000000000004,1.1102230246251565e-16,0.49521176634926223,0.5047882336507377,0.7091382566771527,0.8523658961269198
46.9,0.00006405826219974915,0.44427672205713226,0.5556592196806679,0.7307321279987545,0.8523658961269198
47,0.0064730737180412464,0.3889791756906336,0.6045477505913253,0.75298623432139,0.8523658961269198
47.1,0.02366075969432367,0.3284946906326486,0.6478445496730278,0.7759180790781838,0.8523658961269198
47.2,0.05174768387784539,0.26442374811328867,0.6838285680088659,0.7995483024772161,0.8523658961269198
47.300000000000004,0.0905156670476011,0.19857971749839934,0.7109046154539996,0.8238981733144827,0.8523658961269198
47.4,0.13939376636057962,0.13294442085934022,0.7276618127800801,0.8489896081172463,0.8523658961269198
47.5,0.19745459704351861,0.0696155990930253,0.7329298038634561,0.8748451908703917,0.8523658961269198
47.6,0.26342174861937784,0.010747447493378429,0.7258308038872437,0.9014881933435351,0.8523658961269198
47.7,0.31236977345399175,0,0.6876302265460084,0.6275020178587972,0.8523658961269198
47.800000000000004,0.35741313893810417,0,0.6425868610618959,0.6466122993675651,0.8523658961269198
47.9,0.4038282791257323,3.700743415417188e-17,0.5961717208742676,0.6663045755934028,0.8523658961269198
48,0.45165697077616096,3.700743415417188e-17,0.548343029223839,0.6865965709141818,0.8523658961269198
48.1,0.5009422629404088,0,0.49905773705959117,0.7075065494954418,0.8523658961269198
48.2,0.5517256348423517,0.000005761731857759842,0.44826860342579056,0.7290534160865375,0.8523658961269198
48.300000000000004,0.6009702878989784,0.005601294659834987,0.39342841744118656,0.7512563980204288,0.8523658961269198
48.4,0.6447588646852274,0.021952886267838277,0.3332882490469344,0.7741355614190513,0.8523658961269198
48.5,0.6813630839737698,0.049206263628947935,0.26943065239728214,0.7977114990737069,0.8523658961269198
48.6,0.7091759968640401,0.08716988175798385,0.20365412137797612,0.8220054309195577,0.8523658961269198
48.7,0.726770532530943,0.13530015208949492,0.1379293153795619,0.8470392231349982,0.8523658961269198
48.800000000000004,0.7329559506098664,0.19269693981565914,0.07434710957447441,0.8728354078226935,0.8523658961269198
48.9,0.7268302776232644,0.2581101080970654,0.015059614279670262,0.8994172032899928,0.8523658961269198
49,0.6910495212715978,0.30895047872840214,7.401486830834377e-17,0.6260513339663931,0.8523658961269198
49.1,0.6461102888148027,0.3538897111851972,7.401486830834377e-17,0.6451174355733041,0.8523658961269198
49.2,0.599802452977308,0.40019754702269184,1.850371707708594e-16,0.6647641864189635,0.8523658961269198
49.300000000000004,0.5520843335809874,0.4479156664190123,2.2204460492503128e-16,0.685009269905328,0.8523658961269198
49.4,0.5029129810973147,0.497087018902685,2.2204460492503128e-16,0.7058709079741192,0.8523658961269198
49.5,0.4522441379898888,0.5477558620101111,2.2204460492503128e-16,0.7273678775078022,0.8523658961269198
49.6,0.3978675174249728,0.5973440836445617,0.004788398930465554,0.7495245582065961,0.8523658961269198
49.7,0.33808254808712296,0.6416166280297038,0.020300823883173308,0.772350979230997,0.8523658961269198
49.800000000000004,0.27444982910425314,0.6788345515172955,0.04671561937845135,0.7958725682670106,0.8523658961269198
49.9,0.2087526527439976,0.7073794340264803,0.08386791322952215,0.8201104963323727,0.8523658961269198
50,0.14295015914262274,0.7258082676418127,0.13124157321556437,0.8450865791982968,0.8523658961269198
50.1,0.07912598018330966,0.7329101390660838,0.18796388075060658,0.8708232970251382,0.8523658961269198
50.2,0.019429753344868014,0.727759044888219,0.2528112017669131,0.8973438145960563,0.8523658961269198
50.300000000000004,0,0.6944690482913354,0.30553095170866457,0.6246005515199291,0.8523658961269198
50.4,3.700743415417188e-17,0.6496339559362678,0.3503660440637322,0.6436224702235651,0.8523658961269198
50.5,7.401486830834377e-17,0.6034334317387647,0.39656656826123526,0.6632236925962215,0.8523658961269198
50.6,0,0.5558258921084195,0.4441741078915805,0.6834218610611563,0.8523658961269198
50.7,0,0.5067684870459594,0.49323151295404055,0.7042351553334047,0.8523658961269198
50.800000000000004,0,0.4562170615753543,0.5437829384246456,0.7256823087827516,0.8523658961269198
50.9,0.004043829364562272,0.4022825956947048,0.5936735749407329,0.7477797099263399,0.8523658961269198
51,0.018716035426877674,0.34286401234427893,0.6384199522288434,0.770552992409738,0.8523658961269198
51.1,0.044288994871787,0.2794684574032561,0.676242547724957,0.7940198245952532,0.8523658961269198
51.2,0.08062447551558437,0.21386369924369616,0.7055118252407195,0.8182013282157607,0.8523658961269198
51.300000000000004,0.12723383764302396,0.14799699185575219,0.7247691705012239,0.8431192682566644,0.8523658961269198
51.4,0.18327188712261225,0.08394432122226342,0.7327837916551243,0.8687960725458531,0.8523658961269198
51.5,0.24754167398137125,0.02385242423329785,0.7286059017853307,0.8952548519402586,0.8523658961269198
51.6,0.302134129350238,0,0.697865870649762,0.6231594018454514,0.8523658961269198
51.7,0.34686577306345673,0,0.6531342269365432,0.642137431007394,0.8523658961269198
51.800000000000004,0.39295969813893555,0,0.6070403018610645,0.6616934272028193,0.8523658961269198
51.9,0.4404573922206754,3.700743415417188e-17,0.5595426077793245,0.6818449921483726,0.8523658961269198
52,0.48940160643954045,7.401486830834377e-17,0.5105983935604596,0.7026102636127766,0.8523658961269198
52.1,0.539836393892161,7.401486830834377e-17,0.4601636061078389,0.7240079317420466,0.8523658961269198
52.2,0.5899911823899525,0.003361547976761408,0.4066472696332861,0.7460565342901055,0.8523658961269198
52.300000000000004,0.6351996594162337,0.017198421277319468,0.34760191930644674,0.7687773382627716,0.8523658961269198
52.4,0.6736152183862658,0.04193259922333124,0.2844521823904029,0.7921900937289738,0.8523658961269198
52.5,0.7035975804360568,0.0774522793512652,0.21895014021267797,0.8163158737488897,0.8523658961269198
52.6,0.7236729088108271,0.12329615602284003,0.1530309351663329,0.8411763931529219,0.8523658961269198
52.7,0.7325909158849495,0.17864646122551794,0.0887626228895326,0.8667940280865097,0.8523658961269198
52.800000000000004,0.7293784006888516,0.24233289767811386,0.02828870163303452,0.893191836150172,0.8523658961269198
52.9,0.7012393385785006,0.2987606614214994,0,0.6217281606163355,0.8523658961269198
53,0.6566104322588586,0.3433895677411413,0,0.6406626019936703,0.8523658961269198
53.1,0.6106223733963977,0.38937762660360226,3.700743415417188e-17,0.6601736829588216,0.8523658961269198
53.2,0.5632337696338546,0.4367662303661455,7.401486830834377e-17,0.6802789648016955,0.8523658961269198
53.300000000000004,0.5144019680290163,0.48559803197098367,7.401486830834377e-17,0.7009965436330978,0.8523658961269198
53.4,0.46408301666419316,0.535916983335807,7.401486830834377e-17,0.7223450666724555,0.8523658961269198
53.5,0.4109579980587639,0.58629486293921,0.0027471390020259823,0.7443415074968733,0.8523658961269198
53.6,0.3522934565787822,0.63195274018076,0.015753803240457807,0.7670100811280225,0.8523658961269198
53.7,0.28939905485628575,0.6709486235664127,0.03965232157730154,0.7903690156020041,0.8523658961269198
53.800000000000004,0.22401100491788606,0.7016318967613422,0.07435709832077174,0.8144393355364706,0.8523658961269198
53.9,0.15805208815753194,0.7225139160006868,0.11943399584178122,0.8392427058440042,0.8523658961269198
54,0.09358211709097984,0.7323253110571204,0.17409257185189975,0.8648014512320004,0.8523658961269198
54.1,0.03274098119233513,0.7300698645179361,0.23718915428972867,0.8911385762964116,0.8523658961269198
54.2,3.700743415417188e-17,0.7046279716187667,0.29537202838123333,0.6202904853753005,0.8523658961269198
54.300000000000004,1.1102230246251565e-16,0.6601022645391053,0.3398977354608947,0.639181143023193,0.8523658961269198
54.4,1.4802973661668753e-16,0.6142205478013828,0.3857794521986171,0.6586471068458273,0.8523658961269198
54.5,1.4802973661668753e-16,0.5669415247634269,0.43305847523657304,0.6787058975246354,0.8523658961269198
54.6,1.1102230246251564e-16,0.5182226411130731,0.48177735888692663,0.6993755693252375,0.8523658961269198
54.7,1.4802973661668753e-16,0.4680200465664136,0.5319799534335863,0.7206747263474985,0.8523658961269198
54.800000000000004,0.002186353763939759,0.41526614120640104,0.5825475050296592,0.7426305557380373,0.8523658961269198
54.9,0.014358647290852152,0.35699310081960384,0.628648251889544,0.7652470231309425,0.8523658961269198
55,0.03741551591793158,0.294365130199568,0.6682193538825004,0.7885522644954843,0.8523658961269198
55.1,0.0712976479290343,0.22910224458366535,0.6996001074873004,0.8125672561218922,0.8523658961269198
55.2,0.11559821130864267,0.16311451420806675,0.7212872744832906,0.8373136131235365,0.8523658961269198
55.300000000000004,0.16955428686139404,0.09845314535766646,0.7319925677809395,0.8628136088919897,0.8523658961269198
55.4,0.23204908230564705,0.03725405340465056,0.7306968642897024,0.8890901951445811,0.8523658961269198
55.5,0.29199347292397876,0,0.7080065270760212,0.6188570856906369,0.8523658961269198
55.6,0.33641628767175336,0,0.6635837123282468,0.6377040898191639,0.8523658961269198
55.7,0.3821919785395739,7.401486830834377e-17,0.617808021460426,0.6571250706748448,0.8523658961269198
55.800000000000004,0.4293617467391732,7.401486830834377e-17,0.5706382532608268,0.6771375084514054,0.8523658961269198
55.9,0.4779680482459857,7.401486830834377e-17,0.5220319517540143,0.6977594156937245,0.8523658961269198
56,0.5280546320123912,1.1102230246251564e-16,0.47194536798760856,0.7190093535103403,0.8523658961269198
56.1,0.5787687109977521,0.0016984665492199916,0.419532822453028,0.7409050105972617,0.8523658961269198
56.2,0.6253001293551808,0.013038513435661635,0.3616613572091576,0.7634689273172783,0.8523658961269198
56.300000000000004,0.6654348835390639,0.03525360477435559,0.29931151168658054,0.7867200176026861,0.8523658961269198
56.4,0.6975025892987732,0.06831057764295616,0.2341868330582706,0.8106792090040879,0.8523658961269198
56.5,0.7199858125727,0.11182983791358962,0.16818434951371045,0.8353680664108853,0.8523658961269198
56.6,0.7315777270352793,0.16507599553643393,0.10334627742828684,0.8608088114611343,0.8523658961269198
56.7,0.7312366472628883,0.22695922221042777,0.04180413052668394,0.8870243425425186,0.8523658961269198
56.800000000000004,0.7113772381469462,0.28862276185305386,0,0.6174270140972339,0.8523658961269198
56.9,0.6670570768339285,0.3329429231660715,0,0.6362304660618637,0.8523658961269198
57,0.6213871656633791,0.3786128343366209,3.700743415417188e-17,0.6556065683927934,0.8523658961269198
57.1,0.5743263986324331,0.4256736013675669,3.700743415417188e-17,0.6755727608900467,0.8523658961269198
57.2,0.5258324178740655,0.47416758212593446,7.401486830834377e-17,0.6961470144746296,0.8523658961269198
57.300000000000004,0.47586157553215225,0.5241384244678479,7.401486830834377e-17,0.7173478473635722,0.8523658961269198
57.4,0.42376563266468703,0.5749649541883042,0.0012694131470087754,0.7391925257136972,0.8523658961269198
57.5,0.3663038250160837,0.6219171635744202,0.01177901140949618,0.7617042895048713,0.8523658961269198
57.6,0.3042415059804044,0.6626061852639675,0.03315230875562796,0.7849016385682996,0.8523658961269198
57.7,0.23926553759987287,0.6953522830287409,0.06538217937138631,0.8088054520838582,0.8523658961269198
57.800000000000004,0.17325964052857679,0.7186241498564087,0.1081162096150146,0.8334372450971144,0.8523658961269198
57.9,0.10825673276002268,0.7310967265952996,0.1606465406446778,0.8588191878843173,0.8523658961269198
58,0.04638358205567978,0.731706044666472,0.22191037327784816,0.8849741259071457,0.8523658961269198
58.1,0,0.7147254154271319,0.28527458457286814,0.6160065027815734,0.8523658961269198
58.2,0,0.670507221292776,0.32949277870722404,0.6347666937361093,0.8523658961269198
58.300000000000004,0,0.624942382663793,0.37505761733620707,0.654098217563044,0.8523658961269198
58.4,0,0.5779898881096981,0.4220101118903019,0.6740184739387389,0.8523658961269198
58.5,3.700743415417188e-17,0.5296074772160042,0.47039252278399585,0.6945453924385899,0.8523658961269198
58.6,3.700743415417188e-17,0.4797516025469963,0.5202483974530038,0.7156974486748551,0.8523658961269198
58.7,0.0009051005188724663,0.42794380037400026,0.5711510991071274,0.737490614791146,0.8523658961269198
58.800000000000004,0.010589790784790849,0.3708985020206349,0.6185117071945743,0.7599505476785307,0.8523658961269198
58.9,0.03112494496705399,0.3091325028799256,0.6597425521530205,0.7830944873521559,0.8523658961269198
59,0.06252924153676122,0.24431582061886584,0.6931549378443729,0.8069432649198424,0.8523658961269198
59.1,0.10447726754084649,0.17831864264653008,0.7172040898126234,0.8315183458910894,0.8523658961269198
59.2,0.1562885775638176,0.1131642994592317,0.7305471229769508,0.8568418494974805,0.8523658961269198
59.300000000000004,0.2169273533518671,0.05097446559686157,0.7320981810512713,0.8829365686014871,0.8523658961269198
59.4,0.2819400158451679,0,0.7180599841548321,0.6145917650857599,0.8523658961269198
59.5,0.326056657242986,7.401486830834377e-17,0.6739433427570141,0.6333088708631032,0.8523658961269198
59.6,0.371516850394168,7.401486830834377e-17,0.628483149605832,0.6525959973738538,0.8523658961269198
59.7,0.4183615125412053,1.4802973661668753e-16,0.5816384874587945,0.6724705043337913,0.8523658961269198
59.800000000000004,0.46663280704213944,1.850371707708594e-16,0.5333671929578604,0.6929502801407493,0.8523658961269198
59.9,0.5163741813204316,1.850371707708594e-16,0.4836258186795682,0.7140537579753803,0.8523658961269198
60,0.5673203446773112,0.0005997948104752238,0.4320798605122136,0.7358031895931494,0.8523658961269198
60.1,0.6150787299923939,0.009463048950924932,0.37545822105668125,0.7582117327327333,0.8523658961269198
60.2,0.6568409941196555,0.029161761958388047,0.3139972439219566,0.7813027176077443,0.8523658961269198
60.300000000000004,0.6909098249276248,0.059740253083865436,0.24934992198850983,0.8050969276631099,0.8523658961269198
60.4,0.7157273278709669,0.10089999785910159,0.1833726742699313,0.8296157792938852,0.8523658961269198
60.5,0.7299331319111559,0.15198791012873497,0.11807895796010913,0.8548813411214522,0.8523658961269198
60.6,0.7324198143881497,0.2119951617485133,0.05558502386333689,0.8809163538567705,0.8523658961269198
60.7,0.7214082447461491,0.2785917552538508,0,0.6131712184241798,0.8523658961269198
60.800000000000004,0.6773935730641947,0.3226064269358054,3.700743415417188e-17,0.6318450621149855,0.8523658961269198
60.9,0.6320384550690501,0.36796154493095,3.700743415417188e-17,0.6510876090125153,0.8523658961269198
61,0.5853020680929574,0.4146979319070426,7.401486830834377e-17,0.6709161787078873,0.8523658961269198
61.1,0.5371423462328377,0.4628576537671623,7.401486830834377e-17,0.6913486182522965,0.8523658961269198
61.2,0.48751594248813807,0.512484057511862,7.401486830834377e-17,0.7124033182205636,0.8523658961269198
61.300000000000004,0.4362035718123983,0.5634377491200584,0.00035867906754324637,0.7341005148508483,0.8523658961269198
61.4,0.3800173023574231,0.611585284563098,0.008397413079478932,0.7564572038248688,0.8523658961269198
61.5,0.31887380276251837,0.6538717279966365,0.02725446924084517,0.7794947553398761,0.8523658961269198
61.6,0.25440869151825235,0.6885914670441038,0.056999841437643854,0.8032339047471674,0.8523658961269198
61.7,0.1884642354798151,0.7141737682504296,0.09736199626975546,0.8276960188834979,0.8523658961269198
61.800000000000004,0.12304361069371755,0.7292410101613135,0.14771537914496896,0.8529031153026752,0.8523658961269198
61.9,0.060257223767269705,0.7326643833432201,0.2070783928895102,0.8788778820928452,0.8523658961269198
62,0.002262307875292983,0.7236151314581589,0.2741225606665481,0.9056436982973028,0.8523658961269198
62.1,7.401486830834377e-17,0.6808400864613005,0.31915991353869955,0.6303828303182591,0.8523658961269198
62.2,7.401486830834377e-17,0.6355899304254293,0.3644100695745708,0.6495808456278875,0.8523658961269198
62.300000000000004,7.401486830834377e-17,0.5889617019761625,0.4110382980238374,0.6693635275466026,0.8523658961269198
62.4,1.1102230246251565e-16,0.5409134325603964,0.4590865674396037,0.6897486818235025,0.8523658961269198
62.5,1.1102230246251565e-16,0.4914018754923009,0.508598124507699,0.7107546564734755,0.8523658961269198
62.6,0.00018065038396295442,0.44029385432418205,0.559525495291855,0.7323973963470002,0.8523658961269198
62.7,0.007396199459469691,0.38455196149513726,0.6080518390453931,0.7547022176409056,0.8523658961269198
62.800000000000004,0.025410970228038576,0.3237362787473668,0.6508527510245946,0.7776863218697784,0.8523658961269198
62.9,0.05432052974494734,0.2594648041731814,0.6862146660818712,0.8013703962787507,0.8523658961269198
63,0.0938802935371632,0.19356535673170894,0.712554349731128,0.8257757581333621,0.8523658961269198
63.1,0.14349226076624944,0.12803049217380988,0.7284772470599408,0.8509243739065367,0.8523658961269198
63.2,0.20220215502439406,0.06496439843923786,0.7328334465363681,0.8768388790498911,0.8523658961269198
63.300000000000004,0.26870770503146446,0.006522961374014007,0.7247693335945214,0.9035425983671701,0.8523658961269198
63.4,0.31573635898535785,0,0.6842636410146422,0.6289303391340013,0.8523658961269198
63.5,0.36088225226284265,0,0.6391177477371573,0.6480841195015414,0.8523658961269198
63.6,0.4074030426800076,7.401486830834377e-17,0.5925969573199922,0.6678212193236225,0.8523658961269198
63.7,0.4553406020884756,1.850371707708594e-16,0.5446593979115242,0.6881594033223788,0.8523658961269198
63.800000000000004,0.5047380775275965,2.2204460492503128e-16,0.4952619224724033,0.7091169772362778,0.8523658961269198
63.9,0.5556081493491938,0.00006285238895235505,0.44432899826185374,0.7307103501760651,0.8523658961269198
64,0.6045013959208897,0.006461253489366214,0.38903735058974415,0.7529637932652624,0.8523658961269198
64.1,0.6478046746692996,0.023638044211793215,0.32855728111890703,0.775894954590153,0.8523658961269198
64.2,0.6837968399379961,0.05171412094908213,0.2644890391129217,0.7995244737436819,0.8523658961269198
64.3,0.7108825459016959,0.0904716519937671,0.19864580210453706,0.8238736188879766,0.8523658961269198
64.4,0.7276507000109971,0.13934005094846924,0.13300924904053374,0.8489643058971272,0.8523658961269198
64.5,0.7329306783921989,0.19739228764787392,0.06967703395992716,0.8748191180829537,0.8523658961269198
64.6,0.7258443791884595,0.2633522930078342,0.01080332780370629,0.9014613265215098,0.8523658961269198
64.7,0.6876755422626155,0.3123244577373846,0,0.6274827920284929,0.8523658961269198
64.8,0.642633556847533,0.35736644315246696,0,0.6465924880235591,0.8523658961269198
64.9,0.5962198387582941,0.40378016124170596,3.700743415417188e-17,0.666284160904148,0.8523658961269198
65,0.5483926125155982,0.4516073874844017,1.1102230246251565e-16,0.6865755345050798,0.8523658961269198
65.1,0.49910883038739284,0.5008911696126072,1.1102230246251565e-16,0.7074848724323045,0.8523658961269198
65.2,0.4483213405259974,0.5516730732399828,0.0000055862340197776015,0.7290307132031323,0.8523658961269198
65.3,0.39348731871286713,0.6009223611450778,0.005590320142054917,0.7512330037312926,0.8523658961269198
65.4,0.33335182472660274,0.6447173817238073,0.02193079354959001,0.7741114546677448,0.8523658961269198
65.5,0.2694971721221589,0.6813297609276632,0.04917306695017796,0.797686658162527,0.8523658961269198
65.6,0.20372165427124322,0.7091523967843911,0.08712594894436548,0.8219798334900076,0.8523658961269198
65.7,0.13799577898346088,0.7267580062831707,0.13524621473336848,0.8470128461476634,0.8523658961269198
65.8,0.07441032662405918,0.7329555808440675,0.19263409253187339,0.8728082275365056,0.8523658961269198
65.9,0.015117375998702404,0.7268428277995059,0.25803979620179174,0.8993891952408587,0.8523658961269198
66,3.700743415417188e-17,0.6910948336799295,0.3089051663200705,0.6260321095396714,0.8523658961269198
66.1,3.700743415417188e-17,0.6461569811914125,0.3538430188085875,0.645097625675626,0.8523658961269198
66.2,0,0.5998505673484869,0.4001494326515132,0.6647437732200842,0.8523658961269198
66.3,0,0.552133913252917,0.447866086747083,0.6849882350319902,0.8523658961269198
66.4,0,0.5029640706950466,0.4970359293049535,0.7058492324935174,0.8523658961269198
66.5,1.4802973661668753e-16,0.45229678349750946,0.5477032165024904,0.7273455419105398,0.8523658961269198
66.6,0.004777781461200092,0.39792629025080356,0.5972959282879964,0.7495021744859984,0.8523658961269198
66.7,0.020279083312956896,0.3381460534369886,0.6415748632500544,0.7723279138246226,0.8523658961269198
66.8,0.04668275845860397,0.2745163424430196,0.6788008990983765,0.7958488004144367,0.8523658961269198
66.9,0.08382428810725592,0.20882024735175184,0.7073554645409923,0.8200860046409282,0.8523658961269198
67,0.13118790397413788,0.14301675481241832,0.7257953412134437,0.8450613416238063,0.8523658961269198
67.1,0.18790125104121472,0.07918939980556017,0.7329093491532251,0.8707972908520808,0.8523658961269198
67.2,0.2527410468694762,0.019487786068730546,0.7277711670617932,0.8973170164171211,0.8523658961269198
67.3,0.30548507503168,0,0.69451492496832,0.6245810876942925,0.8523658961269198
67.4,0.35031877023393065,3.700743415417188e-17,0.6496812297660693,0.6436024136361899,0.8523658961269198
67.5,0.3965178547289789,3.700743415417188e-17,0.6034821452710212,0.6632030251948252,0.8523658961269198
67.6,0.44412391081140196,7.401486830834377e-17,0.555876089188598,0.6834005642436821,0.8523658961269198
67.7,0.49317978714517924,7.401486830834377e-17,0.5068202128548207,0.7042132099312797,0.8523658961269198
67.8,0.5437296373303822,7.401486830834377e-17,0.4562703626696178,0.7256596950436323,0.8523658961269198
67.9,0.5936241247168822,0.004034163833251933,0.40234171144986586,0.7477565189759476,0.8523658961269198
68,0.6383768106696085,0.018695093183337223,0.3429280961470543,0.7705290951897622,0.8523658961269198
68.1,0.6762074752808782,0.04425674381057057,0.27953578090855125,0.7939951995965827,0.8523658961269198
68.2,0.7054864349158889,0.08058124075819778,0.2139323243259132,0.8181759532742348,0.8523658961269198
68.3,0.7247548675003931,0.1271803133004763,0.14806481919913067,0.8430931205331235,0.8523658961269198
68.4,0.7327817158993163,0.18320913706477412,0.08400914703590953,0.8687691285055804,0.8523658961269198
68.5,0.7286168752992648,0.24747112090892143,0.0239120037918137,0.8952270873317995,0.8523658961269198
68.60000000000001,0.6979123186221529,0.30208768137784725,7.401486830834377e-17,0.6231396956397013,0.8523658961269198
68.7,0.653182089460286,0.3468179105397139,1.1102230246251565e-16,0.6421171246583317,0.8523658961269198
68.8,0.6070896220156619,0.3929103779843382,0,0.6616725024333604,0.8523658961269198
68.9,0.5595934299562447,0.4404065700437552,3.700743415417188e-17,0.6818234301248118,0.8523658961269198
69,0.5106507635030925,0.48934923649690754,7.401486830834377e-17,0.7025880449278369,0.8523658961269198
69.10000000000001,0.460217570952668,0.5397824290473319,7.401486830834377e-17,0.723985036397412,0.8523658961269198
69.2,0.40670684902949905,0.5899406554650825,0.003352495505418532,0.7460332986432597,0.8523658961269198
69.3,0.3476666469746098,0.6351554096462886,0.0171779433791016,0.7687533949851324,0.8523658961269198
69.4,0.2845203206781913,0.6735790394744383,0.041900639847370434,0.7921654212699754,0.8523658961269198
69.5,0.21901973568274158,0.7035711206399571,0.07740914367730142,0.8162904499016537,0.8523658961269198
69.60000000000001,0.1530998673016986,0.723657609593528,0.12324252310477345,0.8411501950342697,0.8523658961269198
69.7,0.08882866111788362,0.7325879533410262,0.17858338554109013,0.8667670321163669,0.8523658961269198
69.8,0.02834956937296128,0.7293886317775509,0.24226179884948795,0.893164018030343,0.8523658961269198
69.9,0,0.7012866525820067,0.2987133474179934,0.621708086984701,0.8523658961269198
70,0,0.656659187188291,0.34334081281170914,0.6406419170289397,0.8523658961269198
70.10000000000001,0,0.6106726131344837,0.38932738686551627,0.6601523680431303,0.8523658961269198
70.2,3.700743415417188e-17,0.5632855393997499,0.43671446060025004,0.6802570007501805,0.8523658961269198
70.3,7.401486830834377e-17,0.5144553144190049,0.4855446855809951,0.7009739106766302,0.8523658961269198
70.4,0,0.46413798769362685,0.5358620123063731,0.7223217444398464,0.8523658961269198
70.5,0.002739040665479572,0.41101825676422765,0.5862427025702929,0.744317277515076,0.8523658961269198
70.60000000000001,0.01573405669480718,0.3523591390775489,0.631906804227644,0.7669851132334244,0.8523658961269198
70.7,0.03962083376497953,0.2894684102041684,0.6709107560308522,0.7903432873218155,0.8523658961269198
70.8,0.07431414337836449,0.22408205723431576,0.7016037993873198,0.8144128237135023,0.8523658961269198
70.9,0.1193802290983969,0.15812268547795705,0.722497085423646,0.8392153866158262,0.8523658961269198
71,0.17402903258498445,0.09364998883324437,0.7323209785817713,0.8647733000094631,0.8523658961269198
71.10000000000001,0.23711725645559228,0.03280380294433762,0.7300789406000701,0.8911095677415143,0.8523658961269198
71.2,0.2953247178318879,7.401486830834377e-17,0.704675282168112,0.6202704132091422,0.8523658961269198
71.3,0.339848984090818,1.850371707708594e-16,0.6601510159091819,0.6391604595685688,0.8523658961269198
71.4,0.38572921612828504,1.1102230246251564e-16,0.6142707838717147,0.6586257934862321,0.8523658961269198
71.5,0.43300670925013146,1.850371707708594e-16,0.5669932907498684,0.6786839350766067,0.8523658961269198
71.60000000000001,0.48172401639149326,1.850371707708594e-16,0.5182759836085065,0.6993529380210896,0.8523658961269198
71.7,0.5319249864173146,2.2204460492503128e-16,0.4680750135826852,0.7206514058175301,0.8523658961269198
71.8,0.5824946728056594,0.0021793812857111494,0.41532594590862953,0.7426057795523104,0.8523658961269198
71.9,0.6286014719943356,0.014340021195717007,0.35705850680994744,0.7652214923980292,0.8523658961269198
72,0.6681804864834698,0.037385107224036214,0.29443440629249384,0.7885259562360013,0.8523658961269198
72.10000000000001,0.6995708764463621,0.07125569394011301,0.2291734296135249,0.8125401466566303,0.8523658961269198
72.2,0.7212692041716366,0.1155453307261593,0.1631854651022041,0.8372856780521479,0.8523658961269198
72.3,0.7319869223232357,0.1694914837164845,0.09852159396027982,0.8627848230710242,0.8523658961269198
72.4,0.7307045913178034,0.2319777378946227,0.03731767078757385,0.8890605326648572,0.8523658961269198
72.5,0.7080538341714585,0.2919461658285414,7.401486830834377e-17,0.6188370149898474,0.8523658961269198
72.60000000000001,0.6636324601392282,0.3363675398607718,1.1102230246251565e-16,0.6376834078745359,0.8523658961269198
72.7,0.6178582538632724,0.38214174613672763,1.1102230246251565e-16,0.6571037588712321,0.8523658961269198
72.8,0.5706900154680912,0.42930998453190883,3.700743415417188e-17,0.677115547606746,0.8523658961269198
72.9,0.5220852903551773,0.4779147096448228,3.700743415417188e-17,0.6977367860417757,0.8523658961269198
73,0.4720003309910117,0.5279996690089883,3.700743415417188e-17,0.7189860346828882,0.8523658961269198
73.10000000000001,0.4195924689391138,0.578715660938824,0.001691870122062233,0.7408812877709519,0.8523658961269198
73.2,0.3617266634960942,0.6252530735706581,0.013020262933247609,0.7634444820233524,0.8523658961269198
73.3,0.2993807533740307,0.6653956873697727,0.035223559256196524,0.7866948278387287,0.8523658961269198
73.4,0.2342580541112366,0.6974729837796811,0.06826896210908223,0.8106532520976117,0.8523658961269198
73.5,0.1682554100703621,0.7199673311434701,0.1117772587861678,0.8353413189989224,0.8523658961269198
73.60000000000001,0.103414910403119,0.731571644613623,0.16501344498325798,0.8607812494692084,0.8523658961269198
73.7,0.04186800575493881,0.731243923762092,0.22688807048296916,0.8869959411629764,0.8523658961269198
73.8,7.401486830834377e-17,0.7114251343505764,0.28857486564942353,0.6174066934590057,0.8523658961269198
73.9,7.401486830834377e-17,0.6671064316941183,0.33289356830588157,0.6362095265680687,0.8523658961269198
74,1.1102230246251565e-16,0.6214380236028344,0.3785619763971656,0.6555849911964736,0.8523658961269198
74.10000000000001,1.1102230246251565e-16,0.5743788054267323,0.4256211945732677,0.6755505265702689,0.8523658961269198
74.2,1.1102230246251565e-16,0.5258864206928611,0.4741135793071389,0.6961241030190054,0.8523658961269198
74.3,7.401486830834377e-17,0.4759172229816261,0.5240827770183737,0.7173242381502448,0.8523658961269198
74.4,0.0012638765196226558,0.4238255425637902,0.5749105809165872,0.739167950905797,0.8523658961269198
74.5,0.011761673964013807,0.36636964300945707,0.6218686830265291,0.761678966282652,0.8523658961269198
74.60000000000001,0.03312299147523367,0.30431150676752194,0.6625655017572443,0.7848755441391523,0.8523658961269198
74.7,0.0653410726958541,0.23933775633170806,0.6953211709724378,0.8087785629610353,0.8523658961269198
74.8,0.10806389023751618,0.17333192040603376,0.71860418935645,0.8334095370785903,0.8523658961269198
74.9,0.1605839770783301,0.10832678167277467,0.7310892412488952,0.8587906360310051,0.8523658961269198
75,0.22183891932074393,0.04644903702137052,0.7317120436578856,0.8849447045204506,0.8523658961269198
75.10000000000001,0.28522609192496823,0,0.7147739080750317,0.6159859290934728,0.8523658961269198
75.2,0.3294428092383322,0,0.6705571907616678,0.6347454934859258,0.8523658961269198
75.3,0.37500612607042805,0,0.624993873929572,0.6540763716691215,0.8523658961269198
75.4,0.421957052482021,0,0.578042947517979,0.6739959627382982,0.8523658961269198
75.5,0.4703378474761638,0,0.5296621525238362,0.6945221956700309,0.8523658961269198
75.60000000000001,0.5201920570341529,3.700743415417188e-17,0.4798079429658471,0.7156735454595206,0.8523658961269198
75.7,0.5710956106688073,0.0009002666778423564,0.4280041226533503,0.73746598313537,0.8523658961269198
75.8,0.6184620649364512,0.010573010072080936,0.3709649249914679,0.7599251658771605,0.8523658961269198
75.9,0.6597006944147951,0.03109601165039105,0.30920329393481394,0.7830683325598569,0.8523658961269198
76,0.6931226755592068,0.06248832317628996,0.24438900126450327,0.8069163135955362,0.8523658961269198
76.10000000000001,0.7171830411064443,0.10442492274987836,0.17839203614367732,0.8314905737767645,0.8523658961269198
76.2,0.7305386498479169,0.1562257624464662,0.11323558770561686,0.8568132315963599,0.8523658961269198
76.3,0.7321033302693306,0.21685541571290415,0.05104125401776534,0.882907079155528,0.8523658961269198
76.4,0.7181093829241142,0.28189061707588586,0,0.6145708069629149,0.8523658961269198
76.5,0.6739942459427926,0.32600575405720744,3.700743415417188e-17,0.6332872744703943,0.8523658961269198
76.60000000000001,0.6285356030244102,0.3714643969755898,3.700743415417188e-17,0.6525737432730699,0.8523658961269198
76.7,0.58169253832179,0.4183074616782099,7.401486830834377e-17,0.6724475724947396,0.8523658961269198
76.8,0.533422889914698,0.4665771100853019,1.850371707708594e-16,0.6929266499232265,0.8523658961269198
76.9,0.48368321186126895,0.5163167881387308,1.850371707708594e-16,0.7140294081105958,0.8523658961269198
77,0.43214078475590556,0.5672631641716888,0.0005960510724057747,0.7357775123003814,0.8523658961269198
77.10000000000001,0.37552554030187907,0.6150273201751639,0.009447139522957036,0.7581852734499835,0.8523658961269198
77.2,0.3140692152911715,0.6567973448069512,0.029133439901877445,0.7812754525198727,0.8523658961269198
77.3,0.24942454706109035,0.6908758024749866,0.059699650463923094,0.8050688322296969,0.8523658961269198
77.4,0.18344774675780617,0.7157046082562208,0.10084764498597308,0.8295868282271444,0.8523658961269198
77.5,0.11815212093431392,0.7299231357265079,0.1519247433391782,0.8548515083634697,0.8523658961269198
77.60000000000001,0.055653835304176634,0.7324236459244616,0.21192251877136176,0.8808856125560504,0.8523658961269198
77.7,0,0.7214576399090726,0.27854236009092737,0.6131502618313831,0.8523658961269198
77.8,3.700743415417188e-17,0.6774444725337845,0.32255552746621546,0.631823467298922,0.8523658961269198
77.9,7.401486830834377e-17,0.6320909046582648,0.36790909534173527,0.6510653565363926,0.8523658961269198
78,7.401486830834377e-17,0.5853561150099679,0.41464388499003224,0.6708932485429752,0.8523658961269198
78.10000000000001,0,0.5371980391235173,0.4628019608764827,0.6913249897598985,0.8523658961269198
78.2,7.401486830834377e-17,0.48757333147984777,0.5124266685201523,0.7123789701334416,0.8523658961269198
78.3,0.0003553293156112411,0.4362643124848748,0.5633803581995139,0.7340759383405591,0.8523658961269198
78.4,0.008381900809437735,0.3800844972410139,0.6115336019495482,0.7564318788484151,0.8523658961269198
78.5,0.027226535094895404,0.31894571659126336,0.6538277483138413,0.7794686591030697,0.8523658961269198
78.60000000000001,0.056959604587515957,0.2544833318311984,0.6885570635812857,0.8032070137616342,0.8523658961269198
78.7,0.09730997403830897,0.1885394000053128,0.7141506259563782,0.8276683089455356,0.8523658961269198
78.8,0.14765249519428772,0.12311694432820527,0.7292305604775071,0.8528745614714697,0.8523658961269198
78.9,0.20700597300839907,0.060326283931968476,0.7326677430596326,0.8788484586680213,0.8523658961269198
79,0.2740423155244277,0.0023246366928885275,0.7236330477826838,0.9056133787957914,0.8523658961269198
79.10000000000001,0.3191083802256175,0,0.6808916197743825,0.6303609665851769,0.8523658961269198
79.2,0.3643569668384557,3.700743415417188e-17,0.6356430331615442,0.6495583160450036,0.8523658961269198
79.3,0.41098357806864244,3.700743415417188e-17,0.5890164219313576,0.6693403118357719,0.8523658961269198
79.4,0.4590301810136752,3.700743415417188e-17,0.5409698189863249,0.6897247590890181,0.8523658961269198
79.5,0.5085400208594477,3.700743415417188e-17,0.4914599791405524,0.7107300051832616,0.8523658961269198
79.60000000000001,0.5594667495534861,0.0001784553936576027,0.44035479505285635,0.7323719352866339,0.8523658961269198
79.7,0.6079986833556447,0.007381699891633936,0.38461961675272144,0.7546759811758147,0.8523658961269198
79.8,0.6508072194851938,0.02538386577302926,0.32380891474177675,0.7776592863853736,0.8523658961269198
79.9,0.6861786764035621,0.054280901903484204,0.2595404216929537,0.8013425374412709,0.8523658961269198
80,0.7125296351224684,0.09382862664138078,0.19364173823615088,0.8257470508679737,0.8523658961269198
80.10000000000001,0.7284652897648471,0.1434294515051201,0.12810525873003278,0.8508947923747627,0.8523658961269198
80.2,0.7328354152334701,0.20212950946010447,0.06503507530642548,0.8768083966263563,0.8523658961269198
80.3,0.7247860268855677,0.26862692242800223,0.006587050686430077,0.9035111876156364,0.8523658961269198
80.4,0.6843158160643747,0.3156841839356252,3.700743415417188e-17,0.6289082031351163,0.8523658961269198
80.5,0.6391715117537132,0.36082848824628666,1.4802973661668753e-16,0.6480613093611269,0.8523658961269198
80.60000000000001,0.5926523586946159,0.40734764130538403,1.1102230246251565e-16,0.6677977145110126,0.8523658961269198
80.7,0.5447164865091925,0.4552835134908074,1.1102230246251565e-16,0.6881351826816552,0.8523658961269198
80.8,0.49532074967670775,0.5046792503232923,1.1102230246251565e-16,0.7090920189672291,0.8523658961269198
80.9,0.4443903120712716,0.5555482498865687,0.00006143804215976016,0.7306848353260422,0.8523658961269198
81,0.3891055828704916,0.6044470273713012,0.006447389758207258,0.7529375013723759,0.8523658961269198
81.10000000000001,0.32863069236148446,0.6477579060029026,0.023611401635612997,0.7758678619899247,0.8523658961269198
81.2,0.26456561773850373,0.6837596266609255,0.0516747556005708,0.7994965560509433,0.8523658961269198
81.3,0.1987233115367495,0.710856660925327,0.09042002753792353,0.8238448509749198,0.8523658961269198
81.4,0.1330852848347881,0.7276376660463229,0.13927704911888905,0.848934661870689,0.8523658961269198
81.5,0.0697490897975859,0.7329317041110509,0.1973192060913632,0.874788571261509,0.8523658961269198
81.60000000000001,0.010868868803017623,0.7258603014122701,0.2632708297847123,0.9014298494108569,0.8523658961269198
81.7,0,0.6877286922421616,0.3122713077578384,0.6274602424019186,0.8523658961269198
81.8,0,0.6426883254849359,0.3573116745150642,0.6465692516586168,0.8523658961269198
81.9,3.700743415417188e-17,0.5962762753490243,0.4037237246509758,0.6662602168865406,0.8523658961269198
82,3.700743415417188e-17,0.5484507678563971,0.4515492321436029,0.6865508612835753,0.8523658961269198
82.10000000000001,3.700743415417188e-17,0.49916875682199263,0.5008312431780074,0.707459447799338,0.8523658961269198
82.2,0.000005380395798415654,0.44838319491134504,0.5516114246928565,0.7290041144472156,0.8523658961269198
82.3,0.00557744832981829,0.39355640294278715,0.6008661487273946,0.7512055949226635,0.8523658961269198
82.4,0.02190488140230572,0.33342639148460634,0.644668727113088,0.7740832111366257,0.8523658961269198
82.5,0.04913413116962023,0.2695751918972241,0.6812906769331556,0.7976575544878335,0.8523658961269198
82.60000000000001,0.08707442094657483,0.20380086237308062,0.7091247166803446,0.821949843476468,0.8523658961269198
82.7,0.13518295258968974,0.1380737329352524,0.7267433144750579,0.8469819428022417,0.8523658961269198
82.8,0.19256038009614795,0.07448447275136269,0.7329551471524893,0.8727763830441047,0.8523658961269198
82.9,0.25795732865906107,0.015185123668053517,0.7268575476728855,0.8993563809392866,0.8523658961269198
83,0.30885202022074004,0,0.6911479797792599,0.6260095615593333,0.8523658961269198
83.10000000000001,0.35378825416957055,7.401486830834377e-17,0.6462117458304294,0.645074391007055,0.8523658961269198
83.2,0.40009300018093785,7.401486830834377e-17,0.599906999819062,0.6647198309505102,0.8523658961269198
83.3,0.44780793565191646,1.1102230246251565e-16,0.5521920643480835,0.6849635636117547,0.8523658961269198
83.4,0.4969760072452847,1.1102230246251565e-16,0.5030239927547152,0.7058238097166764,0.8523658961269198
83.5,0.547641469544421,7.401486830834377e-17,0.45235853045557883,0.7273193448948786,0.8523658961269198
83.60000000000001,0.597239447746407,0.00476532842467017,0.3979952238289227,0.7494759510980278,0.8523658961269198
83.7,0.6415258780998615,0.020253584193692435,0.3382205377064461,0.7723008918155955,0.8523658961269198
83.8,0.67876142878849,0.046644216483578,0.27459435472793203,0.7958209554627214,0.8523658961269198
83.9,0.7073273511675585,0.08377312099505393,0.2088995278373875,0.8200573116841887,0.8523658961269198
84,0.7257801800407904,0.131124956297313,0.14309486366189672,0.8450317748364449,0.8523658961269198
84.10000000000001,0.7329084226788054,0.18782779379453765,0.07926378352665693,0.8707668236219931,0.8523658961269198
84.2,0.7277853849386319,0.25265876346665245,0.01955585159471571,0.8972856213217437,0.8523658961269198
84.3,0.6945547932023415,0.3054452067976585,0,0.6245641730351142,0.8523658961269198
84.4,0.6497223121685773,0.35027768783142255,7.401486830834377e-17,0.6435849838489491,0.8523658961269198
84.5,0.6035244788189511,0.3964755211810488,1.1102230246251565e-16,0.6631850645915373,0.8523658961269198
84.60000000000001,0.555919711985001,0.4440802880149991,1.1102230246251565e-16,0.6833820566585919,0.8523658961269198
84.7,0.5068651641631579,0.49313483583684214,0,0.7041941387063109,0.8523658961269198
84.8,0.456316682949101,0.543683317050899,0,0.7256400430133951,0.8523658961269198
84.9,0.4023930848473311,0.5935811509614476,0.004025764191221336,0.7477363849959449,0.8523658961269198
85,0.34298378692969056,0.6383393193364809,0.018676893733828588,0.7705083480387838,0.8523658961269198
85.10000000000001,0.2795942870916636,0.6761769962553659,0.044228716652970505,0.7939738206007928,0.8523658961269198
85.2,0.21399196161913925,0.705464369947832,0.08054366843302868,0.818153923191094,0.8523658961269198
85.3,0.14812376323293183,0.7247424377556553,0.12713379901141295,0.84307041953407,0.8523658961269198
85.4,0.08406548264866416,0.7327799120040962,0.18315460534723965,0.8687457361581831,0.8523658961269198
85.5,0.023963780248565342,0.7286264116181597,0.24740980813327498,0.895202982581367,0.8523658961269198
85.60000000000001,7.401486830834377e-17,0.6979526833293377,0.3020473166706623,0.6231225703447987,0.8523658961269198
85.7,3.700743415417188e-17,0.6532236834558166,0.34677631654418334,0.6420994778205541,0.8523658961269198
85.8,1.1102230246251565e-16,0.6071324827369413,0.3928675172630586,0.661654318169362,0.8523658961269198
85.9,1.850371707708594e-16,0.5596375959808156,0.44036240401918425,0.681804692067528,0.8523658961269198
86,1.850371707708594e-16,0.5106962745833582,0.48930372541664163,0.7025687362117514,0.8523658961269198
86.10000000000001,1.850371707708594e-16,0.460264468051673,0.5397355319483269,0.7239651396433772,0.8523658961269198
86.2,0.003344628631231144,0.406758625345204,0.5898967460235647,0.7460131263724561,0.8523658961269198
86.3,0.017160147459865997,0.34772289729594047,0.6351169552441935,0.7687326083772249,0.8523658961269198
86.4,0.04187286617316965,0.28457953493218474,0.6735475988946457,0.792144001615614,0.8523658961269198
86.5,0.07737165745865424,0.21908021627265492,0.7035481262686909,0.8162683779217037,0.8523658961269198
86.60000000000001,0.12319591446026695,0.15315977143349188,0.7236443141062412,0.8411274508624595,0.8523658961269198
86.7,0.17852857084410048,0.08888605035606045,0.7325853787998391,0.8667435952814062,0.8523658961269198
86.8,0.24220001179505013,0.028402465298717733,0.7293975229062322,0.8931398674374985,0.8523658961269198
86.9,0.2986722301033092,0,0.7013277698966908,0.6216906423854786,0.8523658961269198
87,0.34329844328836884,0,0.6567015567116311,0.6406239411625778,0.8523658961269198
87.10000000000001,0.38928372699808894,3.700743415417188e-17,0.6107162730019111,0.660133844730136,0.8523658961269198
87.2,0.4366694710919076,0,0.5633305289080923,0.6802379133183218,0.8523658961269198
87.3,0.48549832593814346,7.401486830834377e-17,0.5145016740618565,0.7009542419459299,0.8523658961269198
87.4,0.5358142408022042,7.401486830834377e-17,0.46418575919779587,0.7223014767071194,0.8523658961269198
87.5,0.5861973736159898,0.0027320029635831615,0.41107062342042705,0.7442962419167815,0.8523658961269198
87.60000000000001,0.631866884480854,0.01571689634329838,0.35241621917584764,0.7669634370057901,0.8523658961269198
87.7,0.6708778479854409,0.03959346989398944,0.28952868212056954,0.7903209509547726,0.8523658961269198
87.8,0.7015793819108037,0.07427681422096248,0.22414380386823385,0.8143898071028133,0.8523658961269198
87.9,0.7224824591379537,0.11933350415560086,0.1581840367064453,0.8391916690449875,0.8523658961269198
88,0.7323172135283177,0.173973815020649,0.09370897145103341,0.8647488601310609,0.8523658961269198
88.10000000000001,0.7300868279927563,0.2370547750409529,0.032858396966290865,0.8910843835580085,0.8523658961269198
88.2,0.7047163964810257,0.2952836035189744,0,0.6202529698834633,0.8523658961269198
88.3,0.6601933823393342,0.3398066176606657,3.700743415417188e-17,0.639142485014536,0.8523658961269198
88.4,0.6143144405517528,0.38568555944824723,7.401486830834377e-17,0.6586072715255329,0.8523658961269198
88.5,0.567038276973751,0.432961723026249,7.401486830834377e-17,0.6786648490382265,0.8523658961269198
88.60000000000001,0.5183223398668719,0.48167766013312807,0,0.6993332707263057,0.8523658961269198
88.7,0.46812278159929493,0.531877218400705,7.401486830834377e-17,0.7206311395644492,0.8523658961269198
88.8,0.4153779180221467,0.5824487599887611,0.0021733219890922306,0.7425842693020773,0.8523658961269198
88.9,0.3571153466139791,0.6285608188360806,0.01432383454994031,0.765199327063152,0.8523658961269198
89,0.29449460933391713,0.668146709526153,0.03735868113992995,0.7885031158661832,0.8523658961269198
89.10000000000001,0.22923529157946934,0.699545473778658,0.0712192346418727,0.8125166106939967,0.8523658961269198
89.2,0.16324712359705218,0.7212535005186868,0.1154993758842611,0.8372614253127437,0.8523658961269198
89.3,0.09858107788733822,0.7319820162479991,0.16943690586466278,0.8627598317257471,0.8523658961269198
89.4,0.037372956237107895,0.7307113063413159,0.23191573742157623,0.8890347802198098,0.8523658961269198
89.5,3.700743415417188e-17,0.7080949454828208,0.29190505451717913,0.6188195729376189,0.8523658961269198
89.60000000000001,1.1102230246251565e-16,0.6636748234764183,0.33632517652358185,0.6376654346327356,0.8523658961269198
89.7,3.700743415417188e-17,0.6179019073561531,0.38209809264384687,0.6570852382627291,0.8523658961269198
89.8,0,0.5707349984077531,0.42926500159224695,0.6770964629617424,0.8523658961269198
89.9,0,0.5221316432293024,0.47786835677069756,0.6977171201828029,0.8523658961269198
90,7.401486830834377e-17,0.47204809552031574,0.5279519044796842,0.7189657699093454,0.8523658961269198
90.10000000000001,0.001686137625313982,0.4196443035579691,0.5786695588167169,0.7408606930239474,0.8523658961269198
90.2,0.013004402689021668,0.3617834166548195,0.6252121806561588,0.7634232600729282,0.8523658961269198
90.3,0.03519744878290157,0.29944092651604504,0.6653616247010534,0.7866729595836971,0.8523658961269198
90.4,0.06823279693861915,0.23431994738236203,0.6974472556790188,0.8106307178550669,0.8523658961269198
90.5,0.1117315659179284,0.1683171638652867,0.719951270216785,0.8353180984865254,0.8523658961269198
90.60000000000001,0.16495908664136977,0.10347455455526977,0.7315663588033604,0.860757321786931,0.8523658961269198
90.7,0.22682623745782762,0.04192351527994477,0.7312502472622276,0.8869712847742899,0.8523658961269198
90.8,0.28853324238504113,0,0.7114667576149588,0.6173890342035059,0.8523658961269198
90.9,0.3328506774243807,3.700743415417188e-17,0.6671493225756193,0.6361913295081726,0.8523658961269198
91,0.3785177792938577,3.700743415417188e-17,0.6214822207061423,0.6555662399535991,0.8523658961269198
91.10000000000001,0.42557565146777643,0,0.5744243485322236,0.6755312042670317,0.8523658961269198
91.2,0.4740666492075951,0,0.525933350792405,0.6961041922640282,0.8523658961269198
91.3,0.5240344176845199,0,0.4759655823154802,0.7173037210225037,0.8523658961269198
91.4,0.574863328882136,0.0012590650212568023,0.4238776060966071,0.7391466163103638,0.8523658961269198
91.5,0.6218265519491303,0.011746607194158135,0.36642684085671157,0.7616569819520607,0.8523658961269198
91.60000000000001,0.6625301465468522,0.033097513862805905,0.3043723395903418,0.7848528902860207,0.8523658961269198
91.7,0.6952941336449086,0.06530534973883663,0.23940051661625497,0.808755219195367,0.8523658961269198
91.8,0.7185868430721102,0.10801842309989557,0.1733947338279942,0.8333854823894201,0.8523658961269198
91.9,0.7310827362541621,0.16052960742759695,0.10838765631824095,0.8587658487674897,0.8523658961269198
92,0.7317172569647187,0.22177682364880505,0.04650591938647612,0.8849191623723797,0.8523658961269198
92.10000000000001,0.7148160496677087,0.2851839503322913,0,0.6159680499299017,0.8523658961269198
92.2,0.6706006157569098,0.32939938424309023,0,0.6347270698207607,0.8523658961269198
92.3,0.6250386214128058,0.37496137858719425,3.700743415417188e-17,0.6540573869198201,0.8523658961269198
92.4,0.5780890577649602,0.4219109422350397,7.401486830834377e-17,0.6739763998173045,0.8523658961269198
92.5,0.5297096670368995,0.4702903329631004,1.850371707708594e-16,0.6945020369693955,0.8523658961269198
92.60000000000001,0.4798569045112618,0.520143095488738,1.4802973661668753e-16,0.7156527728350522,0.8523658961269198
92.7,0.42805654455720127,0.5710473895205053,0.0008960659222934801,0.7374445997451384,0.8523658961269198
92.8,0.37102264858261913,0.6184189242973651,0.010558427120015713,0.7599031312657474,0.8523658961269198
92.9,0.30926481352447244,0.6596643187613493,0.031070867714178205,0.7830456268946245,0.8523658961269198
93,0.24445259748153472,0.6930946386476504,0.06245276387081488,0.8068929164398534,0.8523658961269198
93.10000000000001,0.1784558173351743,0.7171647491376492,0.10437943352717657,0.8314664640716123,0.8523658961269198
93.2,0.11329753936987741,0.7305312864398972,0.15617117419022547,0.8567883876413761,0.8523658961269198
93.3,0.05109929519619402,0.7321078050971541,0.21679289970665197,0.8828814785894767,0.8523658961269198
93.4,0,0.7181523119639578,0.28184768803604227,0.6145525937138049,0.8523658961269198
93.5,3.700743415417188e-17,0.6740384823665376,0.3259615176334623,0.6332685065452709,0.8523658961269198
93.60000000000001,1.1102230246251565e-16,0.6285811866478241,0.37141881335217575,0.6525544037795334,0.8523658961269198
93.7,1.850371707708594e-16,0.581739510173211,0.4182604898267889,0.6724276440259405,0.8523658961269198
93.8,2.2204460492503128e-16,0.533471292271963,0.46652870772803673,0.6929061145421979,0.8523658961269198
93.9,2.9605947323337506e-16,0.48373308828976685,0.5162669117102329,0.714008247334108,0.8523658961269198
94,0.0005927976496367624,0.43219372978516235,0.5672134725652009,0.7357552210800031,0.8523658961269198
94.10000000000001,0.009433313743953986,0.37558404278283813,0.6149826434732079,0.7581623033608799,0.8523658961269198
94.2,0.029108827169413425,0.31413176061004333,0.6567594122205433,0.7812517828874128,0.8523658961269198
94.3,0.059664365546614535,0.24948939852926874,0.6908462359241165,0.8050444417496144,0.8523658961269198
94.4,0.1008021487396267,0.18351298704354574,0.7156848642168275,0.8295616949463605,0.8523658961269198
94.5,0.1518698494690457,0.11821570179433082,0.7299144487366235,0.8548256096603353,0.8523658961269198
94.60000000000001,0.2118593898046724,0.0557136345487419,0.7324269756465857,0.8808589251199849,0.8523658961269198
94.7,0.27849943418511974,0,0.7215005658148803,0.6131320499119322,0.8523658961269198
94.8,0.32251129427195185,0,0.6774887057280481,0.6318047007439516,0.8523658961269198
94.9,0.3678635150461551,3.700743415417188e-17,0.632136484953845,0.6510460184547368,0.8523658961269198
95,0.41459691656779263,7.401486830834377e-17,0.5854030834322073,0.6708733215290549,0.8523658961269198
95.10000000000001,0.46275356205283336,1.1102230246251565e-16,0.5372464379471666,0.691304455878056,0.8523658961269198
95.2,0.5123767957328847,1.1102230246251565e-16,0.48762320426711536,0.7123578109017976,0.8523658961269198
95.3,0.5633304837360301,0.000352418278833499,0.43631709798513646,0.7340546038450885,0.8523658961269198
95.4,0.6114886881792552,0.00836842017280777,0.380142891647937,0.7564098946208301,0.8523658961269198
95.5,0.6537895286257305,0.027202259468560797,0.31900821190570866,0.779446005356082,0.8523658961269198
95.60000000000001,0.6885271659209279,0.05692463753535189,0.25454819654372024,0.8031836701053416,0.8523658961269198
95.7,0.7141305145957545,0.0972647651296867,0.18860472027455888,0.8276442543690725,0.8523658961269198
95.8,0.729221479382998,0.1475978471197797,0.12318067349722236,0.8528497743240936,0.8523658961269198
95.9,0.732670662755848,0.2069430379189852,0.06038629932516686,0.8788229166396266,0.8523658961269198
96,0.7236486176161142,0.27397258004410235,0.0023788023397834568,0.9055870588968288,0.8523658961269198
96.10000000000001,0.6809364037980078,0.31906359620199226,3.700743415417188e-17,0.6303419663331004,0.8523658961269198
96.2,0.6356891810617376,0.3643108189382624,3.700743415417188e-17,0.6495387371491051,0.8523658961269198
96.3,0.5890639752443442,0.41093602475565577,7.401486830834377e-17,0.6693201366737235,0.8523658961269198
96.4,0.5410188205132965,0.4589811794867036,7.401486830834377e-17,0.689703969501812,0.8523658961269198
96.5,0.491510472986191,0.5084895270138091,7.401486830834377e-17,0.7107085824588659,0.8523658961269198
96.60000000000001,0.44040775440806684,0.5594156977119169,0.0001765478800161277,0.7323498326957688,0.8523658961269198
96.7,0.3846784112387113,0.6079524894371261,0.007369099324162606,0.754653205460848,0.8523658961269198
96.8,0.3238720376402507,0.6507676511862767,0.025360311173472674,0.7776358170466245,0.8523658961269198
96.9,0.2596061356280654,0.6861474002734771,0.05424646409845755,0.8013183533547508,0.8523658961269198
97,0.19370811609728347,0.7125081573724089,0.09378372653030759,0.8257221302663721,0.8523658961269198
97.10000000000001,0.12817023315181975,0.7284548985100654,0.14337486833811483,0.8508691128278558,0.8523658961269198
97.2,0.06509649566348366,0.7328371260914035,0.20206637824511275,0.8767819350208194,0.8523658961269198
97.3,0.0066427462571147875,0.724800533865536,0.2685567198773493,0.9034839201342378,0.8523658961269198
97.4,7.401486830834377e-17,0.6843611577767568,0.3156388422232431,0.6288889662757386,0.8523658961269198
97.5,7.401486830834377e-17,0.6392182343268149,0.36078176567318515,0.6480414866521623,0.8523658961269198
97.60000000000001,7.401486830834377e-17,0.5927005041819065,0.4072994958180935,0.6677772881106845,0.8523658961269198
97.7,7.401486830834377e-17,0.5447660982448604,0.4552339017551395,0.6881141342048249,0.8523658961269198
97.8,1.1102230246251565e-16,0.495371872314664,0.5046281276853359,0.7090703294688463,0.8523658961269198
97.9,0.00006020893158284635,0.44444359564504776,0.5554961954233695,0.730662686659442,0.8523658961269198
98,0.006435341752235558,0.38916487880724115,0.6043997794405233,0.752914678178459,0.8523658961269198
98.10000000000001,0.02358824842287082,0.3286944889743031,0.6477172626028261,0.7758443437262764,0.8523658961269198
98.2,0.05164054590993937,0.26463216690393027,0.6837272871861304,0.7994723215495385,0.8523658961269198
98.3,0.09037516430845374,0.19879066960157812,0.7108341660899682,0.8238198784230718,0.8523658961269198
98.4,0.13922229860401608,0.1331513622632055,0.7276263391327785,0.8489089287914153,0.8523658961269198
98.5,0.19725569598580983,0.06981170852211752,0.7329325954920727,0.8747620544933015,0.8523658961269198
98.60000000000001,0.2632000357547788,0.010925825933969797,0.7258741383112515,0.901402525086835,0.8523658961269198
98.7,0.3122251188016599,1.1102230246251565e-16,0.6877748811983401,0.6274406460874405,0.8523658961269198
98.8,0.3572640788957515,1.850371707708594e-16,0.6427359211042484,0.6465490585475139,0.8523658961269198
98.9,0.40367467952925873,1.850371707708594e-16,0.596325320470741,0.6662394088036501,0.8523658961269198
99,0.45149869337556137,1.850371707708594e-16,0.5485013066244385,0.6865294195002182,0.8523658961269198
99.10000000000001,0.5007791652753386,1.850371707708594e-16,0.4992208347246612,0.7074373530164613,0.8523658961269198
99.2,0.5515578502217843,0.0000052015160950834545,0.4484369482621206,0.7289810247812184,0.8523658961269198
99.3,0.6008172984189049,0.0055662623316973855,0.39361643924939776,0.7511818020716519,0.8523658961269198
99.4,0.6446264447697724,0.021882362954592005,0.3334911922756356,0.774058693685428,0.8523658961269198
99.5,0.6812567117477499,0.049100294786665964,0.2696429934655841,0.7976322903690884,0.8523658961269198
99.60000000000001,0.7091006618241859,0.08702964154210047,0.20386969663371368,0.8219238099507636,0.8523658961269198
99.7,0.7267305468449121,0.13512797585391187,0.13814147730117612,0.846955116437648,0.8523658961269198
99.8,0.732954770261257,0.19249632173728173,0.07454890800146137,0.8727487396950828,0.8523658961269198
99.9,0.7268703396926054,0.2578856618447026,0.015243998462692046,0.8993278957249564,0.8523658961269198
100,0.6911941653634119,0.3088058346365882,0,0.6259899666754852,0.8523658961269198
100.10000000000001,0.6462593379750221,0.35374066202497784,7.401486830834377e-17,0.6450541993701514,0.8523658961269198
100.2,0.599956041360238,0.40004395863976183,1.1102230246251564e-16,0.6646990243867148,0.8523658961269198
100.3,0.5522425994265402,0.4477574005734597,1.850371707708594e-16,0.6849421233937557,0.8523658961269198
100.4,0.5030760668554344,0.4969239331445654,1.850371707708594e-16,0.7058017165468307,0.8523658961269198
100.5,0.45241219044876657,0.5475878095512332,1.850371707708594e-16,0.7272965788878417,0.8523658961269198
100.60000000000001,0.39805512921451486,0.5971903644300512,0.004754506355434003,0.7494531885392476,0.8523658961269198
100.7,0.33828526681240767,0.6414833085076446,0.02023142467994782,0.7722774360336986,0.8523658961269198
100.8,0.27466214978711956,0.6787271278832171,0.04661072232966334,0.7957967853459209,0.8523658961269198
100.9,0.20896842500175256,0.7073029197870644,0.08372865521118313,0.8200324054777484,0.8523658961269198
101,0.1431627426386427,0.7257670045185176,0.13107025284283969,0.8450061101230973,0.8523658961269198
101.10000000000001,0.07932842525302126,0.7329076175442267,0.18776395720275202,0.8707403773017643,0.8523658961269198
101.2,0.01961500261648097,0.7277977407080194,0.25258725667549964,0.8972583695911607,0.8523658961269198
101.3,0,0.694601552043112,0.3053984479568879,0.6245443349390807,0.8523658961269198
101.4,0,0.6497704950280521,0.350229504971948,0.6435645415929465,0.8523658961269198
101.5,7.401486830834377e-17,0.6035741290649556,0.39642587093504433,0.6631639997761548,0.8523658961269198
101.60000000000001,1.850371707708594e-16,0.5559708743061077,0.4440291256938921,0.6833603503240738,0.8523658961269198
101.7,2.5905203907920316e-16,0.5069178846089099,0.4930821153910899,0.7041717713154912,0.8523658961269198
101.8,1.850371707708594e-16,0.45637100897145827,0.5436289910285416,0.7256169944341124,0.8523658961269198
101.9,0.00401591280116426,0.40245333734084787,0.5935307498579879,0.7477127944718751,0.8523658961269198
102,0.018655548791355864,0.34304910300153507,0.6382953482071091,0.7704840390763004,0.8523658961269198
102.10000000000001,0.044195845435279796,0.2796629051623499,0.6761412494023703,0.7939487713201887,0.8523658961269198
102.2,0.08049960231339567,0.2140619062948032,0.7054384913918011,0.818128111046326,0.8523658961269198
102.3,0.12707924544792465,0.14819289483001694,0.7247278597220583,0.8430438212924654,0.8523658961269198
102.4,0.18309064866694752,0.08413155499952571,0.7327777963335268,0.8687183278795292,0.8523658961269198
102.5,0.24733789839400516,0.024024505463923637,0.7286375961420712,0.8951747395963631,0.8523658961269198
102.60000000000001,0.3019999755490323,0,0.6980000244509676,0.6231024852079186,0.8523658961269198
102.7,0.34672753367075737,3.700743415417188e-17,0.6532724663292426,0.6420787810001909,0.8523658961269198
102.8,0.3928172487299573,3.700743415417188e-17,0.6071827512700426,0.6616329910369805,0.8523658961269198
102.9,0.44031060458133475,7.401486830834377e-17,0.5596893954186651,0.6817827154272692,0.8523658961269198
103,0.4892503484510535,1.1102230246251565e-16,0.5107496515489465,0.7025460902831558,0.8523658961269198
103.10000000000001,0.5396805294121277,1.1102230246251565e-16,0.46031947058787215,0.72394180404358,0.8523658961269198
103.2,0.5898450350359781,0.003335744370894391,0.40681922059312736,0.7459887584571934,0.8523658961269198
103.3,0.6350715905170348,0.017139614742505988,0.3477887947404592,0.7687074983484624,0.8523658961269198
103.4,0.6735104138197505,0.04184061689777479,0.2846489692824747,0.7921181268726305,0.8523658961269198
103.5,0.7035208077907952,0.07732799147674996,0.21915120073245486,0.8162417151754844,0.8523658961269198
103.60000000000001,0.7236283400832394,0.12314151280437421,0.15323014711238636,0.8410999761147331,0.8523658961269198
103.7,0.732581958131035,0.17846449766639763,0.08895354420256735,0.8667152838030455,0.8523658961269198
103.8,0.7294075405015025,0.2421277042565377,0.02846475524195981,0.8931106937462618,0.8523658961269198
103.9,0.7013757255766366,0.29862427442336337,0,0.6216702965135869,0.8523658961269198
104,0.6567509728594602,0.34324902714053984,0,0.6406029756666398,0.8523658961269198
104.10000000000001,0.6107671940954921,0.38923280590450793,0,0.6601122407397901,0.8523658961269198
104.2,0.5633830007798467,0.4366169992201533,0,0.6802156513885185,0.8523658961269198
104.3,0.5145557439400108,0.48544425605998914,7.401486830834377e-17,0.7009313020394293,0.8523658961269198
104.4,0.46424147574889024,0.5357585242511096,1.850371707708594e-16,0.7222778381764571,0.8523658961269198
104.5,0.4111316993594522,0.5861445058438229,0.0027237947967249164,0.7442717324822983,0.8523658961269198
104.60000000000001,0.3524827924661105,0.6318203255405315,0.015696881993357913,0.7669381811479046,0.8523658961269198
104.7,0.2895989780714328,0.6708394668872217,0.03956155504134536,0.7902949259415083,0.8523658961269198
104.8,0.2242158198020723,0.7015509034778639,0.07423327672006375,0.814362989509902,0.8523658961269198
104.9,0.1582555914735857,0.7224654003032308,0.11927900822318344,0.839164034734786,0.8523658961269198
105,0.09377776367549617,0.7323128222955781,0.17390941402892582,0.8647203842308238,0.8523658961269198
105.10000000000001,0.03292207071210479,0.7300960271654685,0.23698190212242662,0.8910550404375033,0.8523658961269198
105.2,0,0.704764348659965,0.295235651340035,0.6202326254969228,0.8523658961269198
105.3,0,0.6602427948795354,0.3397572051204647,0.639121521049185,0.8523658961269198
105.4,7.401486830834377e-17,0.6143653579278371,0.3856346420721628,0.6585856691123871,0.8523658961269198
105.5,1.1102230246251565e-16,0.5670907450147941,0.4329092549852058,0.6786425887336562,0.8523658961269198
105.60000000000001,1.4802973661668753e-16,0.5183764057976523,0.48162359420234757,0.6993103324945339,0.8523658961269198
105.7,1.1102230246251564e-16,0.4681784940828001,0.5318215059171997,0.7206075027595192,0.8523658961269198
105.8,0.002166254949535609,0.41543853380070705,0.5823952112497573,0.7425592062934366,0.8523658961269198
105.9,0.014304955846158172,0.35718163964578853,0.6285134045080534,0.7651735007722665,0.8523658961269198
106,0.03732786004080591,0.294564824954961,0.668107315004233,0.7884765030476477,0.8523658961269198
106.10000000000001,0.07117671166947412,0.22930744202660797,0.6995158463039179,0.8124891873944785,0.8523658961269198
106.2,0.11544577813093243,0.16331903673310064,0.7212351851359668,0.837233166849422,0.8523658961269198
106.3,0.1693732509782933,0.09865045479557757,0.7319762942261291,0.8627307126640977,0.8523658961269198
106.4,0.2318434254317326,0.03743743640425551,0.7307191381640118,0.889004774350711,0.8523658961269198
106.5,0.29185710583899055,3.700743415417188e-17,0.7081428941610094,0.6187992300363212,0.8523658961269198
106.60000000000001,0.33627576759074523,3.700743415417188e-17,0.6637242324092547,0.6376444721978596,0.8523658961269198
106.7,0.38204717898498763,7.401486830834377e-17,0.6179528210150124,0.6570636374266684,0.8523658961269198
106.8,0.4292125373816354,7.401486830834377e-17,0.5707874626183647,0.6770742042822865,0.8523658961269198
106.9,0.47781429478700266,7.401486830834377e-17,0.5221857052129975,0.6976941836256378,0.8523658961269198
107,0.527896196063471,3.700743415417188e-17,0.4721038039365289,0.7189421348300213,0.8523658961269198
107.10000000000001,0.5786157892884901,0.0016794517368641086,0.41970475897464576,0.7408366978985025,0.8523658961269198
107.2,0.6251644866971836,0.012985904671780584,0.3618496086310358,0.763398534187123,0.8523658961269198
107.3,0.6653218969500634,0.03516699578493351,0.29951110726500296,0.7866474806825662,0.8523658961269198
107.4,0.697417248647421,0.06819061701142354,0.23439213434115522,0.8106044630058791,0.8523658961269198
107.5,0.7199325381408789,0.11167827370801996,0.1683891881511013,0.8352910440581446,0.8523658961269198
107.60000000000001,0.7315601938913968,0.16489568777240413,0.10354411833619903,0.8607294434285451,0.8523658961269198
107.7,0.731257622445917,0.22675412076474016,0.041988256789342863,0.8869425573934949,0.8523658961269198
107.8,0.7115153033908752,0.2884846966091248,7.401486830834377e-17,0.6173684379750968,0.8523658961269198
107.9,0.6671993467905163,0.33280065320948354,1.4802973661668753e-16,0.636170106031226,0.8523658961269198
108,0.6215337683851903,0.3784662316148095,1.1102230246251564e-16,0.6555443701255532,0.8523658961269198
108.10000000000001,0.5744774660718133,0.4255225339281866,1.850371707708594e-16,0.6755086684035649,0.8523658961269198
108.2,0.5259880860019075,0.47401191399809234,1.850371707708594e-16,0.6960809700813423,0.8523658961269198
108.3,0.47602198446027894,0.5239780155397209,1.850371707708594e-16,0.717279791619067,0.8523658961269198
108.4,0.42393832849873025,0.5748082181955988,0.0012534533056709372,0.7391217589355082,0.8523658961269198
108.5,0.3664935514791692,0.6217774139040286,0.011729034616802289,0.7616313675574411,0.8523658961269198
108.60000000000001,0.30444328973393925,0.6624889112870371,0.03306779897902362,0.7848264958169536,0.8523658961269198
108.7,0.23947371478451995,0.6952625996443182,0.06526368557116184,0.8087280208950486,0.8523658961269198
108.8,0.17346799397114293,0.7185666118661963,0.10796539416266088,0.8333574557775445,0.8523658961269198
108.9,0.1084586552401561,0.7310751493908697,0.1604661953689742,0.8587369686182144,0.8523658961269198
109,0.04657226205783903,0.7317233373149518,0.22170440062720925,0.8848894026916205,0.8523658961269198
109.10000000000001,0,0.7148651999769209,0.28513480002307917,0.615947197219737,0.8523658961269198
109.2,7.401486830834377e-17,0.6706512629158825,0.32934873708411744,0.634705582051026,0.8523658961269198
109.3,1.850371707708594e-16,0.6250908110074009,0.37490918899259895,0.6540352447500724,0.8523658961269198
109.4,1.850371707708594e-16,0.578142836769336,0.4218571632306639,0.6739535833180966,0.8523658961269198
109.5,1.850371707708594e-16,0.52976508385579,0.47023491614420976,0.6944785256043379,0.8523658961269198
109.60000000000001,1.850371707708594e-16,0.4799140090235448,0.520085990976455,0.7156285454423291,0.8523658961269198
109.7,0.0008911665243105365,0.4281176849323058,0.5709911485433837,0.7374196861742928,0.8523658961269198
109.8,0.01054141882588865,0.37108997238729047,0.6183686087868209,0.7598774589637151,0.8523658961269198
109.9,0.03104154200147553,0.3093365646535172,0.6596218933450072,0.7830191727546014,0.8523658961269198
110,0.06241129057214583,0.24452677060915648,0.6930619388186977,0.8068656566513278,0.8523658961269198
110.10000000000001,0.10432637883181266,0.1785302062010155,0.7171434149671718,0.8314383740989345,0.8523658961269198
110.2,0.1561075071690438,0.113369794433371,0.7305226983975852,0.8567594422016749,0.8523658961269198
110.3,0.21671998644346424,0.05116698940719977,0.732113024149336,0.8828516516299024,0.8523658961269198
110.4,0.2817976193165547,0,0.7182023806834452,0.6145313513551599,0.8523658961269198
110.5,0.3259099240944573,3.700743415417188e-17,0.6740900759055428,0.6332466172604935,0.8523658961269198
110.60000000000001,0.37136564855598525,3.700743415417188e-17,0.6286343514440147,0.6525318478667895,0.8523658961269198
110.7,0.41820570592150774,1.4802973661668753e-16,0.5817942940784921,0.6724044011833861,0.8523658961269198
110.8,0.46647225540445225,2.5905203907920316e-16,0.5335277445955475,0.6928821638497056,0.8523658961269198
110.9,0.516208740157443,2.5905203907920316e-16,0.4837912598425568,0.7139835672344381,0.8523658961269198
111,0.5671555165728199,0.0005890031386811141,0.432255480288499,0.7357292497055166,0.8523658961269198
111.10000000000001,0.6149305364317741,0.009417188551004664,0.37565227501722126,0.7581355410402904,0.8523658961269198
111.2,0.6567151709322411,0.02908012100682382,0.31420470806093515,0.7812242055328252,0.8523658961269198
111.3,0.6908117520561547,0.05962321227057377,0.24956503567327148,0.8050160245395481,0.8523658961269198
111.4,0.7156618364767824,0.10074908585249163,0.18358907767072602,0.8295324123034084,0.8523658961269198
111.5,0.7299043169828906,0.15180582600625114,0.11828985701085838,0.8547954352281427,0.8523658961269198
111.60000000000001,0.732430859146511,0.2117857616374411,0.05578337921604798,0.8808278317395258,0.8523658961269198
111.7,0.7215506308790992,0.27844936912090085,0,0.6131108091040863,0.8523658961269198
111.8,0.6775402955004651,0.32245970449953487,3.700743415417188e-17,0.6317828130572021,0.8523658961269198
111.9,0.6321896458687376,0.3678103541312624,7.401486830834377e-17,0.6510234641886877,0.8523658961269198
112,0.5854578633379875,0.41454213666201234,7.401486830834377e-17,0.6708500803833447,0.8523658961269198
112.10000000000001,0.5373028861494474,0.46269711385055246,1.1102230246251565e-16,0.6912805069340848,0.8523658961269198
112.2,0.4876813715730889,0.5123186284269109,1.850371707708594e-16,0.7123331326038989,0.8523658961269198
112.3,0.4363786624276492,0.5632723144750625,0.0003490230972882677,0.7340297484424482,0.8523658961269198
112.4,0.38021099783411044,0.6114363046418151,0.008352697524074422,0.756384282258489,0.8523658961269198
112.5,0.3190811010357617,0.6537449524868305,0.027173946477407833,0.779419612981185,0.8523658961269198
112.60000000000001,0.2546238491347792,0.6884922958754943,0.05688385498972658,0.8031564739629704,0.8523658961269198
112.7,0.1886809041875835,0.7141070584439922,0.09721203736842422,0.827616229980863,0.8523658961269198
112.8,0.1232550016885414,0.7292108879797131,0.14753411033174554,0.852820896466205,0.8523658961269198
112.9,0.06045629608954545,0.7326740680370126,0.20686963587344195,0.8787931593200377,0.8523658961269198
113,0.0024419764659711863,0.7236667769233179,0.27389124661071096,0.9055563953319438,0.8523658961269198
113.10000000000001,7.401486830834377e-17,0.6809886360101547,0.31901136398984525,0.6303198060822568,0.8523658961269198
113.2,7.401486830834377e-17,0.6357430039815628,0.36425699601843714,0.64951590201815,0.8523658961269198
113.3,1.4802973661668753e-16,0.5891194373161087,0.41088056268389117,0.6692966061094973,0.8523658961269198
113.4,1.850371707708594e-16,0.5410759716566084,0.4589240283433915,0.6896797223252186,0.8523658961269198
113.5,2.2204460492503128e-16,0.4915693646409372,0.5084306353590625,0.7106835968458096,0.8523658961269198
113.60000000000001,0.00017432312107049254,0.44046952161995584,0.5593561552589736,0.7323240821647624,0.8523658961269198
113.7,0.007354403111985873,0.384746984042508,0.6078986128455062,0.7546266707094236,0.8523658961269198
113.8,0.025332839125597556,0.323945658730039,0.6507215021443635,0.7776084741917151,0.8523658961269198
113.9,0.05420629882092311,0.25968277867891015,0.6861109225001667,0.8012901777859409,0.8523658961269198
114,0.0937313589238011,0.1937855334940216,0.7124831075821774,0.8256930966237481,0.8523658961269198
114.10000000000001,0.14331120725257868,0.12824601369827712,0.7284427790491442,0.8508391949791803,0.8523658961269198
114.2,0.20199274745565732,0.06516813105620396,0.7328391214881388,0.8767511060380084,0.8523658961269198
114.3,0.26847484169352137,0.006707704754099622,0.724817453552379,0.9034521522691263,0.8523658961269198
114.4,0.31558595957116026,0,0.6844140404288397,0.6288665300666019,0.8523658961269198
114.5,0.3607272725045788,0,0.6392727274954212,0.6480183671587324,0.8523658961269198
114.60000000000001,0.40724334308543364,0,0.5927566569145664,0.6677534645238571,0.8523658961269198
114.7,0.4551760389171763,0,0.5448239610828238,0.6880895850817637,0.8523658961269198
114.8,0.5045685026616094,0,0.49543149733839076,0.7090450327136834,0.8523658961269198
114.9,0.5554354835992659,0.00005877540330171303,0.44450574099743245,0.7306368831758415,0.8523658961269198
115,0.6043446735401575,0.006421290000005241,0.3892340364598373,0.752888088861794,0.8523658961269198
115.10000000000001,0.6476698596558979,0.023561244517863338,0.32876889582623886,0.775816944644367,0.8523658961269198
115.2,0.6836895692195106,0.051600646685307686,0.26470978409518164,0.7994440880413618,0.8523658961269198
115.3,0.7108079300594035,0.09032283971745983,0.1988692302231368,0.8237907850765649,0.8523658961269198
115.4,0.7276131284003945,0.1391584423383996,0.13322842926120593,0.8488789494206028,0.8523658961269198
115.5,0.7329336351218086,0.19718162329117042,0.06988474158702106,0.874731162114726,0.8523658961269198
115.60000000000001,0.7258902764735815,0.2631174677206705,0.010992255805748,0.9013706918952705,0.8523658961269198
115.7,0.6878287520023157,0.3121712479976842,0,0.6274177906409613,0.8523658961269198
115.8,0.642791432518453,0.35720856748154706,7.401486830834377e-17,0.6465255070490639,0.8523658961269198
115.9,0.5963825224591945,0.4036174775408054,0,0.6662151400552907,0.8523658961269198
116,0.5485602506727917,0.45143974932720826,0,0.6865044116584377,0.8523658961269198
116.10000000000001,0.49928157388653643,0.5007184261134635,0,0.7074115835725144,0.8523658961269198
116.2,0.4484996415217716,0.5514953655919497,0.000004992886278769639,0.7289541249111687,0.8523658961269198
116.3,0.3936864604053726,0.6007603236437518,0.005553215950875684,0.7511540829785996,0.8523658961269198
116.4,0.3335667703141945,0.644577130301188,0.021856099384617387,0.7740301304203183,0.8523658961269198
116.5,0.2697220713513085,0.6812170976928681,0.04906083095582349,0.7976028572230551,0.8523658961269198
116.60000000000001,0.20394997896239614,0.7090726063202731,0.08697741471733073,0.8218934804319883,0.8523658961269198
116.7,0.13822048847092588,0.7267156557852794,0.1350638557437947,0.8469238632475162,0.8523658961269198
116.8,0.07462405970469173,0.7329543306879176,0.19242160960739063,0.8727165347036141,0.8523658961269198
116.9,0.015312664931552773,0.7268852591981282,0.25780207587031917,0.8992947099454853,0.8523658961269198
117,0,0.6912480322345482,0.3087519677654518,0.625967112897568,0.8523658961269198
117.10000000000001,0,0.6463148453366145,0.3536851546633855,0.6450306495910789,0.8523658961269198
117.2,3.700743415417188e-17,0.6000132391726589,0.39998676082734114,0.6646747574100961,0.8523658961269198
117.3,3.700743415417188e-17,0.5523015391716817,0.44769846082831827,0.6849171173776735,0.8523658961269198
117.4,7.401486830834377e-17,0.5031368015830456,0.4968631984169543,0.7057759489841824,0.8523658961269198
117.5,1.1102230246251565e-16,0.45247477482420184,0.547525225175798,0.7272700265860819,0.8523658961269198
117.60000000000001,0.0047418844297898955,0.398124997675537,0.5971331178946732,0.7494266712372197,0.8523658961269198
117.7,0.020205579739513268,0.3383607612437041,0.6414336590167826,0.7722501111595987,0.8523658961269198
117.8,0.04657165764517604,0.27474122008110924,0.6786871222737147,0.7957686283055178,0.8523658961269198
117.9,0.08367679416636253,0.20904878069590901,0.7072744251377284,0.8200033909278052,0.8523658961269198
118,0.13100645146440185,0.14324191080681511,0.725751637728783,0.8449762119485609,0.8523658961269198
118.10000000000001,0.1876895037228042,0.07940381777231209,0.7329066785048837,0.87070956859226,0.8523658961269198
118.2,0.2525038573383435,0.01968399125277429,0.7278121514088822,0.8972266226167697,0.8523658961269198
118.3,0.3053439124888076,0,0.6946560875111925,0.6245211974995039,0.8523658961269198
118.4,0.35017330865160334,0,0.6498266913483968,0.6435406995134305,0.8523658961269198
118.5,0.3963679631819536,7.401486830834377e-17,0.6036320368180463,0.6631394315972187,0.8523658961269198
118.60000000000001,0.44396945438716856,7.401486830834377e-17,0.5560305456128314,0.6833350339326982,0.8523658961269198
118.7,0.4930206268225298,1.1102230246251565e-16,0.5069793731774701,0.7041456839252149,0.8523658961269198
118.8,0.5435656298542824,1.850371707708594e-16,0.4564343701457174,0.7255901125645229,0.8523658961269198
118.9,0.5934719663696966,0.0040044229917685845,0.40252361063853487,0.7476853123074805,0.8523658961269198
119,0.6382440640845174,0.01863065389640701,0.3431252820190756,0.7704557199554003,0.8523658961269198
119.10000000000001,0.6760995573644928,0.04415750728973114,0.2797429353457761,0.7939195897536628,0.8523658961269198
119.2,0.7054083088820742,0.08044820740237786,0.21414348371554792,0.8180980407687948,0.8523658961269198
119.3,0.7247108571644076,0.1270156188893685,0.14827352394622384,0.8430128352386493,0.8523658961269198
119.4,0.7327753287983425,0.1830160551261509,0.08420861607550656,0.8686863981598888,0.8523658961269198
119.5,0.7286506408035032,0.24725402909301283,0.024095330103484015,0.8951418374719949,0.8523658961269198
119.60000000000001,0.6980552390410866,0.30194476095891354,0,0.6230790596412626,0.8523658961269198
119.7,0.6533293624539709,0.34667063754602906,7.401486830834377e-17,0.6420546420188197,0.8523658961269198
119.8,0.6072413801397333,0.3927586198602668,7.401486830834377e-17,0.6616081169141816,0.8523658961269198
119.9,0.5597498098032584,0.44025019019674155,3.700743415417188e-17,0.6817570837746532,0.8523658961269198
120,0.5108119058254664,0.48918809417453346,1.4802973661668753e-16,0.7025196780305046,0.8523658961269198
120.10000000000001,0.46038362078937,0.5396163792106298,7.401486830834377e-17,0.7239145874180838,0.8523658961269198
120.2,0.40688987951944255,0.5897847006812721,0.0033254197992854074,0.7459602906297,0.8523658961269198
120.3,0.34786564366993866,0.6350186522746002,0.017115704055461173,0.7686781635465529,0.8523658961269198
120.4,0.2847299499612276,0.6734670105650769,0.0418030394736956,0.7920878986930033,0.8523658961269198
120.5,0.21923399639077565,0.7034889077915729,0.07727709581765128,0.8162105664107379,0.8523658961269198
120.60000000000001,0.1533122400686888,0.7236096679296903,0.12307809200162094,0.8410678787288766,0.8523658961269198
120.7,0.08903228341109308,0.7325779248880138,0.17838979170089317,0.8666822089062649,0.8523658961269198
120.8,0.02853743225357176,0.7294191795002374,0.24204338824619087,0.893076611568918,0.8523658961269198
120.9,3.700743415417188e-17,0.701431627745799,0.298568372254201,0.6216465792318483,0.8523658961269198
121,0,0.6568085775031314,0.34319142249686857,0.6405785360861392,0.8523658961269198
121.10000000000001,7.401486830834377e-17,0.6108265530617397,0.3891734469382602,0.6600870568632552,0.8523658961269198
121.2,1.1102230246251565e-16,0.5634441674957472,0.43655583250425267,0.6801897005487604,0.8523658961269198
121.3,1.1102230246251565e-16,0.5146187734597377,0.48538122654026233,0.7009045608789412,0.8523658961269198
121.4,7.401486830834377e-17,0.4643064248032657,0.5356935751967342,0.722250282626389,0.8523658961269198
121.5,0.0027142264967289485,0.41120289587838377,0.5860828776248873,0.7442431952476136,0.8523658961269198
121.60000000000001,0.015673551168368657,0.35256039727409516,0.6317660515575362,0.7669087748250406,0.8523658961269198
121.7,0.03952435174252167,0.28968092240297016,0.6707947258545082,0.7902646240627896,0.8523658961269198
121.8,0.0741825248436874,0.22429976912612265,0.70151770603019,0.8143317648015922,0.8523658961269198
121.9,0.11921548204993113,0.15833900321337493,0.7224455147366938,0.8391318590925401,0.8523658961269198
122,0.17383434147990515,0.09385795510586076,0.7323077034142339,0.8646872286943924,0.8523658961269198
122.10000000000001,0.2368969538071608,0.03299629550703425,0.730106750685805,0.8910208751646659,0.8523658961269198
122.2,0.2952067837499582,7.401486830834377e-17,0.7047932162500418,0.6202203780157028,0.8523658961269198
122.3,0.3397274583813857,0,0.6602725416186143,0.6391089005766324,0.8523658961269198
122.4,0.38560398941000856,7.401486830834377e-17,0.6143960105899914,0.6585726642892248,0.8523658961269198
122.5,0.4328776688105113,1.1102230246251565e-16,0.5671223311894885,0.6786291878546652,0.8523658961269198
122.60000000000001,0.48159104608542336,1.850371707708594e-16,0.5184089539145765,0.6992965234980185,0.8523658961269198
122.7,0.5317879665625436,1.850371707708594e-16,0.46821203343745627,0.7205932732164506,0.8523658961269198
122.8,0.5823629744863638,0.0021620005359616642,0.41547502497767447,0.7425441309838001,0.8523658961269198
122.9,0.6284848607084697,0.014293590717523301,0.3572215485740069,0.7651579663511023,0.8523658961269198
123,0.6680835991912043,0.03730930549594684,0.29460709531284895,0.7884604955329286,0.8523658961269198
123.10000000000001,0.6994980103303561,0.07115111250457277,0.22935087716507122,0.8124726923783606,0.8523658961269198
123.2,0.7212241591310568,0.11541351186052824,0.16336232900841513,0.8372161694852777,0.8523658961269198
123.3,0.7319728495238154,0.16933493023444518,0.09869222024173946,0.8627131976531518,0.8523658961269198
123.4,0.7307238529830707,0.2317998930432861,0.03747625397364325,0.8889867259282721,0.8523658961269198
123.5,0.7081717596436071,0.2918282403563929,3.700743415417188e-17,0.6187869834492291,0.8523658961269198
123.60000000000001,0.6637539769766723,0.3362460230233277,3.700743415417188e-17,0.6376318526466651,0.8523658961269198
123.7,0.617983471439368,0.3820165285606318,1.850371707708594e-16,0.6570506335529231,0.8523658961269198
123.8,0.5708190464871096,0.42918095351289026,1.850371707708594e-16,0.6770608043816267,0.8523658961269198
123.9,0.5222182509537453,0.4777817490462545,1.850371707708594e-16,0.6976803756372484,0.8523658961269198
124,0.47213734084264347,0.5278626591573564,1.4802973661668753e-16,0.7189279063257811,0.8523658961269198
124.10000000000001,0.4197411536124943,0.5785834196082417,0.001675426779263846,0.7408222655249352,0.8523658961269198
124.2,0.36188945672299005,0.6251357745575628,0.01297476871944721,0.7633836622823466,0.8523658961269198
124.3,0.2995533566296203,0.6652979805305049,0.035148662839874785,0.7866321558608622,0.8523658961269198
124.4,0.23443559145992274,0.697399184177636,0.06816522436244123,0.810588671473874,0.8523658961269198
124.5,0.16843254733945223,0.7199212612833821,0.11164619137716571,0.8352747716023932,0.8523658961269198
124.60000000000001,0.103585996281195,0.7315564825657518,0.16485752115305324,0.8607126754027393,0.8523658961269198
124.7,0.042027231688828215,0.7312620623646898,0.22671070594648204,0.8869252787052795,0.8523658961269198
124.8,0,0.7115445283310153,0.2884554716689847,0.6173560388830852,0.8523658961269198
124.9,7.401486830834377e-17,0.6672294617625883,0.3327705382374116,0.6361573293306457,0.8523658961269198
125,1.850371707708594e-16,0.6215648004947016,0.37843519950529814,0.655531204316511,0.8523658961269198
125.10000000000001,2.2204460492503128e-16,0.5745094432497574,0.42549055675024233,0.6754951016359443,0.8523658961269198
125.2,2.5905203907920316e-16,0.5260210370299032,0.47397896297009656,0.6960669901441365,0.8523658961269198
125.3,2.5905203907920316e-16,0.47605593899647564,0.5239440610035242,0.7172653859293888,0.8523658961269198
125.4,0.0012500750086102022,0.4239748838639242,0.5747750411274656,0.7391068078163858,0.8523658961269198
125.5,0.011718455786581683,0.3665337118002533,0.621747832413165,0.7616159611089552,0.8523658961269198
125.60000000000001,0.0330499103845283,0.30448600228020034,0.6624640873352714,0.784810620172261,0.8523658961269198
125.7,0.0652386034134803,0.2395177806593688,0.6952436159271509,0.808711661764997,0.8523658961269198
125.8,0.10793347032403304,0.17351209715536084,0.7185544325206061,0.833340598437813,0.8523658961269198
125.9,0.16042802080934515,0.10850139715134982,0.7310705820393051,0.8587195978960598,0.8523658961269198
126,0.22166080139677138,0.04661220086946107,0.7317269977337676,0.8848715029522205,0.8523658961269198
126.10000000000001,0.2851052111491244,0,0.7148947888508757,0.6159346437236842,0.8523658961269198
126.2,0.329318247094796,3.700743415417188e-17,0.6706817529052039,0.6346926462441016,0.8523658961269198
126.3,0.37487777044486237,7.401486830834377e-17,0.6251222295551376,0.6540219149891768,0.8523658961269198
126.4,0.4218247878456984,3.700743415417188e-17,0.5781752121543016,0.6739398476055452,0.8523658961269198
126.5,0.47020155478198356,0,0.5297984452180164,0.6944643715770623,0.8523658961269198
126.60000000000001,0.5200516136094901,0,0.47994838639050996,0.7156139603607493,0.8523658961269198
126.7,0.5709572910313996,0.0008882170480669953,0.42815449192053345,0.7374047015955296,0.8523658961269198
126.8,0.6183383184524699,0.010531179698623645,0.3711305018489063,0.7598620180365908,0.8523658961269198
126.9,0.6595963529096209,0.03102388769104023,0.3093797593993388,0.7830032615812392,0.8523658961269198
127,0.6930422532636573,0.06238632331911102,0.24457142341723168,0.8068492609105979,0.8523658961269198
127.10000000000001,0.7171305716282118,0.1042944394865871,0.1785749888852011,0.8314214790335638,0.8523658961269198
127.2,0.7305175283283513,0.1560691791199417,0.11341329255170703,0.8567420326049638,0.8523658961269198
127.3,0.7321161660599294,0.21667609208371896,0.051207741856351637,0.8828337118320393,0.8523658961269198
127.4,0.7182325224476331,0.28176747755236686,0,0.6145185632876473,0.8523658961269198
127.5,0.6741211356231116,0.32587886437688846,0,0.6332334397383447,0.8523658961269198
127.60000000000001,0.6286663570708069,0.37133364292919313,0,0.6525182690293452,0.8523658961269198
127.7,0.5818272744217323,0.4181727255782676,3.700743415417188e-17,0.6723904088087758,0.8523658961269198
127.8,0.533561729339771,0.466438270660229,7.401486830834377e-17,0.6928677453438477,0.8523658961269198
127.9,0.483826279576327,0.5161737204236729,0,0.7139687096197042,0.8523658961269198
128,0.4322926545787374,0.5671206266081169,0.0005867188131457727,0.7357136288456185,0.8523658961269198
128.1,0.3756933513606923,0.6148991675816912,0.009407481057616475,0.7581194444543857,0.8523658961269198
128.2,0.3142486230019489,0.6566885373276065,0.029062839670444676,0.7812076187329005,0.8523658961269198
128.3,0.24961056983076055,0.6907909924955539,0.05959843767368567,0.8049989325963632,0.8523658961269198
128.4,0.183634884828666,0.7156479735955795,0.1007171415757545,0.8295147998330613,0.8523658961269198
128.5,0.1183344990363144,0.7298982175872007,0.15176728337648474,0.8547772863782213,0.8523658961269198
128.6,0.05582536605607221,0.7324331970441079,0.2117414368998199,0.8808091301748403,0.8523658961269198
128.7,0,0.721580770442787,0.278419229557213,0.6130980219701668,0.8523658961269198
128.8,0,0.6775713529505187,0.3224286470494813,0.6317696364970786,0.8523658961269198
128.9,0,0.6322216491589585,0.36777835084104155,0.6510098863425667,0.8523658961269198
129,7.401486830834377e-17,0.585490841273497,0.41450915872650296,0.6708360890302478,0.8523658961269198
129.1,3.700743415417188e-17,0.5373368684126136,0.4626631315873864,0.6912660894808502,0.8523658961269198
129.2,3.700743415417188e-17,0.48771638875024276,0.5122836112497572,0.712318276073845,0.8523658961269198
129.3,0.00034697917120883896,0.4364157247078042,0.563237296120987,0.7340147994742017,0.8523658961269198
129.4,0.008343232365480286,0.38025199829556555,0.6114047693389543,0.7563688780263831,0.8523658961269198
129.5,0.027156901833335394,0.3191249808671711,0.6537181172994935,0.7794037396203709,0.8523658961269198
129.6,0.0568593035754733,0.25466939259151883,0.6884713038330079,0.803140117186352,0.8523658961269198
129.7,0.09718029484010594,0.18872676750433878,0.7140929376555553,0.8275993750662377,0.8523658961269198
129.8,0.14749574028244616,0.12329974784618775,0.7292045118713661,0.8528035282430116,0.8523658961269198
129.9,0.20682544726286034,0.060498434693997336,0.7326761180431424,0.8787752621557032,0.8523658961269198
130,0.2738422832420638,0.0024800077883995637,0.7236777089695368,0.9055379531178122,0.8523658961269198
130.1,0.31897991978600493,7.401486830834377e-17,0.6810200802139951,0.6303064654363982,0.8523658961269198
130.2,0.36422459419602327,7.401486830834377e-17,0.6357754058039767,0.6495021550891391,0.8523658961269198
130.3,0.41084717407907645,7.401486830834377e-17,0.5891528259209237,0.6692824405241702,0.8523658961269198
130.4,0.4588896229041775,0,0.5411103770958225,0.6896651253335921,0.8523658961269198
130.5,0.5083951821182318,0,0.49160481788176824,0.7106685553096063,0.8523658961269198
130.6,0.5593203102324933,0.0001729837986309514,0.4405067059688758,0.7323085946917779,0.8523658961269198
130.7,0.6078661787122481,0.007345555876297543,0.3847882654114544,0.754610711572669,0.8523658961269198
130.8,0.6506937200570015,0.025316300736013604,0.3239899792069849,0.7775920290268897,0.8523658961269198
130.9,0.6860889625928132,0.05418211900693068,0.25972891840025625,0.8012732317912871,0.8523658961269198
131,0.7124680274108075,0.09369983321148732,0.19383213937770513,0.8256756345467267,0.8523658961269198
131.1,0.7284354830380435,0.14327288277678005,0.12829163418517645,0.850821201102743,0.8523658961269198
131.2,0.7328403227327178,0.2019484211394352,0.06521125612784696,0.8767325641664521,0.8523658961269198
131.3,0.7248276393373603,0.2684255503808126,0.006746810281827037,0.903433045713515,0.8523658961269198
131.4,0.6844458762026541,0.31555412379734593,0,0.6288530232916728,0.8523658961269198
131.5,0.63930553281289,0.36069446718711007,7.401486830834377e-17,0.6480044490412677,0.8523658961269198
131.6,0.5927904613026898,0.4072095386973102,3.700743415417188e-17,0.6677391225366116,0.8523658961269198
131.7,0.5448587949678331,0.455141205032167,3.700743415417188e-17,0.6880748063159804,0.8523658961269198
131.8,0.4954673920731338,0.5045326079268662,0,0.7090298038674756,0.8523658961269198
131.9,0.44454315298991404,0.5553989346021204,0.000057912407965554985,0.7306213642332159,0.8523658961269198
132,0.38927566991237533,0.6043114993533347,0.006412830734289934,0.752872097297005,0.8523658961269198
132.1,0.3288136893381973,0.6476413227078229,0.02354498795397976,0.7758004660639267,0.8523658961269198
132.2,0.26475651025673874,0.6836668627059991,0.05157662703726223,0.799427107613436,0.8523658961269198
132.3,0.19891652433718274,0.710792135761993,0.09029133990082425,0.8237732875176221,0.8523658961269198
132.4,0.13327482420208484,0.7276051754352623,0.13912000036265293,0.8488609189816586,0.8523658961269198
132.5,0.06992870806834663,0.7329342609871123,0.19713703094454102,0.8747125825671687,0.8523658961269198
132.6,0.011032247112710947,0.7258999917746392,0.26306776111264996,0.9013515465162536,0.8523658961269198
132.7,0,0.6878611826513663,0.3121388173486337,0.627404031481844,0.8523658961269198
132.8,0,0.6428248508278063,0.35717514917219373,0.6465113288611682,0.8523658961269198
132.9,3.700743415417188e-17,0.5964169585075846,0.40358304149241536,0.6662005300772904,0.8523658961269198
133,7.401486830834377e-17,0.5485957354549865,0.45140426454501337,0.6864893567403662,0.8523658961269198
133.1,7.401486830834377e-17,0.4993181393412355,0.5006818606587644,0.7073960701639294,0.8523658961269198
133.2,0.00000486728948314597,0.44853738335874993,0.551457749351767,0.7289379465137165,0.8523658961269198
133.3,0.005545361926681177,0.3937286136937572,0.6007260243795616,0.7511374118755945,0.8523658961269198
133.4,0.02184028850826535,0.3336122688897404,0.6445474426019943,0.7740129516066424,0.8523658961269198
133.5,0.04903707341827513,0.26976967686246256,0.6811932497192623,0.7975851552366165,0.8523658961269198
133.6,0.0869459737567343,0.2039983095577144,0.7090557166855512,0.8218752393398047,0.8523658961269198
133.7,0.1350252549315776,0.13826805381853685,0.7267066912498856,0.8469050666313734,0.8523658961269198
133.8,0.19237663231569543,0.07466930162300557,0.732954066061299,0.8726971656452889,0.8523658961269198
133.9,0.2577517564542223,0.015354002687605672,0.726894240858172,0.8992747510115175,0.8523658961269198
134,0.30871953948400216,0,0.6912804605159979,0.6259533547429389,0.8523658961269198
134.1,0.35365173879373735,0,0.6463482612062627,0.6450164724382624,0.8523658961269198
134.2,0.3999523272929562,7.401486830834377e-17,0.6000476727070437,0.6646601484986976,0.8523658961269198
134.3,0.44766297863669136,7.401486830834377e-17,0.5523370213633085,0.6849020635586869,0.8523658961269198
134.4,0.49682663563171764,7.401486830834377e-17,0.5031733643682823,0.7057604367081545,0.8523658961269198
134.5,0.547487548887977,7.401486830834377e-17,0.45251245111202293,0.7272540418909171,0.8523658961269198
134.6,0.5970986550286838,0.004734285930961517,0.39816705904035476,0.749410723698307,0.8523658961269198
134.7,0.6414037696315349,0.02019002088144752,0.3384062094870177,0.7722336779458225,0.8523658961269198
134.8,0.6786630385811385,0.046548140396882806,0.2747888210219787,0.7957516946258766,0.8523658961269198
134.9,0.7072572711339973,0.08364557340818173,0.209097155457821,0.8199859415408441,0.8523658961269198
135,0.7257423868001145,0.13096804253117073,0.14328957066871484,0.8449582311486539,0.8523658961269198
135.1,0.7329061131957899,0.18764468214041596,0.07944920466379417,0.8706910401954737,0.8523658961269198
135.2,0.7278208267645064,0.25245365027933037,0.01972552295616317,0.8972075299462966,0.8523658961269198
135.3,0.6946889182932775,0.30531108170672244,7.401486830834377e-17,0.6245072685783173,0.8523658961269198
135.4,0.6498605219766496,0.3501394780233505,7.401486830834377e-17,0.6435263463934408,0.8523658961269198
135.5,0.6036668977423161,0.396333102257684,7.401486830834377e-17,0.663124641359649,0.8523658961269198
135.6,0.5560664682103029,0.44393353178969697,7.401486830834377e-17,0.6833197932653361,0.8523658961269198
135.7,0.5070163897809061,0.49298361021909376,1.1102230246251565e-16,0.7041299791104313,0.8523658961269198
135.8,0.45647251407255973,0.5435274859274402,1.850371707708594e-16,0.7255739294669241,0.8523658961269198
135.9,0.40256591571821954,0.593436578245926,0.003997506035854506,0.7476687843317494,0.8523658961269198
136,0.34317114238871,0.6382131906380702,0.018615666973219758,0.770438688627873,0.8523658961269198
136.1,0.27979111414766067,0.6760744584287279,0.04413442742361149,0.7939020397449951,0.8523658961269198
136.2,0.21419259396650644,0.7053901387730694,0.08041726726042414,0.8180799562827942,0.8523658961269198
136.3,0.14832206331036826,0.7247006214905465,0.12697731519908528,0.8429941999980575,0.8523658961269198
136.4,0.0842550074512821,0.7327738433226918,0.1829711492260261,0.8686671953917318,0.8523658961269198
136.5,0.02413796709532695,0.7286584937926114,0.24720353911206153,0.8951220498924854,0.8523658961269198
136.6,0,0.6980884786599975,0.30191152134000254,0.623064957265301,0.8523658961269198
136.70000000000002,3.700743415417188e-17,0.6533636143699846,0.3466363856300154,0.6420401101615707,0.8523658961269198
136.8,3.700743415417188e-17,0.6072766751818862,0.3927233248181139,0.6615931424959925,0.8523658961269198
136.9,3.700743415417188e-17,0.559786179739471,0.440213820260529,0.6817416533175369,0.8523658961269198
137,7.401486830834377e-17,0.5108493833911364,0.48915061660886355,0.7025037776460082,0.8523658961269198
137.1,7.401486830834377e-17,0.46042223971683616,0.5395777602831637,0.7238982027947878,0.8523658961269198
137.20000000000002,0.0033192043257127385,0.4069324167506042,0.589748378923683,0.7459431697063335,0.8523658961269198
137.3,0.017101309633197597,0.3479119073318459,0.6349867830349566,0.7686605212134466,0.8523658961269198
137.4,0.04178041756790268,0.284778700968798,0.6734408814632992,0.7920697190708667,0.8523658961269198
137.5,0.07724645622929212,0.21928384003036677,0.7034697037403411,0.8161918331366833,0.8523658961269198
137.6,0.1230399121779546,0.15336166067612025,0.7235984271459251,0.841048574941693,0.8523658961269198
137.70000000000002,0.1783448181202073,0.08907968503590091,0.7325754968438918,0.8666623172312415,0.8523658961269198
137.8,0.24199262934268384,0.028581184388004992,0.7294261862693112,0.8930561141022044,0.8523658961269198
137.9,0.2985347187072805,0,0.7014652812927195,0.6216323012411052,0.8523658961269198
138,0.3431567440468609,3.700743415417188e-17,0.6568432559531392,0.6405638232658424,0.8523658961269198
138.1,0.38913771237221917,3.700743415417188e-17,0.6108622876277808,0.6600718959708731,0.8523658961269198
138.20000000000002,0.43651900965865664,0,0.5634809903413434,0.6801740779384665,0.8523658961269198
138.3,0.48534328227206475,0,0.5146567177279352,0.7008884624893315,0.8523658961269198
138.4,0.5356544753535326,3.700743415417188e-17,0.46434552464646733,0.7222336939678264,0.8523658961269198
138.5,0.586045776950823,0.0027084663046345694,0.41124575674454245,0.7442260330155793,0.8523658961269198
138.6,0.6317333781915351,0.015659505827637962,0.35260711598082706,0.7668910899252299,0.8523658961269198
138.70000000000002,0.670767791399794,0.03950195506308469,0.2897302535371211,0.7902464005775988,0.8523658961269198
138.8,0.7014977209047524,0.07415197181366137,0.22435030728158625,0.8143129863286551,0.8523658961269198
138.9,0.722433543468735,0.11917723879239302,0.158389217738872,0.8391125087299628,0.8523658961269198
139,0.7323046218072747,0.17378914721305008,0.09390623097967518,0.8646672890255429,0.8523658961269198
139.1,0.7301132063296589,0.2368458142511031,0.033040979419238024,0.8910003282424969,0.8523658961269198
139.20000000000002,0.7048274986386481,0.2951725013613519,0,0.6202058332300276,0.8523658961269198
139.3,0.6603078680613885,0.33969213193861153,0,0.6390939128362878,0.8523658961269198
139.4,0.6144324128831167,0.3855675871168833,0,0.6585572201042331,0.8523658961269198
139.5,0.5671598420974859,0.43284015790251407,3.700743415417188e-17,0.6786132733242174,0.8523658961269198
139.6,0.5184476071997952,0.48155239280020484,3.700743415417188e-17,0.6992801242979629,0.8523658961269198
139.70000000000002,0.4682518638904621,0.531748136109538,3.700743415417188e-17,0.7205763745864002,0.8523658961269198
139.8,0.4155183609370044,0.5823246909563864,0.0021569481066092233,0.7425262404595092,0.8523658961269198
139.9,0.3572689433645808,0.6284509628449131,0.014280093790506196,0.7651395309792343,0.8523658961269198
140,0.2946572944750167,0.6680554349171444,0.037287270607838895,0.7884414987204037,0.8523658961269198
140.1,0.2294024595899297,0.699476828798569,0.07112071161150132,0.8124531170267656,0.8523658961269198
140.20000000000002,0.16341374177276616,0.7212110649384307,0.11537519328880327,0.8371959979754748,0.8523658961269198
140.3,0.09874181978405812,0.7319687586861999,0.16928942152974186,0.8626924118294212,0.8523658961269198
140.4,0.03752235269525402,0.7307294521778335,0.23174819512691247,0.8889653070819689,0.8523658961269198
140.5,0,0.7082060395294271,0.291793960470573,0.6187724397253962,0.8523658961269198
140.6,7.401486830834377e-17,0.6637893008404387,0.3362106991595612,0.6376168660005007,0.8523658961269198
140.70000000000002,1.4802973661668753e-16,0.6180198710749429,0.38198012892505695,0.6570351904954347,0.8523658961269198
140.8,1.1102230246251565e-16,0.570856554656622,0.429143445343378,0.6770448910130198,0.8523658961269198
140.9,1.1102230246251565e-16,0.5222569014170798,0.47774309858292013,0.6976639776344168,0.8523658961269198
141,1.850371707708594e-16,0.47217716838782586,0.527822831612174,0.7189110089294152,0.8523658961269198
141.1,0.0016706468457740598,0.419784374924513,0.5785449782297128,0.7408051385950162,0.8523658961269198
141.20000000000002,0.01296154395616118,0.3619367792660217,0.6251016767778171,0.7633660137597608,0.8523658961269198
141.3,0.035126891117844936,0.2996035308607341,0.6652695780214211,0.7866139698607483,0.8523658961269198
141.4,0.06813506872222791,0.23448719998801154,0.6973777312897605,0.810569931627604,0.8523658961269198
141.5,0.11160809124719816,0.168484039567961,0.7199078691848408,0.835255461042841,0.8523658961269198
141.6,0.16481219548253706,0.10363572942416233,0.7315520750933006,0.8606927767490975,0.8523658961269198
141.70000000000002,0.2266591476533622,0.042073517251513315,0.7312673350951244,0.8869047740474172,0.8523658961269198
141.8,0.2884207649008665,3.700743415417188e-17,0.7115792350991335,0.6173413140484314,0.8523658961269198
141.9,0.3327347744908453,3.700743415417188e-17,0.6672652255091547,0.6361421560580153,0.8523658961269198
142,0.37839834659049776,3.700743415417188e-17,0.6216016534095024,0.6555155689489344,0.8523658961269198
142.1,0.4254525814970969,3.700743415417188e-17,0.5745474185029031,0.6754789901005349,0.8523658961269198
142.20000000000002,0.47393983119831484,1.1102230246251565e-16,0.526060168801685,0.6960503879394248,0.8523658961269198
142.3,0.5239037374918701,1.1102230246251565e-16,0.47609626250812975,0.71724827811227,0.8523658961269198
142.4,0.5747356409163786,0.001246063032121548,0.42401829605149977,0.7390890651654161,0.8523658961269198
142.5,0.6217127022148125,0.011705892646822685,0.3665814051383649,0.7615976781138214,0.8523658961269198
142.6,0.6624346070648732,0.03302866636150785,0.30453672657361874,0.7847917803770327,0.8523658961269198
142.70000000000002,0.6952210713653292,0.06520881650454648,0.23957011213012433,0.8086922482125875,0.8523658961269198
142.8,0.7185399686510077,0.10789555841525332,0.17356447293373906,0.8333205936547146,0.8523658961269198
142.9,0.7310651579730486,0.16038268570916403,0.10855215631778739,0.858698983876617,0.8523658961269198
143,0.7317313447506115,0.2216090241006107,0.04665963114877778,0.8848502611424248,0.8523658961269198
143.1,0.7149299278171929,0.2850700721828071,0,0.6159197355228642,0.8523658961269198
143.20000000000002,0.670717962012364,0.329282037987636,0,0.6346772840209736,0.8523658961269198
143.3,0.6251595413937812,0.3748404586062189,3.700743415417188e-17,0.654006084916703,0.8523658961269198
143.4,0.5782136603076019,0.42178633969239804,3.700743415417188e-17,0.6739235354355916,0.8523658961269198
143.5,0.529838064291907,0.47016193570809306,3.700743415417188e-17,0.694447562627575,0.8523658961269198
143.6,0.4799892120448314,0.5200107879551685,3.700743415417188e-17,0.7155966395025389,0.8523658961269198
143.70000000000002,0.42819820292898647,0.5709170827431421,0.0008847143278714737,0.7373869195707875,0.8523658961269198
143.8,0.3711786335685767,0.6183023464502873,0.010519019981136054,0.7598436944685747,0.8523658961269198
143.9,0.30943105634023615,0.6595660217621725,0.031002921897591174,0.7829843799775011,0.8523658961269198
144,0.2446244519144057,0.6930188752176882,0.06235667286790608,0.8068298042764195,0.8523658961269198
144.1,0.1786281716198185,0.7171153192175995,0.10425650916258197,0.8314014298566611,0.8523658961269198
144.20000000000002,0.11346494976980136,0.730511388490487,0.1560236617397117,0.8567213728397248,0.8523658961269198
144.3,0.051256138390138664,0.7321198973100835,0.21662396429977793,0.8828124228832807,0.8523658961269198
144.4,0,0.7182683180118081,0.281731681988192,0.6145033765159488,0.8523658961269198
144.5,0,0.6741580213245111,0.3258419786754889,0.6332177904605917,0.8523658961269198
144.6,0,0.6287043661090519,0.37129563389094805,0.6525021431601314,0.8523658961269198
144.70000000000002,3.700743415417188e-17,0.5818664410075233,0.41813355899247684,0.6723737918337307,0.8523658961269198
144.8,3.700743415417188e-17,0.5336020887256786,0.46639791127432134,0.6928506223065719,0.8523658961269198
144.9,3.700743415417188e-17,0.4838678680885231,0.5161321319114769,0.7139510651083082,0.8523658961269198
145,0.0005840060083884186,0.43233680178536954,0.5670791922062421,0.735695091702805,0.8523658961269198
145.1,0.009395952694499634,0.37574213254282884,0.6148619147626714,0.7581003427715292,0.8523658961269198
145.20000000000002,0.029042316811148387,0.31430077522766064,0.656656907961191,0.7811879353171967,0.8523658961269198
145.3,0.059569016015840005,0.24966464499525198,0.690766338988908,0.8049786497314102,0.8523658961269198
145.4,0.100679205395217,0.18368928420129277,0.7156315104034903,0.8294938992629114,0.8523658961269198
145.5,0.1517215111659184,0.11838751472833327,0.7298909741057484,0.8547557492909503,0.8523658961269198
145.6,0.21168879801046547,0.055875228519901426,0.7324359734696332,0.8807869371856163,0.8523658961269198
145.70000000000002,0.2783834366062944,0,0.7216165633937057,0.613082836307179,0.8523658961269198
145.8,0.3223917640409237,0,0.6776082359590763,0.6317539883618015,0.8523658961269198
145.9,0.36774034457764765,7.401486830834377e-17,0.6322596554223523,0.6509937616506225,0.8523658961269198
146,0.4144699950000701,1.1102230246251565e-16,0.5855300049999298,0.6708194732683255,0.8523658961269198
146.1,0.46262277514791716,1.1102230246251565e-16,0.5373772248520827,0.6912489676936421,0.8523658961269198
146.20000000000002,0.5122420257737322,1.850371707708594e-16,0.48775797422626765,0.7123006328505871,0.8523658961269198
146.3,0.5631957092472807,0.0003445518585047762,0.43645973889421447,0.7339970603183381,0.8523658961269198
146.4,0.6113673188450063,0.008331991792773568,0.3803006893622201,0.7563505986327967,0.8523658961269198
146.5,0.6536862485387782,0.027136660063580304,0.3191770913976415,0.779384903536374,0.8523658961269198
146.6,0.6884463742370068,0.056830146963439174,0.254723478799554,0.8031207074581975,0.8523658961269198
146.70000000000002,0.7140761681796368,0.09714259825067073,0.18878123356969248,0.8275793742238601,0.8523658961269198
146.8,0.7291969397732602,0.14745017302389166,0.12335288720284816,0.8527829182843029,0.8523658961269198
146.9,0.7326785525763538,0.206772970034389,0.06054847738925718,0.8787540245303097,0.8523658961269198
147,0.723690691579298,0.27378413563684595,0.0025251727838559892,0.905516068710437,0.8523658961269198
147.1,0.6810574225211488,0.31894257747885124,0,0.6302906224372302,0.8523658961269198
147.20000000000002,0.6358138853536915,0.36418611464630846,0,0.649485829598815,0.8523658961269198
147.3,0.5891924773473918,0.41080752265260834,0,0.6692656178486467,0.8523658961269198
147.4,0.5411512360880042,0.45884876391199575,3.700743415417188e-17,0.6896477903313256,0.8523658961269198
147.5,0.49164692121551434,0.5083530787844854,1.1102230246251564e-16,0.7106506923779244,0.8523658961269198
147.6,0.4405508651209311,0.5592777416244428,0.00017139325462607353,0.7322902163827845,0.8523658961269198
147.70000000000002,0.38483729007643624,0.6078276607910272,0.007335049132536528,0.7545917735608424,0.8523658961269198
147.8,0.32404261303647186,0.6506607267827912,0.025296660180736993,0.7775725142667411,0.8523658961269198
147.9,0.2597837127164111,0.6860628835860231,0.0541534036975659,0.8012531227182151,0.8523658961269198
148,0.19388748729595726,0.7124501185970217,0.09366239410702114,0.8256549130612081,0.8523658961269198
148.1,0.12834581187219696,0.7284268184876894,0.14322736964011368,0.8507998485540428,0.8523658961269198
148.20000000000002,0.06526247032552443,0.7328417492990978,0.20189578037537778,0.8767105613358352,0.8523658961269198
148.3,0.006793250975164085,0.7248397357069587,0.2683670133178772,0.903410372796949,0.8523658961269198
148.4,0,0.6844836835279813,0.31551631647201883,0.6288369830020025,0.8523658961269198
148.5,0,0.6393444915426901,0.3606555084573099,0.647987920252051,0.8523658961269198
148.6,0,0.5928306065024496,0.4071693934975505,0.6677220903708223,0.8523658961269198
148.70000000000002,0,0.544900162770942,0.455099837229058,0.6880572554435198,0.8523658961269198
148.8,3.700743415417188e-17,0.49551001971340697,0.504489980286593,0.7090117184913738,0.8523658961269198
148.9,0.000056887537465456105,0.44458758248546043,0.555355529977074,0.7306029489502873,0.8523658961269198
149,0.006402784733435895,0.38932511270254566,0.6042721025640184,0.7528531211852193,0.8523658961269198
149.1,0.023525682087471265,0.3288668849315899,0.6476074329809387,0.7757809120435027,0.8523658961269198
149.20000000000002,0.0515481019367511,0.26481200101382185,0.6836398970494271,0.7994069580844352,0.8523658961269198
149.3,0.09025393154938176,0.19897268957966238,0.7107733788709559,0.8237525243441083,0.8523658961269198
149.4,0.1390743476861462,0.13332992161022633,0.7275957307036275,0.8488395234753745,0.8523658961269198
149.5,0.19708407424978736,0.0699809215019721,0.7329350042482405,0.8746905354707146,0.8523658961269198
149.6,0.26300873085595466,0.011079739734106798,0.7259115294099385,0.901328827985754,0.8523658961269198
149.70000000000002,0.31211427661686064,0,0.6878857233831394,0.6273936197311328,0.8523658961269198
149.8,0.35714986106387175,0,0.6428501389361283,0.6465006000254415,0.8523658961269198
149.9,0.4035569832465398,0,0.5964430167534601,0.6661894744998718,0.8523658961269198
150,0.45137741270740406,0,0.5486225872925959,0.6864779644704898,0.8523658961269198
150.1,0.500654191060955,3.700743415417188e-17,0.499345808939045,0.7073843309477833,0.8523658961269198
150.20000000000002,0.5514292846096891,0.000004772248607881405,0.448565943141703,0.7289257118527981,0.8523658961269198
150.3,0.6007000696402285,0.0055394186752589685,0.39376051168451254,0.7511248046137807,0.8523658961269198
150.4,0.6445249774992532,0.021828324194043795,0.33364669830670296,0.7739999603965471,0.8523658961269198
150.5,0.6811752036196396,0.049019095752898936,0.2698057006274616,0.7975717683852738,0.8523658961269198
150.6,0.7090429360595817,0.0869221819362411,0.20403488200417721,0.8218614447981444,0.8523658961269198
150.70000000000002,0.7266999076588995,0.13499604514988692,0.1383040471912137,0.8468908519833775,0.8523658961269198
150.8,0.732953865814586,0.1923425973616103,0.07470353682380354,0.8726825180968147,0.8523658961269198
150.9,0.7269010374076236,0.25771367903888903,0.01538528355348744,0.8992596573787827,0.8523658961269198
151,0.6913049994561741,0.30869500054382587,3.700743415417188e-17,0.6259429437523377,0.8523658961269198
151.1,0.6463735474684256,0.3536264525315743,1.1102230246251565e-16,0.6450057443857944,0.8523658961269198
151.20000000000002,0.6000737290505362,0.3999262709494636,1.850371707708594e-16,0.6646490937283914,0.8523658961269198
151.3,0.5523638712405985,0.44763612875940123,2.9605947323337506e-16,0.684890672120503,0.8523658961269198
151.4,0.5032010319460717,0.496798968053928,3.3306690738754696e-16,0.7057486983490294,0.8523658961269198
151.5,0.45254096129299953,0.5474590387070002,3.3306690738754696e-16,0.7272419460455357,0.8523658961269198
151.6,0.3981988874712441,0.5970725764895504,0.004728536039205553,0.749398664005846,0.8523658961269198
151.70000000000002,0.3384406008168667,0.6413811519100979,0.020178247273035237,0.7722212509810492,0.8523658961269198
151.8,0.2748248413285784,0.6786448141096297,0.04653034456179193,0.7957388892036839,0.8523658961269198
151.9,0.20913376132577097,0.7072442904562514,0.08362194821797767,0.8199727461354881,0.8523658961269198
152,0.1433256355616933,0.725735386491278,0.1309389779470287,0.8449446338833789,0.8523658961269198
152.1,0.07948354956784316,0.7329056854183861,0.18761076501377072,0.8706770288318227,0.8523658961269198
152.20000000000002,0.01975695058474295,0.7278273915290617,0.25241565788619524,0.8971930918730974,0.8523658961269198
152.3,0,0.694713761811389,0.3052862381886111,0.6244967283662424,0.8523658961269198
152.4,0,0.6498861220925268,0.3501138779074733,0.6435154851841194,0.8523658961269198
152.5,0,0.6036932774977914,0.3963067225022086,0.6631134493772596,0.8523658961269198
152.6,7.401486830834377e-17,0.556093651348937,0.443906348651063,0.683308260436339,0.8523658961269198
152.70000000000002,1.850371707708594e-16,0.5070444007693585,0.49295559923064136,0.7041180950545015,0.8523658961269198
152.8,1.850371707708594e-16,0.45650137812261116,0.5434986218773887,0.7255616834876099,0.8523658961269198
152.9,0.003992271877280919,0.4025979285716022,0.5934097995511168,0.7476562856233389,0.8523658961269198
153,0.0186043261560359,0.3432058455803865,0.6381898282635776,0.770425809277124,0.8523658961269198
153.1,0.044116962561810226,0.2798275717298797,0.67605546570831,0.7938887681596227,0.8523658961269198
153.20000000000002,0.08039385441649637,0.2142297563894411,0.7053763891940625,0.8180662805174759,0.8523658961269198
153.3,0.12694833025377383,0.14835879373515942,0.7246928760110667,0.8429801077436817,0.8523658961269198
153.4,0.1829371682949552,0.0842901124628314,0.7327727192422134,0.868652673964318,0.8523658961269198
153.5,0.24716533262788684,0.024170231111344222,0.7286644362607689,0.8951070862217685,0.8523658961269198
153.6,0.3018863684492711,0,0.698113631550729,0.6230542857975394,0.8523658961269198
153.70000000000002,0.34661046671971907,7.401486830834377e-17,0.6533895332802809,0.6420291136992317,0.8523658961269198
153.8,0.39269661655948385,0,0.6073033834405162,0.661581811141518,0.8523658961269198
153.9,0.44018629861432973,7.401486830834377e-17,0.5598137013856702,0.6817299768719426,0.8523658961269198
154,0.48912225680375576,1.1102230246251565e-16,0.510877743196244,0.7024917455997052,0.8523658961269198
154.1,0.5395485367934084,1.850371707708594e-16,0.4604514632065914,0.723885804318122,0.8523658961269198
154.20000000000002,0.5897208937349312,0.0033145009887692338,0.40696460527629963,0.7459302225205497,0.8523658961269198
154.3,0.6349626671296386,0.017090417169860414,0.34794691570050107,0.768647179727155,0.8523658961269198
154.4,0.6734211092016587,0.04176329925117171,0.2848155915471697,0.7920559712758292,0.8523658961269198
154.5,0.7034551717625966,0.07722327081852924,0.21932155741887416,0.8161776666589567,0.8523658961269198
154.6,0.7235899210855354,0.12301102096426775,0.15339905795019687,0.8410339770304911,0.8523658961269198
154.70000000000002,0.7325736595084922,0.1783107859742966,0.0891155545172113,0.8666472747474592,0.8523658961269198
154.8,0.7294314883907754,0.24195421936099956,0.028614292248225072,0.8930406135065906,0.8523658961269198
154.9,0.7014907474086421,0.29850925259135785,7.401486830834377e-17,0.6216214968831495,0.8523658961269198
155,0.6568694976277539,0.3431305023722461,7.401486830834377e-17,0.6405526898662004,0.8523658961269198
155.1,0.6108893284803661,0.3891106715196338,3.700743415417188e-17,0.6600604235087338,0.8523658961269198
155.20000000000002,0.5635088547104918,0.43649114528950816,0,0.6801622560878395,0.8523658961269198
155.3,0.5146854306934601,0.48531456930654,7.401486830834377e-17,0.700876280609753,0.8523658961269198
155.4,0.4643751120519756,0.5356248879480243,7.401486830834377e-17,0.7222211410947827,0.8523658961269198
155.5,0.41127819016942685,0.5860177023449349,0.0027041074856383055,0.7442130548082495,0.8523658961269198
155.6,0.3526424686883502,0.6317086537924058,0.015648877519244094,0.7668777164726457,0.8523658961269198
155.70000000000002,0.28976758310549766,0.6707474097161732,0.03948500717832921,0.7902326198427504,0.8523658961269198
155.8,0.2243885502200972,0.7014825978770868,0.07412885190281605,0.8142987859079507,0.8523658961269198
155.9,0.1584272157820002,0.7224244846406036,0.11914829957739627,0.8390978758420659,0.8523658961269198
156,0.09394276201759884,0.7323022899116138,0.17375494807078742,0.8646522104998662,0.8523658961269198
156.1,0.033074792368902504,0.7301180914068585,0.23680711622423906,0.8909847905073494,0.8523658961269198
156.20000000000002,3.700743415417188e-17,0.7048534406079868,0.2951465593920131,0.6201948269845656,0.8523658961269198
156.3,1.1102230246251565e-16,0.6603346000813131,0.33966539991868683,0.6390825714007494,0.8523658961269198
156.4,1.1102230246251565e-16,0.6144599590142497,0.3855400409857504,0.6585455332705613,0.8523658961269198
156.5,7.401486830834377e-17,0.5671882271332048,0.43281177286679523,0.6786012305734728,0.8523658961269198
156.6,1.1102230246251565e-16,0.518476856688548,0.4815231433114519,0.6992677147908567,0.8523658961269198
156.70000000000002,7.401486830834377e-17,0.4682820041587633,0.5317179958412365,0.7205635871535384,0.8523658961269198
156.8,0.002153124861711042,0.41555115387162445,0.5822957212666646,0.7425127114789193,0.8523658961269198
156.9,0.01426988047454229,0.3573048076743286,0.6284253118511292,0.7651255899798469,0.8523658961269198
157,0.03727059649571013,0.29469528089249547,0.6680341226117944,0.7884271331543791,0.8523658961269198
157.1,0.07109770682484609,0.22944149274189127,0.6994608004332625,0.8124383139641245,0.8523658961269198
157.20000000000002,0.1153461970824947,0.16345264654021716,0.7212011563772882,0.8371807440924617,0.8523658961269198
157.3,0.16925498444790388,0.0987793524606988,0.7319656630913973,0.8626766933965112,0.8523658961269198
157.4,0.23170907458088452,0.03755723625124821,0.7307336891678673,0.8889491099515122,0.8523658961269198
157.5,0.2917680203951287,0,0.7082319796048714,0.6187614342834455,0.8523658961269198
157.6,0.33618396909120846,0,0.6638160309087915,0.6376055253929445,0.8523658961269198
157.70000000000002,0.3819525848049298,0,0.6180474151950702,0.6570235045149607,0.8523658961269198
157.8,0.4291150623799091,3.700743415417188e-17,0.5708849376200908,0.6770328491414564,0.8523658961269198
157.9,0.4777138512295267,3.700743415417188e-17,0.5222861487704733,0.6976515690332671,0.8523658961269198
158,0.5277926935442637,7.401486830834377e-17,0.4722073064557362,0.7188982224301005,0.8523658961269198
158.1,0.5785158890937554,0.0016670298023568478,0.4198170811038878,0.7407921874807167,0.8523658961269198
158.20000000000002,0.6250758745046201,0.012951536590349658,0.3619725889050302,0.7633526682253126,0.8523658961269198
158.3,0.6652480854402516,0.03511041614721709,0.29964149841253124,0.7866002178942689,0.8523658961269198
158.4,0.6973614975854558,0.06811224952188634,0.2345262528926578,0.8105557608513964,0.8523658961269198
158.5,0.7198977351940699,0.1115792603388633,0.1685230044670668,0.8352408587022495,0.8523658961269198
158.6,0.7315487398964301,0.16477789690526232,0.10367336319830762,0.8606777297010307,0.8523658961269198
158.70000000000002,0.731271325044974,0.2266201327622291,0.04210854219279693,0.8868892687485159,0.8523658961269198
158.8,0.7116054982024631,0.2883945017975369,0,0.6173301715573558,0.8523658961269198
158.9,0.6672922884430563,0.3327077115569437,3.700743415417188e-17,0.6361306742275669,0.8523658961269198
159,0.6216295405324433,0.3783704594675566,0,0.6555037374446907,0.8523658961269198
159.1,0.5745761549151768,0.4254238450848232,0,0.6754667982733435,0.8523658961269198
159.20000000000002,0.5260897803680022,0.47391021963199775,0,0.6960378248158182,0.8523658961269198
159.3,0.4761267758808988,0.5238732241191012,0,0.7172353323845891,0.8523658961269198
159.4,0.42405114666911403,0.5747058262182346,0.0012430271126513516,0.7390756483626414,0.8523658961269198
159.5,0.3666174953632662,0.6216861186958226,0.011696385940911207,0.7615838527085722,0.8523658961269198
159.6,0.3045751103653581,0.6624122989264426,0.033012590708199396,0.7847775339255113,0.8523658961269198
159.70000000000002,0.23960971209573304,0.6952040115758772,0.06518627632838978,0.8086775678920263,0.8523658961269198
159.8,0.1736041064275537,0.7185290236358877,0.10786686993655858,0.8333054662518338,0.8523658961269198
159.9,0.10859056649843452,0.7310610535052376,0.16034837999632787,0.8586833957757333,0.8523658961269198
160,0.04669552231336053,0.7317346341998672,0.2215698434867723,0.8848341983131951,0.8523658961269198
160.1,0,0.714956517971026,0.2850434820289741,0.6159084542760114,0.8523658961269198
160.20000000000002,3.700743415417188e-17,0.6707453619569396,0.3292546380430604,0.6346656592090054,0.8523658961269198
160.3,3.700743415417188e-17,0.6251877757908991,0.3748122242091008,0.6539941060765039,0.8523658961269198
160.4,7.401486830834377e-17,0.5782427545701256,0.4217572454298743,0.6739111917853969,0.8523658961269198
160.5,7.401486830834377e-17,0.5298680446066365,0.47013195539336355,0.6944348430572664,0.8523658961269198
160.6,7.401486830834377e-17,0.4800201053960738,0.5199798946039262,0.7155835325636447,0.8523658961269198
160.70000000000002,0.0008820637698556853,0.4282312796685939,0.5708866565615505,0.7373734732345913,0.8523658961269198
160.8,0.01050981855057474,0.3712150555230167,0.6182751259264085,0.7598298386304777,0.8523658961269198
160.9,0.030987056784542458,0.30946987346243904,0.6595430697530185,0.7829701021663138,0.8523658961269198
161,0.062334235951246576,0.24466457932978422,0.6930011847189691,0.8068150916411485,0.8523658961269198
161.1,0.10422780674882488,0.1786684157488563,0.7171037775023187,0.8313862691549412,0.8523658961269198
161.20000000000002,0.1559892180929789,0.11350403951886517,0.730506742388156,0.8567057504259011,0.8523658961269198
161.3,0.21658451846686846,0.051292760733173806,0.7321227207999578,0.8827963246961262,0.8523658961269198
161.4,0.28170459497745404,0,0.718295405022546,0.6144918844705638,0.8523658961269198
161.5,0.3258140667424629,3.700743415417188e-17,0.6741859332575372,0.6332059484303204,0.8523658961269198
161.6,0.3712668719130099,3.700743415417188e-17,0.6287331280869901,0.6524899404863471,0.8523658961269198
161.70000000000002,0.4181039210819049,3.700743415417188e-17,0.5818960789180951,0.6723612175332032,0.8523658961269198
161.8,0.4663673707549956,0,0.5336326292450043,0.6928376650615822,0.8523658961269198
161.9,0.5161006612948682,7.401486830834377e-17,0.4838993387051317,0.7139377132564608,0.8523658961269198
162,0.5670478382070978,0.0005819531905801935,0.43237020860232206,0.7356810743280501,0.8523658961269198
162.1,0.6148337250265385,0.009387229018738941,0.3757790459547225,0.7580858985041602,0.8523658961269198
162.20000000000002,0.6566329735713445,0.029026786872650503,0.31434023955600493,0.7811730511563982,0.8523658961269198
162.3,0.6907476833310172,0.059546752230358095,0.24970556443862474,0.8049633122804328,0.8523658961269198
162.4,0.7156190524727047,0.10065049854973869,0.18373044897755647,0.8294780947170143,0.8523658961269198
162.5,0.729885492860672,0.15168687468545794,0.11842763245387015,0.8547394634249753,0.8523658961269198
162.6,0.7324380744301775,0.21164896541684539,0.055912960152977025,0.8807701553411844,0.8523658961269198
162.70000000000002,0.7216436484269556,0.2783563515730444,0,0.6130713451007711,0.8523658961269198
162.8,0.6776361458543909,0.3223638541456091,7.401486830834377e-17,0.6317421471960579,0.8523658961269198
162.9,0.6322884153005216,0.36771158469947846,7.401486830834377e-17,0.6509815598676948,0.8523658961269198
163,0.5855596407467855,0.4144403592532146,7.401486830834377e-17,0.6708068998857853,0.8523658961269198
163.1,0.5374077631417973,0.46259223685820267,3.700743415417188e-17,0.6912360113945965,0.8523658961269198
163.20000000000002,0.4877894425453633,0.5122105574546366,1.1102230246251565e-16,0.7122872819734923,0.8523658961269198
163.3,0.43649304505288045,0.5631642398705403,0.0003427150765793244,0.7339836468393285,0.8523658961269198
163.4,0.3803375345824518,0.6113389795254538,0.008323485892094452,0.7563367766525368,0.8523658961269198
163.5,0.3192165241746062,0.6536621329958723,0.027121342829521587,0.7793706606141482,0.8523658961269198
163.6,0.25476440659973293,0.6884275096583884,0.05680808374187861,0.8031060307744149,0.8523658961269198
163.70000000000002,0.18882244881328802,0.7140634784795374,0.09711407270717452,0.8275642505685141,0.8523658961269198
163.8,0.12339309850717214,0.7291912098593052,0.1474156916335227,0.8527673340450838,0.8523658961269198
163.9,0.060586345406010544,0.7326803948221399,0.20673325977184964,0.8787379656803498,0.8523658961269198
164,0.002559349776036872,0.7237005157041065,0.2737401345198567,0.905499520795688,0.8523658961269198
164.1,0,0.6810856799742215,0.3189143200257785,0.6302786338152182,0.8523658961269198
164.20000000000002,0,0.6358430033743283,0.36415699662567175,0.6494734758689068,0.8523658961269198
164.3,3.700743415417188e-17,0.5892224821437765,0.41077751785622346,0.6692528878916515,0.8523658961269198
164.4,0,0.5411821546664793,0.45881784533352066,0.6896346726894231,0.8523658961269198
164.5,0,0.49167878140488763,0.5083212185951124,0.7106371752443513,0.8523658961269198
164.6,0.0001701896674347267,0.4405842809771558,0.5592455293554095,0.7322763195080253,0.8523658961269198
164.70000000000002,0.007327098530621063,0.3848743877352509,0.6077985137341281,0.7545774534632407,0.8523658961269198
164.8,0.025281797894194886,0.3240824418012198,0.6506357603045854,0.7775577580572423,0.8523658961269198
164.9,0.054131674415989525,0.25982517635204083,0.6860431492319697,0.8012379171152351,0.8523658961269198
165,0.0936340634060499,0.19392936985014006,0.7124365667438101,0.8256392443786774,0.8523658961269198
165.1,0.14319292920454407,0.12838680889582127,0.7284202618996347,0.8507837026890894,0.8523658961269198
165.20000000000002,0.20185594636314216,0.0653012248347617,0.7328428288020962,0.8766939237560913,0.8523658961269198
165.3,0.2683227174927129,0.006828393306012449,0.7248488892012747,0.9033932285274697,0.8523658961269198
165.4,0.31548770713310353,0,0.6845122928668965,0.628824845087471,0.8523658961269198
165.5,0.36062602783431136,3.700743415417188e-17,0.6393739721656886,0.6479754126829893,0.8523658961269198
165.6,0.40713901505591793,7.401486830834377e-17,0.592860984944082,0.667709201889574,0.8523658961269198
165.70000000000002,0.45506853362614347,1.850371707708594e-16,0.5449314663738564,0.6880439744495817,0.8523658961269198
165.8,0.5044577233470405,1.850371707708594e-16,0.49554227665295925,0.7089980330309548,0.8523658961269198
165.9,0.5553226850821318,0.00005611200343282182,0.44462120291443546,0.7305890243844873,0.8523658961269198
166,0.6042422904551759,0.0063951827822087155,0.38936252676261546,0.7528387725532589,0.8523658961269198
166.1,0.6475817881442896,0.02351107306466427,0.32890713879104616,0.7757661264306446,0.8523658961269198
166.20000000000002,0.6836194917549172,0.05152651658891096,0.26485399165617185,0.7993917221826298,0.8523658961269198
166.3,0.7107591852656684,0.09022562411966024,0.19901519061467118,0.8237368244400156,0.8523658961269198
166.4,0.72758858374134,0.1390398016588027,0.13337161459985733,0.8488233454380215,0.8523658961269198
166.5,0.7329355666844701,0.19704400116831725,0.07002043214721254,0.8746738647387756,0.8523658961269198
166.6,0.7259202601020912,0.2629640618240832,0.011115678073825467,0.9013116495544449,0.8523658961269198
166.70000000000002,0.6879148661485182,0.3120851338514819,7.401486830834377e-17,0.6273812555029197,0.8523658961269198
166.8,0.6428801692308448,0.35711983076915527,7.401486830834377e-17,0.6464878592504203,0.8523658961269198
166.9,0.5964739616068068,0.40352603839319334,7.401486830834377e-17,0.6661763457104853,0.8523658961269198
167,0.5486544745570293,0.45134552544297063,3.700743415417188e-17,0.6864644358499412,0.8523658961269198
167.1,0.4993786673152559,0.5006213326847441,3.700743415417188e-17,0.7073703903194006,0.8523658961269198
167.20000000000002,0.4485998586362193,0.5513954819787155,0.000004659385065182361,0.7289111915565292,0.8523658961269198
167.3,0.39379839138872186,0.6006692477036273,0.005532360907650888,0.7511098421086578,0.8523658961269198
167.4,0.33368758414621075,0.6444982995980215,0.021814116255767773,0.7739845422153053,0.8523658961269198
167.5,0.26984847979725735,0.6811537734010066,0.04899774680173613,0.7975558806505096,0.8523658961269198
167.6,0.20407831274766317,0.7090277587296037,0.08689392852273317,0.8218450732098243,0.8523658961269198
167.70000000000002,0.1383467902693263,0.7266918519659247,0.13496135776474905,0.8468739818059664,0.8523658961269198
167.8,0.07474419202650012,0.7329536280163398,0.19230217995715995,0.8726651341460147,0.8523658961269198
167.9,0.01542243040565436,0.7269091084891169,0.2576684611052287,0.8992417440078647,0.8523658961269198
168,7.401486830834377e-17,0.6913341400939842,0.3086658599060157,0.6259305804267754,0.8523658961269198
168.1,7.401486830834377e-17,0.6464035755707794,0.3535964244292206,0.6449930045409142,0.8523658961269198
168.20000000000002,3.700743415417188e-17,0.6001046716447529,0.3998953283552471,0.664635965897473,0.8523658961269198
168.3,3.700743415417188e-17,0.5523957561771016,0.4476042438228985,0.6848771444876123,0.8523658961269198
168.4,0,0.5032338879234561,0.4967661120765438,0.7057347587383836,0.8523658961269198
168.5,1.1102230246251565e-16,0.4525748178838629,0.547425182116137,0.7272275819105437,0.8523658961269198
168.6,0.004721732792728082,0.39823667570169047,0.5970415915055816,0.7493842982489242,0.8523658961269198
168.70000000000002,0.02016429034443762,0.3384814366208978,0.6413542730346646,0.772206447721697,0.8523658961269198
168.8,0.046509234918671094,0.2748676160529063,0.6786231490284226,0.7957236351179688,0.8523658961269198
168.9,0.08359391408592784,0.20917723617413245,0.7072288497399398,0.8199570274937032,0.8523658961269198
169,0.13090448161315418,0.14336847289626686,0.725727045490579,0.8449284365376859,0.8523658961269198
169.1,0.18757050261619665,0.0795243492858334,0.73290514809797,0.8706603382035176,0.8523658961269198
169.20000000000002,0.25237055176253975,0.01979429072849864,0.7278351575089617,0.8971758929394873,0.8523658961269198
169.3,0.3052567555990529,0,0.6947432444009471,0.6244842199628402,0.8523658961269198
169.4,0.3500834974393903,0,0.6499165025606096,0.643502595843121,0.8523658961269198
169.5,0.39627541681112893,0,0.6037245831888711,0.6631001674973882,0.8523658961269198
169.6,0.4438740895597512,3.700743415417188e-17,0.5561259104402487,0.6832945740630062,0.8523658961269198
169.70000000000002,0.49292235770373793,7.401486830834377e-17,0.5070776422962621,0.7041039918690476,0.8523658961269198
169.8,0.5434643679952758,7.401486830834377e-17,0.4565356320047242,0.7255471507962157,0.8523658961269198
169.9,0.5933780204260982,0.00398606033557349,0.40263591923832837,0.74764146222752,0.8523658961269198
170,0.6381621033940492,0.018590867649201533,0.34324702895674936,0.7704105344416958,0.8523658961269198
170.1,0.6760329264456276,0.044096236457324085,0.27987083709704824,0.7938730281362022,0.8523658961269198
170.20000000000002,0.7053600721333052,0.08036606965329088,0.21427385821340392,0.8180500611389794,0.8523658961269198
170.3,0.7246836842053249,0.1269139329014279,0.14840238289324711,0.842963394411574,0.8523658961269198
170.4,0.7327713852603186,0.18289684204812165,0.08433177269155961,0.8686354516354721,0.8523658961269198
170.5,0.7286714883758875,0.24711999178339208,0.024208519840720397,0.8950893393949263,0.8523658961269198
170.6,0.6981434812825713,0.30185651871742875,0,0.623041621628858,0.8523658961269198
170.70000000000002,0.6534202920717952,0.3465797079282048,0,0.6420160638491953,0.8523658961269198
170.8,0.6073350789766909,0.3926649210233091,0,0.6615683638643804,0.8523658961269198
170.9,0.5598463621946277,0.44015363780537226,0,0.681716120064247,0.8523658961269198
171,0.5109113986749171,0.4890886013250829,7.401486830834377e-17,0.7024774667893892,0.8523658961269198
171.1,0.4604861436471824,0.5395138563528177,7.401486830834377e-17,0.7238710906532926,0.8523658961269198
171.20000000000002,0.407002804418922,0.5896882761911809,0.0033089193898971007,0.7459148671422515,0.8523658961269198
171.3,0.34798846124004773,0.6349340480212207,0.017077490738731705,0.7686313567079687,0.8523658961269198
171.4,0.28485937076458273,0.6733976448327248,0.0417429844026925,0.7920396663739695,0.8523658961269198
171.5,0.21936631783805438,0.7034379262044844,0.0771957559574612,0.8161608651989115,0.8523658961269198
171.6,0.15344343847944633,0.7235798266743455,0.12297673484620815,0.8410166638898126,0.8523658961269198
171.70000000000002,0.08915812196641106,0.7325714790843982,0.1782703989491907,0.8666294343431514,0.8523658961269198
171.8,0.02865358239423628,0.7294377805861971,0.24190863701956652,0.893022229781086,0.8523658961269198
171.9,0,0.7015209688547366,0.2984790311452635,0.6216086750094673,0.8523658961269198
172,3.700743415417188e-17,0.6569006394539044,0.3430993605460955,0.6405394775083306,0.8523658961269198
172.1,7.401486830834377e-17,0.6109214187163186,0.3890785812836814,0.6600468087746625,0.8523658961269198
172.20000000000002,7.401486830834377e-17,0.5635419222396246,0.43645807776037526,0.6801482267233872,0.8523658961269198
172.3,7.401486830834377e-17,0.5147195052787816,0.4852804947212183,0.7008618239875447,0.8523658961269198
172.4,7.401486830834377e-17,0.464410224362913,0.5355897756370871,0.7222062442028826,0.8523658961269198
172.5,0.002698934737122767,0.41131667994167087,0.5859843853212062,0.7441976628809908,0.8523658961269198
172.6,0.01563626456915065,0.35268442286573387,0.6316793125651156,0.7668618557914175,0.8523658961269198
172.70000000000002,0.03946489458687176,0.2898118832862491,0.6707232221268791,0.7902162761318695,0.8523658961269198
172.8,0.07410141477257423,0.22443393432610684,0.7014646509013189,0.8142819444569737,0.8523658961269198
172.9,0.11911395649466266,0.15847230926290506,0.7224137342424323,0.83908052149255,0.8523658961269198
173,0.1737143628658232,0.09398611455697775,0.7322995225771989,0.8646343276317257,0.8523658961269198
173.1,0.2367611920504712,0.033114919266881905,0.730123888682647,0.8909663630247961,0.8523658961269198
173.20000000000002,0.2951157732356027,0,0.7048842267643974,0.6201817655245869,0.8523658961269198
173.3,0.3396336761842305,0,0.6603663238157694,0.6390691121600944,0.8523658961269198
173.4,0.385507351119746,3.700743415417188e-17,0.614492648880254,0.6585316641350046,0.8523658961269198
173.5,0.43277808744615665,3.700743415417188e-17,0.5672219125538435,0.6785869390598565,0.8523658961269198
173.6,0.4814884320170267,3.700743415417188e-17,0.5185115679829734,0.6992529880358538,0.8523658961269198
173.70000000000002,0.5316822274305166,7.401486830834377e-17,0.46831777256948326,0.720548411902075,0.8523658961269198
173.8,0.5822613420186094,0.0021485876959352313,0.4155900702854554,0.7424966663070286,0.8523658961269198
173.9,0.6283948710046229,0.014257760009105067,0.35734736898627206,0.7651090561597259,0.8523658961269198
174,0.6680088306242277,0.037250808798897056,0.29474036057687525,0.7884100958044735,0.8523658961269198
174.1,0.6994417790646501,0.07107040631612555,0.22948781461922443,0.8124207577496698,0.8523658961269198
174.20000000000002,0.7211893975740474,0.11531178636636608,0.16349881605958647,0.8371626532116796,0.8523658961269198
174.3,0.7319619894510301,0.16921411687251087,0.09882389367645913,0.8626580515663884,0.8523658961269198
174.4,0.7307387173380958,0.2316626489902456,0.03759863367165866,0.8889299003931432,0.8523658961269198
174.5,0.7082627635137376,0.2917372364862623,3.700743415417188e-17,0.618748373777019,0.8523658961269198
174.6,0.6638477523272556,0.3361522476727444,7.401486830834377e-17,0.6375920671348816,0.8523658961269198
174.70000000000002,0.6180801026745499,0.38191989732545006,7.401486830834377e-17,0.6570096363919206,0.8523658961269198
174.8,0.5709186205815243,0.4290813794184758,7.401486830834377e-17,0.6770185586711924,0.8523658961269198
174.9,0.5223208575307993,0.4776791424692007,0,0.6976368433533913,0.8523658961269198
175,0.47224307225518203,0.527756927744818,0,0.718883048286507,0.8523658961269198
175.1,0.419855894562522,0.5784813680950702,0.0016627373424078537,0.7407768281297711,0.8523658961269198
175.20000000000002,0.36201508533747573,0.6250452541300444,0.012939660532479674,0.7633368411124939,0.8523658961269198
175.3,0.2996865557084082,0.6652225795136629,0.03509086477792893,0.7865839087741078,0.8523658961269198
175.4,0.23457259821112592,0.6973422325345533,0.06808516925432076,0.8105389550445834,0.8523658961269198
175.5,0.1685692453465735,0.719885708866352,0.1115450457870746,0.8352235410824245,0.8523658961269198
175.6,0.10371802438967638,0.7315447819127027,0.16473719369762096,0.8606598846811667,0.8523658961269198
175.70000000000002,0.042150107399605646,0.731276060044794,0.2265738325556004,0.8868708802668904,0.8523658961269198
175.8,3.700743415417188e-17,0.711636665458748,0.28836333454125196,0.6173169484103939,0.8523658961269198
175.9,7.401486830834377e-17,0.667324404883606,0.332675595116394,0.6361170483758266,0.8523658961269198
176,1.1102230246251565e-16,0.6216626350642221,0.3783373649357778,0.6554896966239858,0.8523658961269198
176.1,1.1102230246251565e-16,0.5746102573254973,0.42538974267450264,0.6754523298459879,0.8523658961269198
176.20000000000002,1.1102230246251565e-16,0.5261249213513357,0.4738750786486643,0.6960229157592506,0.8523658961269198
176.3,1.1102230246251565e-16,0.47616298706650234,0.5238370129334977,0.717219969279652,0.8523658961269198
176.4,0.001239424290890606,0.42409013153717934,0.5746704441719301,0.7390597366287013,0.8523658961269198
176.5,0.011685104031997264,0.366660324775874,0.6216545711921287,0.7615674563901924,0.8523658961269198
176.6,0.03299351322141804,0.30462066162635315,0.6623858251522289,0.784760638264899,0.8523658961269198
176.70000000000002,0.06515952718765979,0.23965670662876618,0.6951837661835739,0.808660157681946,0.8523658961269198
176.8,0.10783282441053431,0.17365114074957058,0.7185160348398951,0.8332875258219212,0.8523658961269198
176.9,0.16030766832069052,0.10863614907598185,0.7310561826033277,0.8586649089783912,0.8523658961269198
177,0.22152334661176254,0.04673811549478513,0.7317385378934523,0.884815148509058,0.8523658961269198
177.1,0.285011926651502,0,0.7149880733484981,0.6158950664631753,0.8523658961269198
177.20000000000002,0.3292221216612735,7.401486830834377e-17,0.6707778783387264,0.6346518636765686,0.8523658961269198
177.3,0.37477871755606085,1.1102230246251565e-16,0.625221282443939,0.6539798904075561,0.8523658961269198
177.4,0.42172271834733177,1.1102230246251564e-16,0.578277281652668,0.6738965431848766,0.8523658961269198
177.5,0.47009637680461336,1.4802973661668753e-16,0.5299036231953865,0.6944197483404442,0.8523658961269198
177.6,0.5199432324858371,1.850371707708594e-16,0.48005676751416276,0.7155679781442563,0.8523658961269198
177.70000000000002,0.5708505488484775,0.0008789182687346063,0.4282705328827877,0.7373575267444836,0.8523658961269198
177.8,0.6182428224688437,0.010498898921585089,0.3712582786095712,0.7598134064974472,0.8523658961269198
177.9,0.6595158318770302,0.030968229152554223,0.3095159389704156,0.7829531696003318,0.8523658961269198
178,0.692980190844008,0.06230760935183197,0.24471219980416,0.8067976434017625,0.8523658961269198
178.1,0.7170900805833514,0.10419374468562131,0.17871617473102722,0.8313682895375585,0.8523658961269198
178.20000000000002,0.7305012287114105,0.15594834272681932,0.11355042856177007,0.8566872232476521,0.8523658961269198
178.3,0.7321260715247905,0.21653770684798987,0.051336221627219694,0.8827772332813001,0.8523658961269198
178.4,0.7183275500358384,0.2816724499641617,0,0.6144782464964357,0.8523658961269198
178.5,0.6742190572322284,0.3257809427677717,0,0.6331918951180461,0.8523658961269198
178.6,0.6287672608368933,0.3712327391631068,0,0.6524754591869971,0.8523658961269198
178.70000000000002,0.5819312511649891,0.4180687488350109,0,0.6723462952126303,0.8523658961269198
178.8,0.5336688726462856,0.46633112735371435,0,0.6928222882886906,0.8523658961269198
178.9,0.48393668588230787,0.5160633141176921,0,0.7139218681911174,0.8523658961269198
179,0.43240985352975186,0.567010629423559,0.0005795170466892075,0.7356644505820515,0.8523658961269198
179.1,0.37582285226939727,0.614800271374105,0.009376876356497709,0.7580687684897267,0.8523658961269198
179.20000000000002,0.31438707312400077,0.6566045698730852,0.029008357002914053,0.7811553994553606,0.8523658961269198
179.3,0.2497541248376976,0.690725544071109,0.05952033109119348,0.8049451230050687,0.8523658961269198
179.4,0.18377930052093905,0.7156042682517896,0.10061643122727143,0.8294593514957477,0.8523658961269198
179.5,0.11847524142900259,0.7298789880935888,0.15164577047740865,0.8547201493876423,0.8523658961269198
179.6,0.05595773747663513,0.7324405677065787,0.2116016948167862,0.8807502531038482,0.8523658961269198
179.70000000000002,0,0.7216757910935004,0.2783242089064996,0.6130577081222836,0.8523658961269198
179.8,0,0.6776692674108654,0.3223307325891345,0.631728094909746,0.8523658961269198
179.9,7.401486830834377e-17,0.6323225455585623,0.36767745444143773,0.6509670796255522,0.8523658961269198
180,7.401486830834377e-17,0.5855948104259284,0.4144051895740715,0.6707919786546167,0.8523658961269198
180.1,7.401486830834377e-17,0.5374440038971279,0.46255599610287207,0.6912206357442866,0.8523658961269198
180.20000000000002,7.401486830834377e-17,0.4878267869960078,0.5121732130039923,0.7122714380649181,0.8523658961269198
180.3,0.0003405353093108654,0.4365325705259343,0.5631268941647549,0.7339677398088366,0.8523658961269198
180.4,0.008313391670438371,0.38038125997192207,0.6113053483576396,0.7563203851808463,0.8523658961269198
180.5,0.027103165382878148,0.3192633202995807,0.6536335143175412,0.7793537699478289,0.8523658961269198
180.6,0.056781900618270195,0.2548129769160923,0.6884051224656373,0.8030886257107267,0.8523658961269198
180.70000000000002,0.09708022054151015,0.18887136024785092,0.714048419210639,0.827546315441725,0.8523658961269198
180.8,0.14737477147579595,0.12344081853521394,0.7291844099889901,0.8527488527123688,0.8523658961269198
180.9,0.20668613434595784,0.060631284580497435,0.7326825810735448,0.8787189215072619,0.8523658961269198
181,0.27368791700112904,0.0025999086947956235,0.7237121743040754,0.905479896641186,0.8523658961269198
181.1,0.31888078601150854,0,0.6811192139884915,0.6302644065378837,0.8523658961269198
181.20000000000002,0.3641224413486256,0,0.6358775586513744,0.6494588153064716,0.8523658961269198
181.3,0.4107419102143192,3.700743415417188e-17,0.5892580897856807,0.6692377808486198,0.8523658961269198
181.4,0.45878115327747704,3.700743415417188e-17,0.5412188467225231,0.6896191055684366,0.8523658961269198
181.5,0.508283409099602,7.401486830834377e-17,0.49171659090039793,0.71062113403395,0.8523658961269198
181.6,0.5592073020358187,0.00016876133240601105,0.44062393663177535,0.7322598391077163,0.8523658961269198
181.70000000000002,0.6077639239988297,0.007317663299590336,0.38491841270157995,0.7545604711600225,0.8523658961269198
181.8,0.650606131794391,0.02526416034817476,0.32412970785743433,0.7775402585658961,0.8523658961269198
181.9,0.6860197298491701,0.05410588758953434,0.2598743825612955,0.8012198846850371,0.8523658961269198
182,0.7124204843305144,0.09360044246617967,0.1939790732033059,0.8256206627792237,0.8523658961269198
182.1,0.7284124809889903,0.14315205764917482,0.12843546136183495,0.8507645551956866,0.8523658961269198
182.20000000000002,0.7328441098824842,0.20180867407956787,0.06534721603794806,0.8766741931347029,0.8523658961269198
182.3,0.7248597519428037,0.2682701502344629,0.006870097822733406,0.903372897019204,0.8523658961269198
182.4,0.6845462444752373,0.31545375552476274,0,0.6288104406399772,0.8523658961269198
182.5,0.6394089577544385,0.36059104224556154,0,0.6479605695547601,0.8523658961269198
182.6,0.5928970360026323,0.4071029639973676,3.700743415417188e-17,0.6676939067207921,0.8523658961269198
182.70000000000002,0.5449686153505935,0.4550313846494064,1.1102230246251565e-16,0.6880282134735627,0.8523658961269198
182.8,0.49558055698446957,0.5044194430155303,1.4802973661668753e-16,0.7089817920617567,0.8523658961269198
182.9,0.44466110134201564,0.5552837070053439,0.000055191652640531266,0.7305725114439258,0.8523658961269198
183,0.3894069272123327,0.6042069114816788,0.006386161305988548,0.7528217567187903,0.8523658961269198
183.1,0.32895490932061133,0.6475513546046516,0.023493736074737114,0.7757485923868691,0.8523658961269198
183.20000000000002,0.2649038232809883,0.6835952761458344,0.05150090057317724,0.7993736541477245,0.8523658961269198
183.3,0.19906562793861654,0.710742341264865,0.09019203079651851,0.8237182061515299,0.8523658961269198
183.4,0.13342109299076774,0.7275801022149008,0.13899880479433155,0.8488041601382388,0.8523658961269198
183.5,0.07006732068093571,0.732936234145352,0.19699644517371226,0.8746540951596313,0.8523658961269198
183.6,0.011158327239476875,0.7259306210909067,0.2629110516696165,0.9012912779019837,0.8523658961269198
183.70000000000002,3.700743415417188e-17,0.6879494507909334,0.31205054920906655,0.6273665824818137,0.8523658961269198
183.8,3.700743415417188e-17,0.6429158071324268,0.3570841928675732,0.6464727393692948,0.8523658961269198
183.9,3.700743415417188e-17,0.5965106848440725,0.40348931515592745,0.6661607653604267,0.8523658961269198
184,3.700743415417188e-17,0.5486923161833714,0.4513076838166286,0.6864483810075827,0.8523658961269198
184.1,0,0.4994176613906922,0.5005823386093078,0.7073538465343004,0.8523658961269198
184.20000000000002,0.000004525446325446386,0.44864010722742,0.5513553673262547,0.7288939720982107,0.8523658961269198
184.3,0.005523985231361817,0.39384334443308294,0.6006326703355552,0.7510920982397635,0.8523658961269198
184.4,0.021797255245552823,0.333736104666513,0.6444666400879342,0.7739662579651554,0.8523658961269198
184.5,0.04897241132542445,0.2698992471925604,0.6811283414820152,0.7975370395620445,0.8523658961269198
184.6,0.08686039930234214,0.2041298533860949,0.709009747311563,0.821825658324793,0.8523658961269198
184.70000000000002,0.13492019314650738,0.13839751483348578,0.7266822920200068,0.8468539756496625,0.8523658961269198
184.8,0.1922542153435721,0.07479243884279548,0.7329533458136325,0.8726445187115466,0.8523658961269198
184.9,0.2576147995516296,0.015466513751292094,0.7269186866970784,0.8992205007399496,0.8523658961269198
185,0.308631277788453,0,0.691368722211547,0.6259159084768737,0.8523658961269198
185.1,0.35356078912938443,1.1102230246251565e-16,0.6464392108706155,0.6449778857636159,0.8523658961269198
185.20000000000002,0.3998586077989622,1.850371707708594e-16,0.6001413922010377,0.6646203866848579,0.8523658961269198
185.3,0.4475664049591854,1.850371707708594e-16,0.5524335950408144,0.6848610908173376,0.8523658961269198
185.4,0.49672712084787124,1.850371707708594e-16,0.5032728791521286,0.7057182161610626,0.8523658961269198
185.5,0.547385003427767,2.2204460492503128e-16,0.4526149965722328,0.7272105355367402,0.8523658961269198
185.6,0.5970044898416416,0.004714172992948118,0.39828133716541037,0.7493661576717833,0.8523658961269198
185.70000000000002,0.6413219677965418,0.020148233617987073,0.3385297985854711,0.7721877546817355,0.8523658961269198
185.8,0.6785969629511284,0.04648466586932828,0.27491837117954343,0.795704372790189,0.8523658961269198
185.9,0.7072099929833902,0.08356108675006117,0.20922892026654863,0.8199371785407102,0.8523658961269198
186,0.7257165702389317,0.1308639280513153,0.1434195017097531,0.8449079830940824,0.8523658961269198
186.1,0.732903905369468,0.18752303320485317,0.07957306142567873,0.8706392618598235,0.8523658961269198
186.20000000000002,0.727843757684864,0.2523172466634471,0.019838995651688972,0.8971541747255711,0.8523658961269198
186.3,0.6947778249413117,0.30522217505868826,0,0.6244695486820868,0.8523658961269198
186.4,0.649952136235215,0.350047863764785,0,0.6434874777553498,0.8523658961269198
186.5,0.6037613020704294,0.39623869792957056,7.401486830834377e-17,0.6630845889952995,0.8523658961269198
186.6,0.5561637475782323,0.44383625242176766,7.401486830834377e-17,0.6832785211248967,0.8523658961269198
186.70000000000002,0.5071166317466492,0.4928833682533509,7.401486830834377e-17,0.7040874500461896,0.8523658961269198
186.8,0.456575808860652,0.543424191139348,7.401486830834377e-17,0.7255301051998516,0.8523658961269198
186.9,0.40268047902103066,0.5933407462472713,0.00397877473169806,0.7476240884093055,0.8523658961269198
187,0.34329533351310026,0.6381295845080144,0.018575081978885445,0.7703926315119459,0.8523658961269198
187.1,0.2799215836494443,0.6760064898301646,0.04407192652039105,0.7938545799810719,0.8523658961269198
187.20000000000002,0.21432558585763675,0.7053409336252354,0.08033348051712783,0.8180310511538844,0.8523658961269198
187.3,0.14845350922452719,0.7246729030082092,0.12687358776726357,0.8429438054862445,0.8523658961269198
187.4,0.08438063655469948,0.7327698206143537,0.18284954283094684,0.8686152661385528,0.8523658961269198
187.5,0.024253429225261924,0.7286797599000359,0.2470668108747023,0.895068539158108,0.8523658961269198
187.6,0,0.6981784924492399,0.30182150755076004,0.6230267676488368,0.8523658961269198
187.70000000000002,7.401486830834377e-17,0.6534563694872279,0.3465436305127721,0.642000757498135,0.8523658961269198
187.8,7.401486830834377e-17,0.6073722551129969,0.3926277448870032,0.6615525913655322,0.8523658961269198
187.9,7.401486830834377e-17,0.559884670512839,0.44011532948716114,0.6816998672212972,0.8523658961269198
188,7.401486830834377e-17,0.5109508736551059,0.489049126344894,0.7024607189736818,0.8523658961269198
188.1,1.1102230246251565e-16,0.46052682081949575,0.5394731791805042,0.7238538327906632,0.8523658961269198
188.20000000000002,0.0033023726547568447,0.4070476087259092,0.589650018619334,0.7458968696861216,0.8523658961269198
188.3,0.01706232914742962,0.34803719058264576,0.6349004802699245,0.768612811147702,0.8523658961269198
188.4,0.041719156833664256,0.2849107200190941,0.6733701231472415,0.7920205560173103,0.8523658961269198
188.5,0.07716348339327866,0.21941881795779938,0.7034176986489218,0.8161411728452487,0.8523658961269198
188.6,0.12293652018028958,0.15349549302099497,0.7235679867987155,0.8409963718146984,0.8523658961269198
188.70000000000002,0.17822302844433324,0.08920804992108977,0.732568921634577,0.8666085242823488,0.8523658961269198
188.8,0.24185517285575145,0.02869966635431016,0.7294451607899384,0.8930006829141292,0.8523658961269198
188.9,0.2984435839897658,0,0.7015564160102343,0.6215936360550515,0.8523658961269198
189,0.3430628338639971,0,0.6569371661360028,0.6405239805495669,0.8523658961269198
189.1,0.3890409421985029,7.401486830834377e-17,0.6109590578014971,0.6600308398632422,0.8523658961269198
189.20000000000002,0.43641929239439936,7.401486830834377e-17,0.5635807076056006,0.6801317714862118,0.8523658961269198
189.3,0.48524052816499735,7.401486830834377e-17,0.5147594718350027,0.7008448676137902,0.8523658961269198
189.4,0.5355485919180227,0,0.46445140808197727,0.7221887714306678,0.8523658961269198
189.5,0.5859453073195404,0.0026928675482661454,0.41136182513219344,0.744179622923037,0.8523658961269198
189.6,0.6316448978305257,0.015621470664125638,0.3527336315053487,0.7668432664349535,0.8523658961269198
189.70000000000002,0.6706948521661512,0.039441304247924636,0.28986384358592415,0.7901971206452197,0.8523658961269198
189.8,0.7014436006432079,0.07406923337996164,0.22448716597683038,0.8142622055989074,0.8523658961269198
189.9,0.7224011249505253,0.11907367501408363,0.15852520003539117,0.839060181496763,0.8523658961269198
190,0.7322962767320786,0.1736667599130468,0.0940369633548744,0.8646133681908487,0.8523658961269198
190.1,0.7301306883882493,0.2367073269467442,0.033161984665006375,0.8909447652739176,0.8523658961269198
190.20000000000002,0.704920336276498,0.295079663723502,3.700743415417188e-17,0.6201664455560638,0.8523658961269198
190.3,0.6604035330262323,0.3395964669737676,7.401486830834377e-17,0.6390533256290698,0.8523658961269198
190.4,0.6145309912798804,0.3854690087201196,7.401486830834377e-17,0.6585153968325349,0.8523658961269198
190.5,0.5672614226533811,0.43273857734661897,7.401486830834377e-17,0.6785701763442714,0.8523658961269198
190.6,0.5185522813441789,0.4814477186558211,0,0.6992357148195778,0.8523658961269198
190.70000000000002,0.46835972583712987,0.5316402741628701,0,0.7205306126380476,0.8523658961269198
190.8,0.4156357158898432,0.5822210181192209,0.002143265990935967,0.7424778606686877,0.8523658961269198
190.9,0.3573972897424762,0.6283591665113236,0.014243543746200168,0.7650896778044356,0.8523658961269198
191,0.29479323516722356,0.6679791652993681,0.037227599533408394,0.7883901272904059,0.8523658961269198
191.1,0.22954214619500743,0.6994194686361921,0.07103838516880051,0.8124001811038147,0.8523658961269198
191.20000000000002,0.16355296893258947,0.7211756055097749,0.11527142555763566,0.8371414499136669,0.8523658961269198
191.3,0.09887613668945607,0.7319576805870217,0.1691661827235222,0.8626362025318187,0.8523658961269198
191.4,0.03764718928325645,0.7307446149490631,0.23160819576768044,0.8889073859564105,0.8523658961269198
191.5,0,0.7082988703896619,0.2917011296103381,0.6187330549269309,0.8523658961269198
191.6,0,0.6638849588212586,0.33611504117874147,0.6375762817563535,0.8523658961269198
191.70000000000002,0,0.6181184422749878,0.3818815577250122,0.6569933702770462,0.8523658961269198
191.8,0,0.5709581277966255,0.42904187220337464,0.6770017971793704,0.8523658961269198
191.9,7.401486830834377e-17,0.5223615679197241,0.4776384320802758,0.697619571398147,0.8523658961269198
192,1.1102230246251565e-16,0.4722850224600288,0.5277149775399711,0.7188652503219152,0.8523658961269198
192.1,0.00165770265628476,0.4199014194093241,0.5784408779343911,0.7407588269677347,0.8523658961269198
192.20000000000002,0.012925730938618245,0.36206492999561296,0.6250093390657689,0.7633182917334588,0.8523658961269198
192.3,0.03506793270428916,0.29973940403897015,0.6651926632567408,0.7865647944823809,0.8523658961269198
192.4,0.06805340643091702,0.2346269572813441,0.6973196362877389,0.8105192586360119,0.8523658961269198
192.5,0.11150491506223309,0.16862348191887783,0.7198716030188891,0.8352032448289116,0.8523658961269198
192.6,0.16468945233785937,0.10377040812373867,0.7315401395384019,0.8606389703147143,0.8523658961269198
192.70000000000002,0.2265195263976881,0.042198859810210924,0.731281613792101,0.8868493289631567,0.8523658961269198
192.8,0.2883267780317947,0,0.7116732219682054,0.6173014387969536,0.8523658961269198
192.9,0.3326379252954781,0,0.6673620747045219,0.6361010664243373,0.8523658961269198
193,0.3782985478980218,3.700743415417188e-17,0.6217014521019781,0.6554732279496123,0.8523658961269198
193.1,0.4253497434819525,7.401486830834377e-17,0.5746502565180476,0.6754353596258115,0.8523658961269198
193.20000000000002,0.4738338612993465,7.401486830834377e-17,0.5261661387006535,0.6960054287189276,0.8523658961269198
193.3,0.5237945403290155,7.401486830834377e-17,0.47620545967098454,0.7172019496796658,0.8523658961269198
193.4,0.5746289440764926,0.0012351984910135114,0.42413585743249393,0.7390410879345215,0.8523658961269198
193.5,0.6216175686851837,0.011671871323729797,0.3667105599910865,0.7615482397587245,0.8523658961269198
193.6,0.6623547736933331,0.0329711369711772,0.30467408933548956,0.7847408363998776,0.8523658961269198
193.70000000000002,0.6951600200806622,0.06512815274753786,0.23971182717179995,0.8086397527603558,0.8523658961269198
193.8,0.7185008000999741,0.10779289193836791,0.173706307961658,0.8332664994779561,0.8523658961269198
193.9,0.7310504694545629,0.16025991702869766,0.10868961351673953,0.858643242286922,0.8523658961269198
194,0.7317431165900865,0.2214688097787636,0.04678807363114985,0.8847928219686001,0.8523658961269198
194.1,0.7150250850907074,0.28497491490929255,0,0.6158793637108353,0.8523658961269198
194.20000000000002,0.6708160172562957,0.32918398274370436,0,0.6346356827042247,0.8523658961269198
194.3,0.6252605828644684,0.3747394171355316,0,0.6539632166512405,0.8523658961269198
194.4,0.5783177789491889,0.42168222105081105,3.700743415417188e-17,0.6738793616370832,0.8523658961269198
194.5,0.5299453538181992,0.4700546461818007,7.401486830834377e-17,0.6944020435366198,0.8523658961269198
194.6,0.4800997690236448,0.519900230976355,1.850371707708594e-16,0.7155497341488827,0.8523658961269198
194.70000000000002,0.42831657352501884,0.5708081976083691,0.0008752288666121949,0.7373388376883268,0.8523658961269198
194.8,0.37130897557044523,0.6182049332930631,0.01048609113649164,0.7597941482747974,0.8523658961269198
194.9,0.3095699698470068,0.6594838841925098,0.030946145960483448,0.7829333248774885,0.8523658961269198
195,0.24476805452252154,0.6929555668353516,0.062276378642126824,0.8067771943171357,0.8523658961269198
195.1,0.1787721919071126,0.717074015276121,0.10415379281676634,0.8313472176855922,0.8523658961269198
195.20000000000002,0.1136048389169893,0.7304947616430804,0.1559003994399304,0.8566655096622573,0.8523658961269198
195.3,0.05138719751581499,0.7321300016366666,0.21648280084751834,0.882754858418784,0.8523658961269198
195.4,0,0.7183652533701237,0.28163474662987625,0.6144622503264277,0.8523658961269198
195.5,7.401486830834377e-17,0.6742579088039878,0.3257420911960122,0.6331754117921353,0.8523658961269198
195.6,7.401486830834377e-17,0.628807295615164,0.37119270438483604,0.6524584738690778,0.8523658961269198
195.70000000000002,7.401486830834377e-17,0.581972505183774,0.41802749481622614,0.67232879261477,0.8523658961269198
195.8,7.401486830834377e-17,0.5337113830369862,0.4662886169630139,0.6928042526573694,0.8523658961269198
195.9,7.401486830834377e-17,0.48398049090714523,0.5160195090928547,0.7139032832930496,0.8523658961269198
196,0.0005766596595525643,0.4324563536178989,0.5669669867225484,0.7356449677352281,0.8523658961269198
196.1,0.009364733574609102,0.37587423330666564,0.6147610331187252,0.7580486923018854,0.8523658961269198
196.20000000000002,0.028986740351734732,0.3144420048688981,0.6565712547793672,0.7811347118565773,0.8523658961269198
196.3,0.059489341368680546,0.24981108200684227,0.6906995766244772,0.8049238053751081,0.8523658961269198
196.4,0.10057647318975281,0.1838365991773039,0.7155869276329433,0.829437384647304,0.8523658961269198
196.5,0.1515975587786765,0.11853108265974194,0.7298713585615816,0.8546975135490693,0.8523658961269198
196.6,0.21154625047088846,0.05601025742387893,0.7324434921052326,0.8807269279013632,0.8523658961269198
196.70000000000002,0.27828650832474766,0,0.7217134916752523,0.6130417131200767,0.8523658961269198
196.8,0.3222918838537357,3.700743415417188e-17,0.6777081161462643,0.6317116127872013,0.8523658961269198
196.9,0.36763742258590754,3.700743415417188e-17,0.6323625774140925,0.650950095547647,0.8523658961269198
197,0.4143639385670379,3.700743415417188e-17,0.5856360614329622,0.6707744773345343,0.8523658961269198
197.1,0.4625134888156441,0,0.537486511184356,0.6912026014296575,0.8523658961269198
197.20000000000002,0.5121294111771422,0,0.4878705888228579,0.7122528545236418,0.8523658961269198
197.3,0.5630830908657324,0.0003379786298895325,0.4365789305043781,0.7339490976813141,0.8523658961269198
197.4,0.6112659018919946,0.008301552017115533,0.3804325460908899,0.7563011753160203,0.8523658961269198
197.5,0.6535999470706992,0.02708184480226428,0.3193182081270365,0.779333975055524,0.8523658961269198
197.6,0.6883788642151171,0.05675119006752194,0.254869945717361,0.8030682279742043,0.8523658961269198
197.70000000000002,0.7140307559841773,0.09704051486440574,0.18892872915141695,0.827525296501645,0.8523658961269198
197.8,0.7291764343262868,0.14732677565225322,0.12349679002146007,0.8527271936502663,0.8523658961269198
197.9,0.7326851453582994,0.2066308602768647,0.060683994364835875,0.8786966028285199,0.8523658961269198
198,0.7237258488385327,0.27362667034535015,0.0026474808161171476,0.9054568982574869,0.8523658961269198
198.1,0.6811585465013896,0.3188414534986104,0,0.6302477191659289,0.8523658961269198
198.20000000000002,0.635918089017622,0.36408191098237797,0,0.6494416197283811,0.8523658961269198
198.3,0.5892998544853435,0.41070014551465656,0,0.6692200615872126,0.8523658961269198
198.4,0.5412618833466496,0.45873811665335046,0,0.6896008466751811,0.8523658961269198
198.5,0.4917609381848552,0.5082390618151448,0,0.7106023190746099,0.8523658961269198
198.6,0.44067044930199295,0.5591624646796713,0.00016708601833567946,0.7322405248696113,0.8523658961269198
198.70000000000002,0.38497005019842245,0.6077233532160178,0.007306596585559869,0.7545405687157997,0.8523658961269198
198.8,0.3241851468737936,0.6505713801016771,0.025243473024529284,0.7775197500020121,0.8523658961269198
198.9,0.2599320972102069,0.685992260928551,0.054075641861241995,0.8011987515424005,0.8523658961269198
199,0.19403737095924226,0.7124016210437251,0.09356100799703274,0.8255988860365795,0.8523658961269198
199.1,0.12849252651757814,0.7284033546504072,0.14310411883201468,0.8507421152524962,0.8523658961269198
199.20000000000002,0.06540115976141546,0.7328456124795331,0.20175322775905144,0.8766510697935026,0.8523658961269198
199.3,0.0069190136318766264,0.7248724930038013,0.2682084933643221,0.9033490694674268,0.8523658961269198
199.4,7.401486830834377e-17,0.6845860667900436,0.31541393320995637,0.6287935454626716,0.8523658961269198
199.5,7.401486830834377e-17,0.6394499928392833,0.3605500071607168,0.6479431598427038,0.8523658961269198
199.6,3.700743415417188e-17,0.5929393207918618,0.4070606792081381,0.667675966804069,0.8523658961269198
199.70000000000002,7.401486830834377e-17,0.5450121879033725,0.45498781209662764,0.6880097272050368,0.8523658961269198
199.8,7.401486830834377e-17,0.4956254565190366,0.5043745434809633,0.7089627428025381,0.8523658961269198
199.9,0.0000541121603637916,0.4447078987640237,0.5552379890756125,0.7305531594837328,0.8523658961269198
200,0.006375579890744399,0.3894590051188766,0.6041654149903791,0.7528018154036707,0.8523658961269198