time,x0,x1,x2,x3,speed,h
0,0.6056915102887277,0.3943084897112723,0.5089053159903381,0.491094684009662,0.30000000000000004,1
0.1,0.605353929966668,0.39464607003333196,0.48773014097560957,0.5122698590243904,0.2999999999986668,1
0.2,0.6008162209315718,0.3991837790684282,0.46704412651929045,0.5329558734807096,0.2999999999973338,1
0.3,0.5922592873226549,0.4077407126773451,0.4476719587370611,0.5523280412629389,0.29999999999600035,1
0.4,0.5800242670790673,0.4199757329209327,0.4303859448239212,0.5696140551760789,0.29999999999466725,1
0.5,0.5645989318468161,0.435401068153184,0.41587522360356327,0.5841247763964367,0.2999999999933341,1
0.6,0.546598241062542,0.453401758937458,0.40471829173824975,0.5952817082617502,0.2999999999920007,1
0.7000000000000001,0.5267398254614626,0.47326017453853747,0.39735994089250254,0.6026400591074974,0.2999999999906673,1
0.8,0.5058153774046477,0.4941846225953524,0.3940935252931079,0.6059064747068921,0.2999999999893341,1
0.9,0.48465908860299706,0.5153409113970029,0.39504926662186035,0.6049507333781396,0.2999999999880007,1
1,0.46411439352625966,0.5358856064737404,0.4001890624880625,0.5998109375119375,0.29999999998666727,1
1.1,0.445000344332425,0.554999655667575,0.40930800545060086,0.5906919945493991,0.2999999999853341,1
1.2,0.42807895784294003,0.5719210421570601,0.42204255203098,0.57795744796902,0.2999999999840009,1
1.3,0.4140248363368022,0.5859751636631978,0.43788501604454505,0.5621149839554549,0.2999999999826676,1
1.4000000000000001,0.40339827328659955,0.5966017267134004,0.4562038084465149,0.5437961915534851,0.29999999998133414,1
1.5,0.39662291622592655,0.6033770837740735,0.47626861679403715,0.5237313832059628,0.2999999999800008,1
1.6,0.39396887725916324,0.6060311227408368,0.4972795204985742,0.5027204795014257,0.29999999997866766,1
1.7,0.3955419645442921,0.604458035455708,0.5183988811353881,0.4816011188646119,0.2999999999773344,1
1.8,0.4012794640555482,0.5987205359444518,0.5387847364441257,0.4612152635558742,0.29999999997600135,1
1.9000000000000001,0.41095263979371655,0.5890473602062835,0.5576243667070842,0.44237563329291585,0.29999999997466803,1
2,0.4241758527685791,0.575824147231421,0.5741666953195833,0.42583330468041664,0.2999999999733347,1
2.1,0.44042193520846123,0.5595780647915388,0.5877522318439554,0.4122477681560445,0.2999999999720014,1
2.2,0.45904320707565976,0.5409567929243402,0.5978393638120815,0.40216063618791864,0.2999999999706681,1
2.3000000000000003,0.479297297025606,0.520702702974394,0.6040259491052793,0.3959740508947208,0.2999999999693351,1
2.4,0.5003767384096072,0.49962326159039283,0.606065348091499,0.393934651908501,0.29999999996800164,1
2.5,0.5214411604219368,0.4785588395780633,0.6038762563691092,0.39612374363089087,0.2999999999666683,1
2.6,0.541650791031826,0.45834920896817394,0.5975459461168084,0.40245405388319166,0.299999999965335,1
2.7,0.5601999360441885,0.4398000639558115,0.5873267868272716,0.41267321317272837,0.2999999999640016,1
2.8000000000000003,0.5763490995845763,0.42365090041542375,0.5736261841319009,0.426373815868099,0.29999999996266835,1
2.9,0.5894544654660018,0.41054553453399817,0.5569903378239859,0.44300966217601423,0.2999999999613352,1
3,0.5989935641085639,0.40100643589143614,0.5380824665966348,0.4619175334033653,0.29999999996000193,1
3.1,0.604586101752794,0.395413898247206,0.5176563676064581,0.482343632393542,0.29999999995866883,1
3.2,0.6060091215717184,0.39399087842828157,0.49652636495975694,0.5034736350402431,0.2999999999573357,1
3.3000000000000003,0.6032058922559432,0.39679410774405677,0.4755348451802403,0.5244651548197596,0.2999999999560023,1
3.4,0.5962881697119271,0.40371183028807295,0.45551867391671735,0.5444813260832826,0.2999999999546692,1
3.5,0.5855317417066663,0.4144682582933337,0.4372758327506509,0.5627241672493491,0.29999999995333604,1
3.6,0.571365433079752,0.42863456692024804,0.4215336061887661,0.5784663938112339,0.29999999995200266,1
3.7,0.5543540098502941,0.4456459901497059,0.40891958712492393,0.5910804128750761,0.2999999999506692,1
3.8000000000000003,0.5351756637780211,0.464824336221979,0.3999366566919943,0.6000633433080057,0.2999999999493359,1
3.9,0.5145949749980475,0.4854050250019525,0.39494293597807645,0.6050570640219235,0.29999999994800225,1
4,0.4934324306237406,0.5065675693762594,0.39413750886887183,0.6058624911311282,0.29999999994666904,1
4.1,0.47253171451479276,0.5274682854852073,0.3975524852014294,0.6024475147985706,0.29999999994533594,1
4.2,0.45272607226422346,0.5472739277357765,0.40505172064627615,0.5949482793537239,0.2999999999440027,1
4.3,0.43480509232613335,0.5651949076738667,0.4163362443521914,0.5836637556478086,0.2999999999426696,1
4.4,0.4194832276158131,0.580516772384187,0.4309561779705581,0.569043822029442,0.29999999994133636,1
4.5,0.40737131252667397,0.592628687473326,0.448328670885402,0.551671329114598,0.29999999994000276,1
4.6000000000000005,0.39895221089064786,0.6010477891093521,0.4677611366280991,0.5322388633719008,0.2999999999386692,1
4.7,0.3945615657210253,0.6054384342789747,0.48847886411422353,0.5115211358857764,0.2999999999373359,1
4.8,0.3943744181847354,0.6056255818152646,0.5096559029296603,0.49034409707033966,0.2999999999360024,1
4.9,0.39839822926341445,0.6016017707365855,0.5304479913670919,0.4695520086329082,0.29999999993466914,1
5,0.40647258230761546,0.5935274176923846,0.5500262144759567,0.44997378552404327,0.29999999993333587,1
5.1000000000000005,0.41827557834238116,0.5817244216576188,0.5676100502856485,0.4323899497143515,0.2999999999320026,1
5.2,0.4333366691635328,0.5666633308364672,0.5824984867533215,0.4175015132466786,0.2999999999306698,1
5.3,0.45105541660962084,0.5489445833903791,0.5940979689017912,0.40590203109820877,0.2999999999293366,1
5.4,0.47072543013656765,0.5292745698634325,0.6019460619833412,0.3980539380166587,0.2999999999280032,1
5.5,0.4915625283794406,0.5084374716205595,0.6057298872937662,0.3942701127062338,0.29999999992667,1
5.6000000000000005,0.5127360019887632,0.4872639980112368,0.6052985956589284,0.39470140434107165,0.29999999992533694,1
5.7,0.5334017313907357,0.4665982686092644,0.6006693813152808,0.39933061868471914,0.29999999992400356,1
5.8,0.552735839170779,0.447264160829221,0.5920267964299203,0.40797320357007977,0.29999999992267,1
5.9,0.5699675354660717,0.4300324645339284,0.579715393588091,0.42028460641190907,0.29999999992133664,1
6,0.5844098469249299,0.4155901530750702,0.5642259895689445,0.43577401043105557,0.2999999999200035,1
6.1000000000000005,0.5954870041663957,0.40451299583360434,0.5461760980294678,0.4538239019705323,0.2999999999186703,1
6.2,0.6027573958884482,0.3972426041115517,0.5262853111837204,0.47371468881627965,0.29999999991733733,1
6.3,0.6059311745169825,0.3940688254830175,0.5053466119321403,0.4946533880678597,0.2999999999160041,1
6.4,0.6048818115138895,0.39511818848611047,0.4841947601357888,0.5158052398642112,0.2999999999146707,1
6.5,0.5996511416705725,0.40034885832942746,0.4636730133750156,0.5363269866249843,0.29999999991333753,1
6.6000000000000005,0.5904476952868333,0.40955230471316667,0.4445995089308727,0.5554004910691273,0.299999999912004,1
6.7,0.5776383847258958,0.4223616152741042,0.4277346472335872,0.5722653527664128,0.2999999999106706,1
6.8,0.5617338767763802,0.43826612322361974,0.41375077709707175,0.5862492229029282,0.29999999990933734,1
6.9,0.5433682339789965,0.45663176602100347,0.40320539129350585,0.5967946087064943,0.29999999990800413,1
7,0.5232736365540119,0.4767263634459881,0.3965189010758386,0.6034810989241615,0.299999999906671,1
7.1000000000000005,0.5022511926864744,0.4977488073135256,0.3939578757078646,0.6060421242921354,0.29999999990533777,1
7.2,0.4811390008710023,0.5188609991289976,0.39562441518891367,0.6043755848110863,0.2999999999040044,1
7.3,0.4607787375696649,0.5392212624303351,0.40145207984908504,0.5985479201509151,0.2999999999026711,1
7.4,0.441982102227593,0.558017897772407,0.4112085390892183,0.5887914609107818,0.299999999901338,1
7.5,0.4254984573776535,0.5745015426223464,0.4245048336686973,0.5754951663313027,0.2999999999000049,1
7.6000000000000005,0.41198495392109447,0.5880150460789056,0.4408108822829019,0.5591891177170981,0.29999999989867165,1
7.7,0.4019803325949421,0.5980196674050579,0.45947661423199926,0.5405233857680007,0.2999999998973383,1
7.8,0.3958834460789692,0.6041165539210308,0.4797578856882618,0.5202421143117382,0.29999999989600523,1
7.9,0.39393735799804785,0.6060626420019523,0.5008461463621195,0.49915385363788056,0.2999999998946721,1
8,0.3962196527424848,0.6037803472575152,0.5219006738505911,0.47809932614940887,0.2999999998933388,1
8.1,0.40263934242322164,0.5973606575767784,0.5420820905863496,0.4579179094136505,0.2999999998920056,1
8.2,0.41294049427183405,0.5870595057281659,0.5605858271724325,0.4394141728275675,0.2999999998906722,1
8.3,0.42671243387234103,0.573287566127659,0.576674198025049,0.42332580197495107,0.29999999988933884,1
8.4,0.4434061174541693,0.5565938825458306,0.589705810569824,0.410294189430176,0.29999999988800563,1
8.5,0.4623560205346222,0.5376439794653778,0.5991611355396389,0.40083886446036104,0.29999999988667236,1
8.6,0.4828066702797499,0.5171933297202501,0.6046632189669857,0.3953367810330143,0.2999999998853391,1
8.700000000000001,0.5039427638221283,0.49605723617787173,0.6059927101490633,0.3940072898509367,0.2999999998840057,1
8.8,0.5249216718132597,0.47507832818674045,0.6030966064680726,0.3969033935319274,0.2999999998826727,1
8.9,0.5449070313965376,0.4550929686034623,0.5960903664383213,0.40390963356167886,0.2999999998813395,1
9,0.563102089354956,0.4368979106450441,0.5852533067396194,0.4147466932603807,0.29999999988000625,1
9.1,0.5787814661474848,0.4212185338525153,0.5710174667427188,0.4289825332572812,0.29999999987867276,1
9.200000000000001,0.5913200745022269,0.40867992549777316,0.5539503844630248,0.44604961553697514,0.29999999987733944,1
9.3,0.600218039673304,0.39978196032669594,0.5347324706109502,0.46526752938904975,0.2999999998760062,1
9.4,0.605120627869475,0.3948793721305251,0.5141298827641227,0.48587011723587736,0.2999999998746731,1
9.5,0.6058323883709256,0.3941676116290744,0.49296398108259554,0.5070360189174045,0.29999999987334003,1
9.6,0.6023249455326659,0.3976750544673341,0.4720785832713053,0.5279214167286947,0.29999999987200643,1
9.700000000000001,0.594738130031947,0.4052618699680531,0.452306324231085,0.5476936757689149,0.299999999870673,1
9.8,0.5833744042604327,0.41662559573956737,0.4344354615327888,0.5655645384672112,0.2999999998693397,1
9.9,0.5686868041031505,0.4313131958968494,0.41917845007551585,0.5808215499244841,0.29999999986800613,1
10,0.5512608778274399,0.44873912217256007,0.40714353875814174,0.5928564612418582,0.2999999998666726,1
10.1,0.5317913421213982,0.4682086578786017,0.3988105215152254,0.6011894784847747,0.2999999998653395,1
10.200000000000001,0.5110543859319046,0.48894561406809545,0.39451160944696817,0.6054883905530318,0.2999999998640062,1
10.3,0.4898767262607952,0.5101232737392049,0.394418186611038,0.605581813388962,0.2999999998626729,1
10.4,0.4691026495669444,0.5308973504330556,0.39853397748104324,0.6014660225189568,0.29999999986133974,1
10.5,0.4495603527295378,0.5504396472704621,0.40669489846352536,0.5933051015364748,0.2999999998600066,1
10.6,0.4320289254521142,0.5679710745478858,0.4185755993930182,0.5814244006069818,0.29999999985867337,1
10.700000000000001,0.4172072904147285,0.5827927095852716,0.4337024342164105,0.5662975657835895,0.29999999985733994,1
10.8,0.40568633943235,0.5943136605676501,0.4514723437663576,0.5485276562336424,0.29999999985600645,1
10.9,0.3979253764629309,0.6020746235370691,0.47117689782715755,0.5288231021728425,0.29999999985467324,1
11,0.3942338066080702,0.6057661933919297,0.4920305380117963,0.5079694619882038,0.29999999985334014,1
11.1,0.394758801108031,0.6052411988919689,0.5132018954957821,0.4867981045042179,0.29999999985200687,1
11.200000000000001,0.3994794300888341,0.600520569911166,0.5338469350685542,0.46615306493144576,0.2999999998506737,1
11.3,0.4082074969702845,0.5917925030297155,0.5531426041537314,0.44685739584626855,0.2999999998493403,1
11.4,0.42059504126971725,0.5794049587302829,0.5703196453179523,0.4296803546820476,0.2999999998480071,1
11.5,0.4361482106883526,0.5638517893116474,0.5846932641371292,0.41530673586287087,0.2999999998466738,1
11.6,0.4542469494439561,0.545753050556044,0.5956904297890684,0.40430957021093156,0.29999999984534054,1
11.700000000000001,0.4741697179381128,0.5258302820618872,0.6028727199839874,0.3971272800160126,0.2999999998440071,1
11.8,0.49512225826299006,0.50487774173701,0.6059537994776383,0.3940462005223617,0.299999999842674,1
11.9,0.5162692587576138,0.48373074124238624,0.6048108353538811,0.3951891646461189,0.29999999984134085,1
12,0.536767655247725,0.46323234475227504,0.5994893939854143,0.4005106060145856,0.2999999998400075,1
12.1,0.5558002413538746,0.44419975864612543,0.5902016244462922,0.4097983755537079,0.2999999998386745,1
12.200000000000001,0.5726082479308418,0.42739175206915836,0.577317800797837,0.42268219920216293,0.29999999983734116,1
12.3,0.5865215927989379,0.4134784072010622,0.5613515604303214,0.4386484395696787,0.29999999983600784,1
12.4,0.5969855948058733,0.4030144051941268,0.5429394269611456,0.45706057303885433,0.29999999983467457,1
12.5,0.6035830872138401,0.3964169127861599,0.522815434046947,0.477184565953053,0.29999999983334125,1
12.6,0.6060510488208585,0.39394895117914147,0.5017818617781621,0.4982181382218379,0.29999999983200787,1
12.700000000000001,0.6042910897860586,0.3957089102139415,0.480677252303648,0.5193227476963521,0.29999999983067477,1
12.8,0.5983733741221365,0.4016266258778635,0.46034297980146804,0.539657020198532,0.29999999982934145,1
12.9,0.5885338224775902,0.41146617752240977,0.44158970754561194,0.5584102924543881,0.29999999982800807,1
13,0.5751647067249779,0.42483529327502223,0.42516506931954384,0.5748349306804561,0.2999999998266747,1
13.1,0.5587990113192842,0.4412009886807157,0.4117238636166301,0.5882761363833698,0.2999999998253418,1
13.200000000000001,0.5400891848896859,0.459910815110314,0.4018019488906159,0.5981980511093841,0.2999999998240085,1
13.3,0.5197811291716949,0.480218870828305,0.3957948805701305,0.6042051194298694,0.29999999982267517,1
13.4,0.498684462258871,0.501315537741129,0.39394214151203927,0.6060578584879608,0.29999999982134196,1
13.5,0.4776402416844143,0.5223597583155858,0.3963175945756984,0.6036824054243016,0.29999999982000874,1
13.6,0.45748743411151654,0.5425125658884834,0.4028265379438501,0.59717346205615,0.29999999981867537,1
13.700000000000001,0.43902946838010093,0.5609705316198992,0.4132094805852185,0.5867905194147814,0.2999999998173424,1
13.8,0.4230022053344259,0.5769977946655741,0.42705248734303014,0.57294751265697,0.2999999998160093,1
13.9,0.410044601373447,0.589955398626553,0.44380368122342306,0.5561963187765769,0.29999999981467607,1
14,0.4006732352756023,0.5993267647243977,0.4627952449895871,0.537204755010413,0.2999999998133428,1
14.1,0.39526171383313063,0.6047382861668694,0.4832700449275056,0.5167299550724944,0.2999999998120094,1
14.200000000000001,0.3940257773282904,0.6059742226717096,0.5044118153777809,0.49558818462221915,0.2999999998106762,1
14.3,0.3970146986491382,0.6029853013508618,0.5253777006715129,0.4746222993284872,0.299999999809343,1
14.4,0.40410931893497815,0.595890681065022,0.5453318571259438,0.45466814287405627,0.29999999980800973,1
14.5,0.41502679806409887,0.5849732019359011,0.563478775494344,0.436521224505656,0.29999999980667674,1
14.6,0.429331890596845,0.5706681094031549,0.5790949954092197,0.4209050045907804,0.2999999998053434,1
14.700000000000001,0.4464542976377536,0.5535457023622463,0.5915579474640759,0.4084420525359241,0.29999999980401004,1
14.8,0.4657114028527756,0.5342885971472244,0.6003707730909558,0.3996292269090443,0.29999999980267694,1
14.9,0.48633548622832223,0.5136645137716778,0.6051821327435625,0.39481786725643747,0.2999999998013437,1
15,0.5075043306454453,0.49249566935455463,0.6058002126962162,0.3941997873037838,0.29999999980001013,1
15.1,0.5283740010816274,0.4716259989183726,0.6022003720517717,0.3977996279482283,0.29999999979867664,1
15.200000000000001,0.5481124896368489,0.45188751036315117,0.5945261250964243,0.4054738749035757,0.29999999979734326,1
15.3,0.5659328850629202,0.4340671149370799,0.5830834198380189,0.4169165801619811,0.29999999979601005,1
15.4,0.5811247444316214,0.4188752555683785,0.5683284408244829,0.43167155917551714,0.29999999979467673,1
15.5,0.593082416252243,0.406917583747757,0.5508494225055206,0.4491505774944794,0.2999999997933437,1
15.6,0.6013291858852097,0.39867081411479044,0.5313431981814466,0.4686568018185535,0.29999999979201064,1
15.700000000000001,0.6055362806503495,0.3944637193496505,0.5105874194585591,0.4894125805414409,0.29999999979067743,1
15.8,0.6055359769561142,0.3944640230438859,0.4894095537337012,0.5105904462662989,0.2999999997893442,1
15.9,0.6013282869098717,0.3986717130901283,0.46865389568045906,0.531346104319541,0.299999999788011,1
16,0.593080957835223,0.40691904216477703,0.44914790788494285,0.5508520921150573,0.2999999997866776,1
16.1,0.5811227847155831,0.4188772152844169,0.4316692325237746,0.5683307674762255,0.2999999997853444,1
16.2,0.5659305021757984,0.4340694978242015,0.4169146892245817,0.5830853107754184,0.2999999997840109,1
16.3,0.5481097785771272,0.45189022142287283,0.40547249506645894,0.594527504933541,0.2999999997826777,1
16.4,0.5283710699310351,0.47162893006896495,0.3977988142213157,0.6022011857786843,0.29999999978134434,1
16.5,0.5075012962600672,0.4924987037399327,0.3941995721278995,0.6058004278721004,0.299999999780011,1
16.6,0.4863324695799012,0.5136675304200988,0.39481825920999153,0.6051817407900084,0.29999999977867803,1
16.7,0.46570852420593606,0.534291475794064,0.399630210366037,0.600369789633963,0.2999999997773448,1
16.8,0.44645167175541495,0.553548328244585,0.40844358828890776,0.5915564117110923,0.29999999977601144,1
16.9,0.4293296221649728,0.5706703778350273,0.42090703141394076,0.5790929685860593,0.2999999997746783,1
17,0.41502497751819256,0.5849750224818074,0.43652366159570044,0.5634763384042997,0.29999999977334457,1
17.1,0.40410801885468156,0.5958919811453185,0.4546708930715954,0.5453291069284046,0.29999999977201136,1
17.2,0.39701397086471035,0.6029860291352896,0.47462525299148556,0.5253747470085144,0.29999999977067787,1
17.3,0.39402565085428914,0.6059743491457109,0.4955912239970905,0.5044087760029096,0.2999999997693449,1
17.400000000000002,0.39526219371169097,0.604737806288309,0.5167329589885798,0.4832670410114202,0.29999999976801117,1
17.5,0.4006743023754213,0.5993256976245788,0.5372076037106879,0.4627923962893122,0.29999999976667785,1
17.6,0.4100462131524909,0.5899537868475091,0.5561988986920007,0.44380110130799943,0.2999999997653447,1
17.7,0.4230042975359522,0.5769957024640479,0.5729497209341385,0.42705027906586157,0.29999999976401154,1
17.8,0.4390319575943797,0.5609680424056203,0.5867922680163813,0.4132077319836188,0.2999999997626782,1
17.900000000000002,0.4574902211011234,0.5425097788988765,0.5971746812707379,0.40282531872926214,0.2999999997613449,1
18,0.47764321534052556,0.5223567846594744,0.6036830466454896,0.3963169533545105,0.29999999976001157,1
18.1,0.4986875040308356,0.5013124959691644,0.6060578961522045,0.39394210384779554,0.2999999997586782,1
18.2,0.5197841177932893,0.48021588220671074,0.6042045520356099,0.3957954479643902,0.2999999997573448,1
18.3,0.5400920012136305,0.45990799878636945,0.5981969012769096,0.4018030987230905,0.29999999975601166,1
18.400000000000002,0.5588015430672842,0.4411984569327157,0.5882744499530141,0.41172555004698597,0.29999999975467834,1
18.5,0.5751668529639186,0.42483314703608144,0.5748327748850832,0.4251672251149167,0.2999999997533453,1
18.6,0.5885354976434337,0.41146450235656623,0.5584077532390216,0.4415922467609784,0.29999999975201197,1
18.7,0.5983745114311008,0.4016254885688992,0.5396541987939881,0.46034580120601193,0.29999999975067876,1
18.8,0.6042916438970843,0.39570835610291566,0.5193197565834735,0.48068024341652643,0.2999999997493456,1
18.900000000000002,0.6060509976432197,0.3939490023567804,0.49821509664722413,0.5017849033527758,0.29999999974801245,1
19,0.6035824327878337,0.39641756721216626,0.47718159517506,0.52281840482494,0.2999999997466792,1
19.1,0.5969843632214796,0.4030156367785204,0.45705779149339126,0.5429422085066087,0.2999999997453459,1
19.2,0.5865198331556918,0.4134801668443083,0.43864595814852775,0.5613540418514722,0.2999999997440126,1
19.3,0.5726060303803828,0.4273939696196172,0.4226801168320602,0.5773198831679399,0.2999999997426792,1
19.400000000000002,0.5557976543032148,0.4442023456967852,0.4097967752524341,0.5902032247475659,0.2999999997413461,1
19.5,0.5367648018347285,0.4632351981652714,0.4005095515812995,0.5994904484187005,0.2999999997400128,1
19.6,0.5162662527392032,0.4837337472607967,0.39518869811787793,0.6048113018821222,0.29999999973867963,1
19.7,0.4951192194800032,0.5048807805199967,0.394046340498232,0.6059536595017679,0.2999999997373462,1
19.8,0.47416676753761194,0.525833232462388,0.39712802091558075,0.6028719790844193,0.29999999973601293,1
19.900000000000002,0.45424420504946184,0.5457557949505382,0.40431088249677877,0.5956891175032212,0.29999999973467956,1
20,0.43614578171055046,0.5638542182894495,0.41530856721813997,0.58469143278186,0.2999999997333464,1
20.1,0.4205930245445861,0.579406975455414,0.429682632096158,0.5703173679038421,0.29999999973201324,1
20.2,0.4082059728985392,0.5917940271014608,0.4468600285256262,0.5531399714743738,0.2999999997306797,1
20.3,0.3994784594305931,0.6005215405694069,0.46615594791910875,0.5338440520808913,0.29999999972934654,1
20.400000000000002,0.3947584225604949,0.605241577439505,0.486801122864211,0.5131988771357889,0.2999999997280132,1
20.5,0.39423403526278117,0.6057659647372188,0.5079724953876678,0.49202750461233224,0.2999999997266799,1
20.6,0.397926203204119,0.6020737967958811,0.52882602967934,0.47117397032066005,0.2999999997253468,1
20.7,0.40568773130035124,0.5943122686996487,0.5485303611363674,0.4514696388636326,0.29999999972401314,1
20.8,0.41720919191998695,0.582790808080013,0.5662999402462734,0.4337000597537266,0.29999999972267966,1
20.900000000000002,0.4320312607873817,0.5679687392126183,0.5814263499669984,0.41857365003300173,0.29999999972134667,1
21,0.4495630287920793,0.5504369712079207,0.5933065480787517,0.4066934519212483,0.2999999997200137,1
21.1,0.4691055596702621,0.530894440329738,0.6014669085742406,0.3985330914257594,0.29999999971868047,1
21.2,0.48987975438789516,0.5101202456121048,0.6055821036329155,0.3944178963670845,0.29999999971734714,1
21.3,0.5110574113605424,0.4889425886394576,0.6054880734145088,0.3945119265854912,0.299999999716014,1
21.400000000000002,0.5317942442369094,0.46820575576309065,0.6011885666071262,0.39881143339287384,0.29999999971468067,1
21.5,0.55126354093128,0.4487364590687199,0.5928549909788808,0.40714500902111916,0.29999999971334756,1
21.6,0.5686891220254457,0.43131087797455436,0.5808195798911039,0.41918042010889617,0.2999999997120145,1
21.7,0.5833762845926502,0.4166237154073497,0.5655621472026844,0.4344378527973156,0.29999999971068086,1
21.8,0.5947394978109439,0.405260502189056,0.5476909586057066,0.45230904139429345,0.29999999970934765,1
21.900000000000002,0.6023257462292416,0.39767425377075843,0.5279184819918616,0.4720815180081383,0.29999999970801405,1
22,0.6058325900637357,0.39416740993626426,0.5070329836060044,0.49296701639399576,0.2999999997066808,1
22.1,0.605120222517639,0.394879777482361,0.48586710235857067,0.5141328976414293,0.29999999970534735,1
22.2,0.6002170434369705,0.39978295656302953,0.46526465513985155,0.5347353448601484,0.2999999997040142,1
22.3,0.591318527098317,0.4086814729016831,0.4460469965034844,0.5539530034965157,0.29999999970268104,1
22.400000000000002,0.5787794292662995,0.4212205707337005,0.42898027385242044,0.5710197261475796,0.29999999970134783,1
22.5,0.5630996442007711,0.43690035579922887,0.4147448835597701,0.58525511644023,0.29999999970001434,1
22.6,0.5449042754502353,0.4550957245497647,0.40390834571259343,0.5960916542874066,0.29999999969868096,1
22.7,0.5249187149460611,0.47508128505393893,0.39690267887700464,0.6030973211229954,0.2999999996973477,1
22.8,0.5039397239153617,0.4960602760846384,0.3940071768813011,0.6059928231186988,0.29999999969601415,1
22.900000000000002,0.48280366852527906,0.517196331474721,0.3953372742524227,0.6046627257475773,0.2999999996946808,1
23,0.4623531766032946,0.5376468233967054,0.40083994420565133,0.5991600557943486,0.29999999969334745,1
23.1,0.4434035447249024,0.5565964552750977,0.41029581265517795,0.5897041873448221,0.2999999996920142,1
23.2,0.42671023491204824,0.5732897650879517,0.4233279039666064,0.5766720960333935,0.299999999690681,1
23.3,0.41293875674639385,0.5870612432536061,0.4394166697858437,0.5605833302141563,0.2999999996893477,1
23.400000000000002,0.40263813560250405,0.597361864397496,0.4579207017923935,0.5420792982076065,0.29999999968801416,1
23.5,0.39621902473877185,0.6037809752612281,0.47810230262494635,0.5218976973750538,0.29999999968668106,1
23.6,0.39393733384794305,0.606062666152057,0.4991568955471594,0.5008431044528406,0.29999999968534785,1
23.7,0.3958840267452641,0.6041159732547359,0.5202451003830607,0.4797548996169393,0.2999999996840145,1
23.8,0.4019814949282325,0.5980185050717676,0.540526196955759,0.45947380304424107,0.29999999968268115,1
23.900000000000002,0.4119866515826769,0.5880133484173231,0.5591916419477612,0.4408083580522388,0.29999999968134766,1
24,0.4255006226869092,0.5744993773130909,0.5754973029714493,0.42450269702855065,0.29999999968001445,1
24.1,0.4419846488602085,0.5580153511397915,0.5887931247790491,0.41120687522095095,0.2999999996786812,1
24.2,0.4607815639991209,0.539218436000879,0.5985490449139211,0.40145095508607886,0.2999999996773479,1
24.3,0.48114199441612804,0.518858005583872,0.6043761256279412,0.3956238743720588,0.29999999967601476,1
24.400000000000002,0.502254234003704,0.49774576599629605,0.6060420596021111,0.39395794039788895,0.29999999967468177,1
24.5,0.5232766043952505,0.47672339560474947,0.603480431306253,0.396519568693747,0.2999999996733485,1
24.6,0.5433710100254145,0.45662898997458545,0.596793364776603,0.403206635223397,0.2999999996720153,1
24.7,0.5617363503554259,0.43826364964457415,0.5862474522527668,0.41375254774723336,0.2999999996706822,1
24.8,0.5776404572234738,0.42235954277652626,0.572263125986433,0.42773687401356697,0.2999999996693487,1
24.900000000000002,0.5904492840787504,0.40955071592124964,0.5553978969342938,0.4446021030657062,0.299999999668015,1
25,0.5996521834165132,0.4003478165834868,0.5363241285555861,0.46367587144441397,0.2999999996666817,1
25.1,0.6048822646826025,0.3951177353173976,0.5158022318028076,0.4841977681971924,0.2999999996653486,1
25.2,0.6059310210420054,0.3940689789579946,0.4946503499367366,0.5053496500632635,0.2999999996640155,1
25.3,0.6027566418883631,0.39724335811163686,0.47371174173651115,0.5262882582634888,0.29999999966268254,1
25.400000000000002,0.5954856797008992,0.4045143202991008,0.45382116343325135,0.5461788365667486,0.2999999996613492,1
25.5,0.5844080047964448,0.4155919952035552,0.4357715896134386,0.5642284103865615,0.299999999660016,1
25.6,0.569965249114674,0.43003475088532594,0.4202825998246129,0.5797174001753872,0.29999999965868285,1
25.7,0.5527331997463653,0.44726680025363474,0.4079716912096546,0.5920283087903454,0.29999999965734964,1
25.8,0.5333988441191527,0.4666011558808472,0.3993296608443889,0.6006703391556111,0.2999999996560163,1
25.900000000000002,0.5127329819767731,0.48726701802322686,0.39470103920702554,0.6052989607929744,0.2999999996546826,1
26,0.49155949602576265,0.5084405039742375,0.3942703548352589,0.6057296451647411,0.2999999996533491,1
26.1,0.47072250633194695,0.5292774936680531,0.3980547777558051,0.601945222244195,0.29999999965201585,1
26.2,0.451052717917281,0.548947282082719,0.40590343496962333,0.5940965650303768,0.2999999996506824,1
26.3,0.433334303172153,0.5666656968278471,0.4175034252822654,0.5824965747177346,0.29999999964934915,1
26.400000000000002,0.41827363937686246,0.5817263606231375,0.4323922936870502,0.5676077063129499,0.29999999964801605,1
26.5,0.40647114766863296,0.593528852331367,0.449976467986771,0.550023532013229,0.29999999964668267,1
26.6,0.39839735614567384,0.6016026438543263,0.46955492264401083,0.5304450773559891,0.2999999996453495,1
26.7,0.39437414139679294,0.6056258586032071,0.4903471264570318,0.5096528735429682,0.2999999996440163,1
26.8,0.3945618962975771,0.6054381037024229,0.5115241598755977,0.4884758401244022,0.299999999642683,1
26.900000000000002,0.39895313565260926,0.6010468643473907,0.5322417614075478,0.4677582385924523,0.2999999996413496,1
27,0.40737279460659004,0.5926272053934101,0.5516739856601779,0.44832601433982205,0.2999999996400165,1
27.1,0.4194852079276522,0.5805147920723479,0.5690461311765389,0.43095386882346104,0.29999999963868307,1
27.2,0.43480749192086793,0.565192508079132,0.5836656253377308,0.4163343746622692,0.2999999996373499,1
27.3,0.45272879547728867,0.5472712045227113,0.5949496350476043,0.40505036495239577,0.2999999996360166,1
27.400000000000002,0.4725346527799422,0.5274653472200579,0.6024483024490056,0.39755169755099445,0.2999999996346835,1
27.5,0.4934354668012535,0.5065645331987465,0.6058626793368835,0.3941373206631166,0.29999999963335017,1
27.6,0.5145979880447341,0.4854020119552659,0.6050566452798064,0.39494335472019354,0.299999999632017,1
27.7,0.5351785335728474,0.4648214664271526,0.6000623343119944,0.3999376656880056,0.2999999996306838,1
27.8,0.5543566219832436,0.4456433780167563,0.5910788538507816,0.4089211461492183,0.29999999962935053,1
27.900000000000002,0.5713676834130055,0.42863231658699447,0.578464346912227,0.4215356530877731,0.29999999962801716,1
28,0.5855335405262617,0.4144664594737384,0.5627217140792857,0.4372782859207143,0.29999999962668417,1
28.1,0.596289445304382,0.403710554695618,0.5444785644426133,0.4555214355573866,0.2999999996253504,1
28.2,0.603206593767255,0.396793406232745,0.5244621948067231,0.4755378051932769,0.299999999624017,1
28.3,0.6060092210347586,0.3939907789652415,0.5034705946615823,0.49652940533841766,0.29999999962268403,1
28.400000000000002,0.6045855952022727,0.3954144047977272,0.48234063285993384,0.5176593671400661,0.2999999996213507,1
28.5,0.5989924717391143,0.4010075282608857,0.461914694297118,0.5380853057028819,0.29999999962001755,1
28.6,0.5894528308270811,0.41054716917291895,0.443007096683684,0.556992903316316,0.2999999996186844,1
28.7,0.576346987844281,0.42365301215571904,0.42637162626808484,0.5736283737319151,0.2999999996173514,1
28.8,0.5601974313911999,0.4398025686088001,0.41267148675774257,0.5873285132422574,0.29999999961601803,1
28.900000000000002,0.5416479933190631,0.45835200668093695,0.402452859480164,0.597547140519836,0.2999999996146847,1
29,0.5214381811857226,0.4785618188142774,0.39612312885704787,0.6038768711429522,0.29999999961335144,1
29.1,0.500373696423055,0.49962630357694504,0.3939346412730115,0.6060653587269885,0.2999999996120182,1
29.2,0.4792943135634942,0.5207056864365057,0.39597464482158934,0.6040253551784106,0.2999999996106851,1
29.3,0.4590404010795751,0.540959598920425,0.4021618109990822,0.5978381890009179,0.299999999609352,1
29.400000000000002,0.44041941854495786,0.5595805814550421,0.41224947701534487,0.5877505229846552,0.29999999960801876,1
29.5,0.4241737257693989,0.5758262742306011,0.42583547946081585,0.5741645205391842,0.2999999996066852,1
29.6,0.4109509872558664,0.5890490127441337,0.44237818729251466,0.5576218127074853,0.29999999960535195,1
29.7,0.40127835186070043,0.5987216481392996,0.4612180949544542,0.5387819050455459,0.2999999996040188,1
29.8,0.3955414370322824,0.6044585629677176,0.48160411478289816,0.5183958852171019,0.2999999996026855,1
29.900000000000002,0.39396895546029587,0.6060310445397041,0.5027235205012419,0.4972764794987581,0.2999999996013521,1
30,0.3966235970225594,0.6033764029774406,0.5237343480518684,0.47626565194813164,0.29999999960001883,1
30.1,0.4033995295374357,0.5966004704625643,0.5437989620460651,0.45620103795393485,0.2999999995986855,1
30.2,0.41402661795893053,0.5859733820410694,0.5621174496435722,0.43788255035642787,0.29999999959735213,1
30.3,0.42808119380848925,0.5719188061915108,0.5779595105531666,0.42204048944683337,0.29999999959601853,1
30.400000000000002,0.4450029455002296,0.5549970544997704,0.5906935718006006,0.4093064281993995,0.2999999995946853,1
30.5,0.4641172561956477,0.5358827438043523,0.5998119665499715,0.40018803345002857,0.29999999959335205,1
30.6,0.4846620986480215,0.5153379013519785,0.6049511731783802,0.39504882682161974,0.29999999959201845,1
30.7,0.5058184148239417,0.4941815851760583,0.6059063077358375,0.3940936922641624,0.29999999959068524,1
30.8,0.5267427691623305,0.47325723083766946,0.6026392920217774,0.3973607079782226,0.2999999995893519,1
30.900000000000002,0.5466009736885574,0.45339902631144263,0.5952803716427459,0.40471962835725417,0.2999999995880186,1
31,0.5646013444564665,0.43539865554353346,0.5841229235310945,0.41587707646890554,0.29999999958668544,1
31.1,0.5800262634889229,0.41997373651107717,0.5696117599325208,0.4303882400674793,0.2999999995853522,1
31.2,0.5922607879419092,0.40773921205809094,0.552325395145565,0.4476746048544351,0.29999999958401913,1
31.3,0.6008171659350857,0.39918283406491434,0.5329529819821947,0.46704701801780535,0.29999999958268597,1
31.400000000000002,0.6053542816800174,0.3946457183199826,0.5122668374200114,0.48773316257998867,0.29999999958135254,1
31.5,0.6056912546901679,0.3943087453098321,0.4910916527616218,0.5089083472383782,0.29999999958001944,1
31.6,0.6018146509150752,0.3981853490849248,0.470271615794954,0.529728384205046,0.29999999957868606,1
31.7,0.593879018313548,0.4061209816864521,0.45063675569023043,0.5493632443097696,0.29999999957735285,1
31.8,0.5822007255142659,0.41779927448573406,0.43296985235634805,0.5670301476436519,0.2999999995760195,1
31.900000000000002,0.5672453491969467,0.43275465080305325,0.4179752294761992,0.5820247705238007,0.29999999957468637,1
32,0.5496091130193848,0.4503908869806152,0.4062506753441316,0.5937493246558684,0.2999999995733534,1
32.1,0.52999511806177,0.4700048819382299,0.39826361093314744,0.6017363890668526,0.2999999995720203,1
32.2,0.5091853124054585,0.49081468759454144,0.3943324552957927,0.6056675447042074,0.299999999570687,1
32.3,0.48800931733063074,0.5119906826693692,0.3946139312013964,0.6053860687986036,0.29999999956935364,1
32.4,0.4673113529339591,0.5326886470660409,0.39909681709384315,0.600903182906157,0.2999999995680206,1
32.5,0.4479165817375346,0.5520834182624654,0.40760239445960394,0.5923976055403961,0.2999999995666873,1
32.6,0.43059821206314924,0.5694017879368507,0.4197915727708743,0.5802084272291258,0.2999999995653541,1
32.7,0.41604667265658885,0.5839533273434112,0.4351784079548211,0.564821592045179,0.2999999995640208,1
32.8,0.404842087472386,0.5951579125276141,0.453149475450231,0.5468505245497691,0.29999999956268747,1
32.9,0.39743114796250284,0.6025688520374971,0.47298832550892905,0.5270116744910709,0.29999999956135404,1
33,0.39410930489780643,0.6058906951021936,0.4939040457862754,0.5060959542137247,0.2999999995600207,1
33.1,0.39500898967821524,0.6049910103217848,0.5150627925203941,0.4849372074796059,0.2999999995586875,1
33.2,0.4000943347107118,0.5999056652892881,0.5356210332515255,0.46437896674847445,0.2999999995573542,1
33.3,0.40916260333708737,0.5908373966629127,0.5547591757991868,0.4452408242008133,0.29999999955602097,1
33.4,0.4218522723047115,0.5781477276952885,0.5717142428159472,0.4282857571840529,0.2999999995546879,1
33.5,0.43765744455772565,0.5623425554422743,0.5858102892864752,0.41418971071352495,0.29999999955335455,1
33.6,0.45594801775615695,0.5440519822438431,0.596485350322159,0.4035146496778411,0.29999999955202133,1
33.7,0.47599480446774417,0.5240051955322558,0.6033138449277724,0.3966861550722277,0.29999999955068835,1
33.8,0.49699860256970196,0.503001397430298,0.6060235425727089,0.39397645742729115,0.29999999954935475,1
33.9,0.5181220569152432,0.48187794308475684,0.6045064161631348,0.3954935838368653,0.2999999995480217,1
34,0.5385230420407664,0.46147695795923355,0.5988229487413068,0.4011770512586932,0.29999999954668816,1
34.1,0.55738823505052,0.4426117649494799,0.5891997222175489,0.4108002777824511,0.29999999954535506,1
34.2,0.5739655402337799,0.4260344597662201,0.5760203842645295,0.4239796157354705,0.29999999954402184,1
34.300000000000004,0.5875940727473804,0.4124059272526196,0.5598103534952625,0.4401896465047374,0.29999999954268847,1
34.4,0.5977305060087981,0.4022694939912019,0.5412158726811156,0.45878412731888446,0.29999999954135537,1
34.5,0.6039707324123719,0.3960292675876281,0.520978245091919,0.47902175490808097,0.2999999995400222,1
34.6,0.6060659738242613,0.39393402617573875,0.49990428107399426,0.5000957189260057,0.299999999538689,1
34.7,0.6039326995815499,0.39606730041845,0.47883413306776806,0.5211658669322319,0.2999999995373555,1
34.800000000000004,0.5976559565961701,0.40234404340382995,0.45860780138131546,0.5413921986186845,0.2999999995360224,1
34.9,0.5874859788029114,0.4125140211970887,0.4400316460289411,0.5599683539710589,0.299999999534689,1
35,0.5738282111221259,0.42617178887787416,0.4238462397021099,0.5761537602978901,0.29999999953335593,1
35.1,0.5572271456502498,0.4427728543497503,0.4106968434733307,0.5893031565266694,0.2999999995320228,1
35.2,0.5383446144782197,0.46165538552178037,0.401107682273503,0.598892317726497,0.2999999995306896,1
35.300000000000004,0.5179334045346081,0.48206659546539193,0.395461045698267,0.604538954301733,0.29999999952935624,1
35.4,0.49680724634641676,0.5031927536535832,0.3939820473282507,0.6060179526717493,0.29999999952802325,1
35.5,0.475808373170926,0.5241916268290739,0.3967296501610237,0.6032703498389763,0.2999999995266897,1
35.6,0.45577394381363695,0.544226056186363,0.40359431594245915,0.5964056840575408,0.2999999995253562,1
35.7,0.4375026677485922,0.5624973322514077,0.4143023721112488,0.5856976278887512,0.299999999524023,1
35.800000000000004,0.4217229630922046,0.5782770369077954,0.4284269222602704,0.5715730777397297,0.2999999995226899,1
35.9,0.40906391687169014,0.5909360831283098,0.4454048651491465,0.5545951348508534,0.2999999995213567,1
36,0.40003020531055933,0.5999697946894408,0.4645593437736711,0.535440656226329,0.2999999995200235,1
36.1,0.3949819739802381,0.6050180260197618,0.48512672951855,0.51487327048145,0.29999999951869005,1
36.2,0.3941204799326801,0.6058795200673198,0.5062870656204441,0.4937129343795559,0.2999999995173568,1
36.300000000000004,0.3974800682168312,0.6025199317831689,0.5271967562565131,0.47280324374348687,0.2999999995160237,1
36.4,0.40492680264991504,0.5950731973500849,0.5470221980476626,0.4529778019523375,0.2999999995146906,1
36.5,0.41616380543036813,0.5838361945696319,0.564973013194592,0.43502698680540797,0.2999999995133574,1
36.6,0.4307430927189054,0.5692569072810947,0.5803335593463881,0.4196664406536119,0.299999999512024,1
36.7,0.44808343434045145,0.5519165656595485,0.5924914600026381,0.40750853999736186,0.2999999995106909,1
36.800000000000004,0.46749352559698354,0.5325064744030165,0.6009620180319701,0.3990379819680298,0.2999999995093578,1
36.9,0.48819954740423,0.5118004525957701,0.6054075390170781,0.39459246098292194,0.29999999950802475,1
37,0.5093760160165519,0.49062398398344814,0.6056507940654456,0.3943492059345543,0.2999999995066913,1
37.1,0.5301786924588302,0.46982130754116985,0.6016820853659937,0.39831791463400645,0.2999999995053582,1
37.2,0.5497782396701637,0.45022176032983635,0.5936596328102006,0.4063403671897993,0.29999999950402495,1
37.300000000000004,0.5673932855552749,0.43260671444472504,0.5819032662643381,0.41809673373566203,0.29999999950269174,1
37.4,0.5823215738241032,0.41767842617589673,0.5668816749620149,0.43311832503798514,0.2999999995013585,1
37.5,0.5939679607339163,0.4060320392660837,0.5491937223435174,0.45080627765648273,0.2999999995000255,1
37.6,0.601868141592184,0.3981318584078159,0.5295445712603292,0.47045542873967083,0.29999999949869244,1
37.7,0.6057071611194214,0.39429283888057864,0.5087175713575876,0.49128242864241245,0.29999999949735917,1
37.800000000000004,0.6053319697222475,0.3946680302777525,0.48754302939581645,0.5124569706041836,0.29999999949602607,1
37.9,0.6007575250976803,0.3992424749023196,0.4668651075406564,0.5331348924593435,0.29999999949469264,1
38,0.5921661959169587,0.4078338040830412,0.44750816928131826,0.5524918307186818,0.2999999994933596,1
38.1,0.579900491362135,0.4200995086378651,0.43024391465978495,0.5697560853402152,0.29999999949202627,1
38.2,0.5644494063658716,0.43555059363412835,0.4157606150254603,0.5842393849745396,0.2999999994906927,1
38.300000000000004,0.5464289269266405,0.4535710730733595,0.40463567382850846,0.5953643261714915,0.29999999948935924,1
38.4,0.5265574726908827,0.47344252730911723,0.39731260736645924,0.6026873926335408,0.2999999994880259,1
38.5,0.5056272558288858,0.4943727441711143,0.39408336318907106,0.605916636810929,0.29999999948669287,1
38.6,0.48447269803560705,0.5155273019643929,0.39507668107084803,0.604923318929152,0.29999999948535977,1
38.7,0.46393716477095415,0.5360628352290459,0.40025296056250753,0.5997470394374925,0.2999999994840266,1
38.800000000000004,0.44483934294038135,0.5551606570596186,0.4094058397359237,0.5905941602640763,0.2999999994826933,1
38.9,0.42794060243157245,0.5720593975684275,0.4221704221829689,0.5778295778170311,0.29999999948136,1
39,0.41391464269974154,0.5860853573002586,0.4380378242837711,0.561962175716229,0.2999999994800267,1
39.1,0.40332063449640715,0.5966793655035929,0.4563754627907103,0.5436245372092897,0.29999999947869344,1
39.2,0.3965809274961554,0.6034190725038446,0.4764522739262036,0.5235477260737964,0.2999999994773602,1
39.300000000000004,0.39396421254796166,0.6060357874520383,0.49746785858843523,0.5025321414115649,0.29999999947602685,1
39.4,0.39557480981897447,0.6044251901810256,0.5185843917376561,0.481415608262344,0.2999999994746935,1
39.5,0.4013485098786654,0.5986514901213347,0.5389600238365204,0.4610399761634795,0.29999999947336037,1
39.6,0.4110551335261945,0.5889448664738056,0.5577824427344409,0.44221755726555906,0.2999999994720272,1
39.7,0.42430770830875214,0.5756922916912479,0.5743012579895461,0.4256987420104538,0.299999999470694,1
39.800000000000004,0.44057789589205065,0.5594221041079495,0.5878579165675244,0.4121420834324756,0.29999999946936073,1
39.9,0.45921705524238965,0.5407829447576104,0.5979119572728467,0.4020880427271533,0.29999999946802747,1
40,0.4794821018976967,0.5205178981023033,0.60406255723105,0.39593744276895,0.2999999994666941,1
40.1,0.5005651324000133,0.4994348675999866,0.6060645114318287,0.39393548856817134,0.2999999994653608,1
40.2,0.5216256328567925,0.4783743671432074,0.6038380082789789,0.39616199172102107,0.2999999994640278,1
40.300000000000004,0.5418239875773099,0.4581760124226901,0.597471811426869,0.40252818857313094,0.29999999946269446,1
40.4,0.5603549519006037,0.4396450480993963,0.5872197210536579,0.41278027894634206,0.2999999994613612,1
40.5,0.5764797547589249,0.42352024524107507,0.5734904556491303,0.4265095443508698,0.29999999946002764,1
40.6,0.5895555511488029,0.4104444488511971,0.556831357698336,0.4431686423016639,0.29999999945869427,1
40.7,0.5990610503326496,0.40093894966735055,0.5379065728640083,0.4620934271359918,0.29999999945736117,1
40.800000000000004,0.6046172980553826,0.3953827019446175,0.5174705725948912,0.4825294274051088,0.2999999994560281,1
40.9,0.6060027842546747,0.3939972157453253,0.49633807573003125,0.5036619242699688,0.2999999994546946,1
41,0.6031622739680991,0.39683772603190093,0.47535156822974406,0.524648431770256,0.29999999945336125,1
41.1,0.596209009376769,0.403790990623231,0.45534771591908346,0.5446522840809166,0.29999999945202804,1
41.2,0.5854201951969443,0.41457980480305573,0.43712400926173756,0.5628759907382626,0.29999999945069517,1
41.300000000000004,0.5712259474027916,0.42877405259720847,0.42140696993195326,0.5785930300680467,0.2999999994493618,1
41.4,0.5541921458598488,0.4458078541401513,0.40882318668813317,0.5911768133118669,0.2999999994480286,1
41.5,0.5349978744805814,0.4650021255194186,0.39987433525642085,0.6001256647435791,0.29999999944669514,1
41.6,0.5144083482918372,0.4855916517081628,0.39491717810268295,0.6050828218973171,0.299999999445362,1
41.7,0.4932444067265818,0.5067555932734182,0.39414934143886365,0.6058506585611363,0.29999999944402816,1
41.800000000000004,0.47234978934610156,0.5276502106538985,0.3976014364895817,0.6023985635104183,0.2999999994426951,1
41.9,0.45255749860635824,0.5474425013936418,0.40513583911920986,0.5948641608807902,0.2999999994413619,1
42,0.4346565906788502,0.5653434093211498,0.4164521764718505,0.5835478235281496,0.2999999994400286,1
42.1,0.41936071827114907,0.5806392817288509,0.43109930188918866,0.5689006981108113,0.2999999994386954,1
42.2,0.40727967954558714,0.5927203204544128,0.44849328070403693,0.5515067192959632,0.29999999943736194,1
42.300000000000004,0.3988951073909195,0.6011048926090805,0.4679406698727428,0.5320593301272573,0.2999999994360289,1
42.4,0.39454126823898256,0.6054587317610174,0.488666163360981,0.5113338366390191,0.29999999943469596,1
42.5,0.3943917359169327,0.6056082640830673,0.5098435011486403,0.4901564988513597,0.29999999943336225,1
42.6,0.3984524718065197,0.6015475281934803,0.5306284096093237,0.4693715903906763,0.2999999994320292,1
42.7,0.4065615871826127,0.5934384128173874,0.5501922600354846,0.44980773996451534,0.29999999943069605,1
42.800000000000004,0.4183957972057847,0.5816042027942153,0.567755103450019,0.432244896549981,0.2999999994293626,1
42.9,0.4334833092686437,0.5665166907313562,0.5826167647106283,0.41738323528937177,0.29999999942802946,1
43,0.45122263187821343,0.5487773681217866,0.594184756283137,0.4058152437168629,0.29999999942669614,1
43.1,0.47090655422357874,0.5290934457764213,0.6019978988497148,0.39800210115028517,0.2999999994253629,1
43.2,0.4917503404391104,0.5082496595608895,0.6057447070728916,0.3942552929271085,0.2999999994240296,1
43.300000000000004,0.512923014546968,0.48707698545303196,0.60527580753298,0.3947241924670199,0.2999999994226961,1
43.4,0.5335804888469516,0.46641951115304836,0.6006098937749262,0.3993901062250737,0.2999999994213626,1
43.5,0.5528992150293477,0.4471007849706523,0.5919329810556637,0.4080670189443362,0.29999999942002925,1
43.6,0.5701090164470917,0.4298909835529083,0.5795909905028429,0.42040900949715715,0.299999999418696,1
43.7,0.5845237926281722,0.4154762073718277,0.5640759583311241,0.435924041668876,0.29999999941736283,1
43.800000000000004,0.5955688719362608,0.40443112806373926,0.5460064199110601,0.4539935800889398,0.29999999941602945,1
43.9,0.6028039219153093,0.3971960780846908,0.5261027507158386,0.4738972492841615,0.29999999941469613,1
44,0.6059405039549751,0.39405949604502494,0.5051584472245165,0.4948415527754835,0.29999999941336286,1
44.1,0.6048535724277633,0.39514642757223684,0.4840084927215082,0.5159915072784917,0.2999999994120299,1
44.2,0.5995864598635746,0.4004135401364253,0.463496069148065,0.536503930851935,0.2999999994106962,1
44.300000000000004,0.5903491494184874,0.40965085058151274,0.4444389420991818,0.5555610579008183,0.29999999940936306,1
44.4,0.5775099035089829,0.4224900964910171,0.42759685909002015,0.5724031409099798,0.2999999994080298,1
44.5,0.5615805823515596,0.4384194176484405,0.41364126082008246,0.5863587391799175,0.29999999940669647,1
44.6,0.5431962377112209,0.456803762288779,0.40312851295144725,0.5968714870485528,0.2999999994053631,1
44.7,0.5230897953916941,0.4769102046083059,0.3964777255655965,0.6035222744344034,0.2999999994040299,1
44.800000000000004,0.5020628357965922,0.4979371642034078,0.39395404456709093,0.6060459554329091,0.2999999994026965,1
44.9,0.4809536374483408,0.5190463625516593,0.3956580811531003,0.6043419188468997,0.2999999994013633,1
45,0.4606037574689178,0.5393962425310822,0.40152190076248223,0.5984780992375177,0.2999999994000299,1
45.1,0.4418244813531768,0.5581755186468232,0.4113117314123487,0.5886882685876513,0.2999999993986967,1
45.2,0.42536447957641293,0.574635520423587,0.4246372834492906,0.5753627165507094,0.29999999939736327,1
45.300000000000004,0.41187996046515907,0.588120039534841,0.4409673091661888,0.5590326908338111,0.2999999993960303,1
45.4,0.4019085092420626,0.5980914907579373,0.4596507819717932,0.5403492180282069,0.29999999939469707,1
45.5,0.39584765619956536,0.6041523438004347,0.47994285076641374,0.5200571492335863,0.2999999993933639,1
45.6,0.3939390284216658,0.6060609715783342,0.501034534804674,0.49896546519532603,0.2999999993920306,1
45.7,0.3962587168746061,0.603741283125394,0.5220849752048575,0.4779150247951424,0.29999999939069755,1
45.800000000000004,0.40271424290017643,0.5972857570998237,0.5422549573389495,0.4577450426610505,0.29999999938936434,1
45.9,0.41304824504797594,0.5869517549520241,0.5607403676714708,0.4392596323285291,0.2999999993880308,1
46,0.42684873926426353,0.5731512607357364,0.5768042512285264,0.42319574877147353,0.29999999938669736,1
46.1,0.4435655433960475,0.5564344566039526,0.5898061916669386,0.4101938083330615,0.2999999993853641,1
46.2,0.4625322112172674,0.5374677887827327,0.5992278426528304,0.4007721573471697,0.29999999938403094,1
46.300000000000004,0.4829926015366654,0.5170073984633347,0.6046935926941649,0.3953064073058352,0.29999999938269767,1
46.4,0.5041310231608607,0.4958689768391394,0.605985539585581,0.39401446041441895,0.2999999993813644,1
46.5,0.5251047539280802,0.47489524607191974,0.6030521774816665,0.39694782251833355,0.2999999993800313,1
46.6,0.5450776373812972,0.45492236261870284,0.5960104502724711,0.4039895497275289,0.2999999993786983,1
46.7,0.5632534176874385,0.4367465823125615,0.5851410893996594,0.4148589106003406,0.29999999937736466,1
46.800000000000004,0.5789074838446348,0.42109251615536536,0.5708774219798596,0.4291225780201405,0.2999999993760315,1
46.9,0.5914157576361444,0.40858424236385565,0.55378809542001,0.4462119045799901,0.2999999993746984,1
47,0.6002795736593957,0.3997204263406043,0.5345544072397748,0.46544559276022524,0.29999999937336486,1
47.1,0.6051455595419037,0.3948544404580962,0.5139431438894653,0.48605685611053473,0.29999999937203153,1
47.2,0.6058197237825913,0.39418027621740864,0.49277601139408067,0.5072239886059194,0.2999999993706984,1
47.300000000000004,0.602275189580739,0.39772481041926094,0.47189687652722123,0.5281031234727789,0.29999999936936483,1
47.4,0.5946532663292119,0.40534673367078816,0.45213812450589025,0.5478618754941098,0.29999999936803173,1
47.5,0.5832578160549059,0.4167421839450942,0.434287474418724,0.565712525581276,0.2999999993666986,1
47.6,0.5685431393986589,0.4314568606013411,0.4190565753518027,0.5809434246481974,0.29999999936536514,1
47.7,0.5510958640823763,0.4489041359176238,0.4070526351854034,0.5929473648145965,0.2999999993640316,1
47.800000000000004,0.5316115579130298,0.4683884420869701,0.39875421313203446,0.6012457868679655,0.29999999936269783,1
47.9,0.5108669986892584,0.48913300131074156,0.39449214109086483,0.6055078589091352,0.29999999936136423,1
48,0.4896892065218813,0.5103107934781188,0.3944363344239415,0.6055636655760585,0.2999999993600311,1
48.1,0.4689224731519803,0.5310775268480197,0.39858901796692353,0.6014109820330764,0.2999999993586978,1
48.2,0.4493947027035894,0.5506052972964106,0.4067846373319061,0.5932153626680938,0.29999999935736493,1
48.300000000000004,0.43188440575895976,0.5681155942410403,0.4186964590384138,0.5813035409615862,0.29999999935603155,1
48.4,0.41708966259846,0.5829103374015401,0.43384959634616616,0.5661504036538338,0.2999999993546982,1
48.5,0.4056002929427933,0.5943997070572067,0.4516399414907723,0.5483600585092278,0.2999999993533649,1
48.6,0.39787434170208,0.60212565829792,0.4713582495538618,0.5286417504461383,0.2999999993520316,1
48.7,0.394219818170785,0.605780181829215,0.4922184138197539,0.5077815861802462,0.29999999935069843,1
48.800000000000004,0.39478241666916114,0.6052175833308389,0.513388805369426,0.486611194630574,0.2999999993493652,1
48.9,0.3995397081704826,0.6004602918295174,0.5340254275010703,0.46597457249892976,0.2999999993480319,1
49,0.40830203447556074,0.5916979655244393,0.5533055632151198,0.44669443678488024,0.2999999993466985,1
49.1,0.4207200692866258,0.5792799307133742,0.5704605743446999,0.4295394256553002,0.2999999993453652,1
49.2,0.43629874474442093,0.563701255255579,0.5848065447336819,0.4151934552663182,0.29999999934403226,1
49.300000000000004,0.4544169882214224,0.5455830117785776,0.5957715458155317,0.4042284541844683,0.29999999934269916,1
49.4,0.47435248252752554,0.5256475174724744,0.6029184376003714,0.39708156239962855,0.2999999993413658,1
49.5,0.49531046241693594,0.504689537583064,0.6059622960668533,0.3940377039331468,0.29999999934003235,1
49.6,0.5164553993704076,0.48354460062959237,0.6047817721837287,0.39521822781627125,0.29999999933869925,1
49.7,0.5369443114805549,0.4630556885194452,0.5994239297127718,0.40057607028722814,0.29999999933736604,1
49.800000000000004,0.5559603704802273,0.44403962951977266,0.5901023689251186,0.40989763107488153,0.29999999933603283,1
49.9,0.5727454661077833,0.4272545338922167,0.5771887110325326,0.4228112889674675,0.29999999933469945,1
50,0.5866304295707858,0.41336957042921424,0.5611977828224488,0.4388022171775513,0.2999999993333664,1
50.1,0.5970617111939999,0.4029382888060002,0.5427670921386415,0.45723290786135845,0.29999999933203314,1
50.2,0.6036234486980583,0.3963765513019418,0.5226314124553324,0.47736858754466754,0.29999999933069976,1
50.300000000000004,0.6060540463161651,0.39394595368383484,0.5015934897775617,0.4984065102224383,0.2999999993293666,1
50.4,0.6042566037917755,0.3957433962082245,0.4804920396912635,0.5195079603087365,0.29999999932803323,1
50.5,0.5983027794860257,0.4016972205139743,0.46016831041966333,0.5398316895803367,0.2999999993267,1
50.6,0.5884299335850122,0.41157006641498795,0.44143254491141987,0.5585674550885802,0.29999999932536675,1
50.7,0.5750316652982284,0.42496833470177164,0.42503167901121736,0.5749683209887827,0.29999999932403354,1
50.800000000000004,0.5586421213001975,0.44135787869980253,0.4116195634848104,0.5883804365151896,0.29999999932270044,1
50.9,0.5399147009882114,0.4600852990117886,0.4017308970524091,0.5982691029475908,0.2999999993213671,1
51,0.5195960075103503,0.48040399248964977,0.39575990963810115,0.604240090361899,0.29999999932003407,1
51.1,0.4984960830540892,0.5015039169459108,0.39394464566688603,0.606055354333114,0.29999999931870075,1
51.2,0.4774561150206052,0.5225438849793949,0.39635747398466986,0.6036425260153301,0.29999999931736754,1
51.300000000000004,0.45731490053770146,0.5426850994622986,0.4029022027407613,0.5970977972592387,0.299999999316034,1
51.4,0.43887540626538807,0.5611245937346119,0.41331791425339837,0.5866820857466016,0.2999999993147007,1
51.5,0.42287275664914153,0.5771272433508584,0.4271893669743217,0.5728106330256783,0.29999999931336707,1
51.6,0.40994492682816047,0.5900550731718395,0.4439635498588896,0.5560364501411105,0.29999999931203364,1
51.7,0.4006073085798819,0.5993926914201182,0.46297172917124385,0.5370282708287563,0.2999999993107006,1
51.800000000000004,0.3952321632762837,0.6047678367237164,0.4834561087879766,0.5165438912120234,0.2999999993093673,1
51.9,0.3940337809977628,0.6059662190022371,0.5046000411381274,0.4953999588618727,0.299999999308034,1
52,0.3970599374638858,0.6029400625361143,0.5255605843646705,0.4744394156353296,0.2999999993067007,1
52.1,0.4041899893662205,0.5958100106337796,0.5455021077562087,0.45449789224379133,0.29999999930536764,1
52.2,0.4151396840363212,0.5848603159636788,0.5636296057063626,0.43637039429363744,0.29999999930403426,1
52.300000000000004,0.42947249170257845,0.5705275082974215,0.5792203920784271,0.420779607921573,0.29999999930270094,1
52.4,0.4466170085546199,0.5533829914453801,0.5916529114209966,0.4083470885790034,0.2999999993013676,1
52.5,0.4658897368100003,0.5341102631899998,0.6004315184223137,0.39956848157768643,0.2999999993000343,1
52.6,0.48652233361381464,0.5134776663861853,0.6052062377246962,0.39479376227530383,0.29999999929870125,1
52.7,0.507692242443597,0.4923077575564031,0.6057867163375985,0.3942132836624015,0.29999999929736804,1
52.800000000000004,0.528555485842056,0.4714445141579441,0.6021498124106293,0.3978501875893708,0.29999999929603466,1
52.9,0.5482803121348834,0.45171968786511657,0.5944405178260943,0.4055594821739057,0.2999999992947014,1
53,0.5660803547451765,0.43391964525482346,0.5829661778302113,0.41703382216978874,0.2999999992933682,1
53.1,0.5812459821472515,0.4187540178527484,0.5681842381480581,0.4318157618519419,0.2999999992920349,1
53.2,0.5931725886361254,0.4068274113638745,0.5506840080661148,0.4493159919338852,0.299999999290702,1
53.300000000000004,0.6013846980489642,0.3986153019510359,0.5311631665307461,0.4688368334692539,0.29999999928936866,1
53.4,0.6055549194991924,0.39444508050080773,0.5103999478903357,0.48960005210966423,0.2999999992880356,1
53.5,0.6055169994179624,0.3944830005820376,0.48922211614775923,0.5107778838522408,0.2999999992867023,1
53.6,0.6012724495592828,0.3987275504407172,0.4684739646218368,0.5315260353781631,0.299999999285369,1
53.7,0.5929904867311544,0.40700951326884555,0.44898265663712306,0.551017343362877,0.2999999992840359,1
53.800000000000004,0.5810012866554466,0.41899871334455346,0.4315252491325097,0.5684747508674902,0.29999999928270243,1
53.9,0.5657828209038298,0.43421717909617014,0.4167977138533001,0.5832022861466999,0.29999999928136906,1
54,0.5479418016795892,0.4520581983204109,0.405387191154064,0.5946128088459359,0.2999999992800356,1
54.1,0.5281894941167332,0.47181050588326684,0.39774858256559303,0.6022514174344069,0.29999999927870236,1
54.2,0.5073133603837029,0.4926866396162971,0.39418641530644205,0.605813584693558,0.29999999927736903,1
54.300000000000004,0.48614566605177917,0.5138543339482208,0.3948427017437503,0.6051572982562496,0.29999999927603566,1
54.4,0.46553030029321013,0.5344696997067898,0.3996912778083262,0.6003087221916737,0.29999999927470206,1
54.5,0.4462891326830485,0.5537108673169515,0.4085388460735187,0.5914611539264814,0.2999999992733691,1
54.6,0.4291892478528419,0.5708107521471582,0.42103268191361415,0.5789673180863858,0.29999999927203597,1
54.7,0.41491236424713,0.58508763575287,0.43667469552154053,0.5633253044784594,0.29999999927070237,1
54.800000000000004,0.40402765616042075,0.5959723438395793,0.45484128917760996,0.54515871082239,0.29999999926936904,1
54.9,0.3969690625542634,0.6030309374457365,0.47480821812266166,0.5251917818773384,0.29999999926803567,1
55,0.39401798728027226,0.6059820127197277,0.49577946391104716,0.5042205360889529,0.29999999926670246,1
55.1,0.39529208039661506,0.6047079196033849,0.5169189691539932,0.48308103084600695,0.2999999992653692,1
55.2,0.4007405478314742,0.5992594521685257,0.5373839684892715,0.4626160315107285,0.2999999992640359,1
55.300000000000004,0.41014617638239637,0.5898538236176037,0.5563585869766025,0.44364141302339755,0.29999999926270265,1
55.4,0.4231339933211962,0.5768660066788038,0.573086366456794,0.42691363354320594,0.29999999926136933,1
55.5,0.4391862153732968,0.5608137846267032,0.5869004231513268,0.4130995768486731,0.2999999992600361,1
55.6,0.457662891102873,0.5423371088971269,0.5972500342140584,0.4027499657859417,0.2999999992587028,1
55.7,0.4778274137570478,0.5221725862429523,0.6037225933131328,0.3962774066868672,0.29999999925736937,1
55.800000000000004,0.4988758874525548,0.5011241125474453,0.6060600599433329,0.39393994005666705,0.299999999256036,1
55.9,0.5199691759676798,0.48003082403232034,0.6041692466866999,0.39583075331330003,0.2999999992547027,1
56,0.5402663564552838,0.4597336435447162,0.5981255343008065,0.4018744656991936,0.29999999925336956,1
56.1,0.558958244382944,0.44104175561705605,0.5881698665258362,0.41183013347416375,0.29999999925203624,1
56.2,0.5752996531666457,0.42470034683335445,0.5746991444180294,0.4253008555819707,0.299999999250703,1
56.300000000000004,0.5886391024082352,0.41136089759176486,0.5582504031571038,0.44174959684289616,0.2999999992493698,1
56.4,0.598444790362959,0.40155520963704117,0.5394794021484091,0.4605205978515909,0.2999999992480364,1
56.5,0.6043257951967718,0.39567420480322824,0.5191344819648716,0.4808655180351285,0.29999999924670345,1
56.6,0.6060476598061924,0.3939523401938076,0.49802673036995543,0.5019732696300445,0.29999999924537024,1
56.7,0.6035417388831209,0.3964582611168791,0.47699764680815504,0.523002353191845,0.2999999992440369,1
56.800000000000004,0.5969079355866411,0.4030920644133589,0.4568855944777364,0.5431144055222636,0.2999999992427037,1
56.9,0.5864107187193395,0.4135892812806606,0.4384923774357196,0.5615076225642804,0.29999999924137033,1
57,0.5724685791907523,0.4275314208092477,0.4225512752004499,0.5774487247995501,0.2999999992400372,1
57.1,0.5556373461054701,0.44436265389452995,0.4096978092112769,0.590302190788723,0.2999999992387041,1
57.2,0.536588027610815,0.4634119723891851,0.40044440659434033,0.5995555934056597,0.2999999992373705,1
57.300000000000004,0.5160800599195666,0.4839199400804335,0.3951599713101626,0.6048400286898374,0.2999999992360371,1
57.4,0.49493103098477714,0.5050689690152229,0.39405517711692806,0.6059448228830719,0.2999999992347036,1
57.5,0.473984085848218,0.526015914151782,0.39717406867258676,0.6028259313274134,0.29999999923337073,1
57.6,0.45407431310835134,0.5459256868916488,0.4043923056133396,0.5956076943866604,0.29999999923203746,1
57.7,0.4359954525732722,0.5640045474267279,0.4154221196115523,0.5845778803884478,0.2999999992307044,1
57.800000000000004,0.4204682513594362,0.5795317486405638,0.4298237867908433,0.5701762132091568,0.29999999922937126,1
57.9,0.4081117299786517,0.5918882700213483,0.44702315812936166,0.5529768418706383,0.2999999992280378,1
58,0.39941850394377293,0.600581496056227,0.4663345489693957,0.5336654510306043,0.2999999992267044,1
58.1,0.3947351447427943,0.6052648552572057,0.4869880751008016,0.5130119248991984,0.29999999922537135,1
58.2,0.3942483631273316,0.6057516368726685,0.5081603456148708,0.49183965438512933,0.29999999922403836,1
58.300000000000004,0.3979775655441761,0.6020224344558238,0.5290072889014125,0.4709927110985875,0.2999999992227051,1
58.4,0.40577408046150554,0.5942259195384945,0.5486978031201414,0.4513021968798586,0.29999999922137177,1
58.5,0.4173270854336824,0.5826729145663175,0.5664468896082672,0.4335531103917329,0.29999999922003845,1
58.6,0.43217599861127426,0.5678240013887258,0.5815469482998905,0.4184530517001096,0.29999999921870507,1
58.7,0.44972884068589186,0.5502711593141081,0.5933959875075929,0.4066040124924071,0.2999999992173719,1
58.800000000000004,0.4692858352370554,0.5307141647629446,0.6015216234312553,0.3984783765687447,0.2999999992160388,1
58.9,0.4900673066097327,0.5099326933902674,0.6055999126094234,0.39440008739057664,0.2999999992147055,1
59,0.5112447631222146,0.48875523687778544,0.6054682665228182,0.39453173347718185,0.2999999992133723,1
59.1,0.5319739264149208,0.46802607358507914,0.6011319334855028,0.39886806651449724,0.299999999212039,1
59.2,0.5514283901642326,0.4485716098357675,0.5927637894111619,0.40723621058883813,0.2999999992107057,1
59.300000000000004,0.568832566294651,0.43116743370534905,0.5806974457959818,0.4193025542040182,0.29999999920937254,1
59.4,0.5834926052277751,0.4165073947722249,0.5654139496811028,0.43458605031889713,0.2999999992080394,1
59.5,0.5948240574753496,0.40517594252465045,0.547522605825171,0.4524773941748291,0.29999999920670634,1
59.6,0.602375173795961,0.3976248262040391,0.5277366856464463,0.47226331435355373,0.29999999920537307,1
59.7,0.6058449150116668,0.39415508498833324,0.5068449913422901,0.4931550086577099,0.2999999992040399,1
59.800000000000004,0.605094953490003,0.394905046509997,0.48568040883484814,0.5143195911651518,0.2999999992027064,1
59.9,0.600155187830156,0.39984481216984413,0.4650867032377464,0.5349132967622536,0.2999999992013733,1
60,0.5912225509001647,0.4087774490998354,0.44588488060375475,0.5541151193962452,0.29999999920004017,1
60.1,0.5786531587449495,0.4213468412550505,0.42884045700438495,0.571159542995615,0.2999999991987068,1
60.2,0.562948113363427,0.4370518866365731,0.4146329398199272,0.5853670601800728,0.2999999991973736,1
60.300000000000004,0.544733525353183,0.4552664746468171,0.40382873792457963,0.5961712620754204,0.29999999919604065,1
60.4,0.5247355528568188,0.4752644471431812,0.3968585807521024,0.6031414192478977,0.29999999919470755,1
60.5,0.5037514519284068,0.4962485480715933,0.3940003464725855,0.6059996535274145,0.2999999991933741,1
60.6,0.48261779245058484,0.5173822075494152,0.39536798386673355,0.6046320161332664,0.299999999192041,1
60.7,0.4621771067333735,0.5378228932666265,0.40090696954757893,0.599093030452421,0.2999999991907075,1
60.800000000000004,0.4432443004098288,0.5567556995901711,0.4103964816358569,0.5896035183641432,0.29999999918937453,1
60.9,0.42657416472012266,0.5734258352798774,0.4234582032314669,0.5765417967685331,0.29999999918804154,1
61,0.41283128536675917,0.5871687146332409,0.43957140471439243,0.5604285952856075,0.29999999918670844,1
61.1,0.40256354757990903,0.5974364524200909,0.4580937035913398,0.5419062964086602,0.2999999991853751,1
61.2,0.3961802936622933,0.6038197063377067,0.4782866742585232,0.5217133257414768,0.29999999918404174,1
61.300000000000004,0.39393600380337274,0.6060639961966272,0.4993452867001739,0.5006547132998261,0.29999999918270837,1
61.4,0.39592015075728143,0.6040798492427186,0.5204300004947646,0.47956999950523543,0.2999999991813748,1
61.5,0.4020536328464776,0.5979463671535225,0.5407002346422045,0.4592997653577956,0.29999999918004155,1
61.6,0.41209192749600093,0.587908072503999,0.559347878875616,0.4406521211243841,0.2999999991787084,1
61.7,0.4256348395768764,0.5743651604231237,0.5756295104674507,0.42437048953254936,0.29999999917737524,1
61.800000000000004,0.4421424559229757,0.5578575440770243,0.5888960321475505,0.4111039678524495,0.29999999917604186,1
61.9,0.4609566699651011,0.539043330034899,0.5986185495628946,0.40138145043710544,0.29999999917470854,1
62,0.48132741836305465,0.5186725816369453,0.6044094566263744,0.3955905433736257,0.29999999917337505,1
62.1,0.502442583663972,0.497557416336028,0.6060378881482823,0.3939621118517177,0.29999999917204173,1
62.2,0.5234603708622967,0.47653962913770326,0.6034389237028627,0.39656107629713744,0.29999999917070846,1
62.300000000000004,0.5435428671101258,0.4564571328898742,0.5967161758008095,0.4032838241991906,0.29999999916937536,1
62.4,0.5618894466581794,0.43811055334182064,0.5861376591854428,0.41386234081455714,0.2999999991680418,1
62.5,0.5777686892778187,0.4222313107221813,0.5721251059306899,0.4278748940693101,0.29999999916670866,1
62.6,0.5905475396773535,0.4094524603226464,0.5552371523141921,0.444762847685808,0.29999999916537556,1
62.7,0.5997165454187323,0.4002834545812677,0.5361470677518532,0.4638529322481469,0.2999999991640422,1
62.800000000000004,0.6049101671785224,0.3950898328214777,0.515615913670922,0.484384086329078,0.29999999916270936,1
62.9,0.6059213516471683,0.3940786483528317,0.49446220239263594,0.5055377976073642,0.2999999991613762,1
63,0.602709786091027,0.39729021390897307,0.473529265629025,0.526470734370975,0.2999999991600431,1
63.1,0.5954035054938371,0.40459649450616286,0.453651633508929,0.5463483664910711,0.29999999915871,1
63.2,0.5842937882059682,0.4157062117940317,0.435621764495362,0.564378235504638,0.2999999991573768,1
63.300000000000004,0.5698235435958022,0.4301764564041978,0.4201584525674234,0.5798415474325765,0.29999999915604353,1
63.4,0.5525696546509431,0.4474303453490569,0.4078781711727137,0.5921218288272863,0.2999999991547101,1
63.5,0.5332199794740212,0.4667800205259787,0.39927049637643974,0.6007295036235604,0.29999999915337655,1
63.6,0.5125459285508749,0.4874540714491251,0.39467858900869396,0.605321410991306,0.29999999915204334,1
63.7,0.4913717110488872,0.5086282889511129,0.394285513925104,0.605714486074896,0.29999999915071024,1
63.800000000000004,0.47054147619851266,0.5294585238014874,0.3981069417887536,0.6018930582112464,0.29999999914937653,1
63.9,0.45088565972741484,0.5491143402725852,0.4059905243302997,0.5940094756697003,0.29999999914804343,1
64,0.43318787700868444,0.5668121229913156,0.417621967992695,0.5823780320073051,0.29999999914671,1
64.1,0.41815368278883897,0.5818463172111611,0.4325375638234635,0.5674624361765366,0.2999999991453769,1
64.2,0.40638244294666104,0.593617557053339,0.4501426740872708,0.5498573259127292,0.2999999991440436,1
64.3,0.3983434396670849,0.6016565603329151,0.46973543859588124,0.5302645614041188,0.29999999914271047,1
64.4,0.39435716264143905,0.6056428373585611,0.4905347556589419,0.5094652443410581,0.29999999914137737,1
64.5,0.39458253215485245,0.6054174678451476,0.5117114221433855,0.4882885778566145,0.29999999914004405,1
64.6,0.3990105634360063,0.6009894365639937,0.5324211911855565,0.46757880881444347,0.2999999991387109,1
64.7,0.4074647248516144,0.5925352751483856,0.5518384296494009,0.44816157035059906,0.2999999991373775,1
64.8,0.419607975665547,0.580392024334453,0.5691890335140766,0.4308109664859234,0.299999999136044,1
64.9,0.43495620278935204,0.5650437972106479,0.5837812889583551,0.4162187110416449,0.29999999913471054,1
65,0.45289752084333534,0.5471024791566648,0.5950334488077712,0.40496655119222885,0.2999999991333773,1
65.1,0.47271666609566854,0.5272833339043315,0.6024969249585959,0.3975030750414041,0.2999999991320437,1
65.2,0.4936235117701571,0.5063764882298429,0.6058741721698826,0.39412582783011735,0.2999999991307103,1
65.3,0.5147845679073347,0.48521543209266527,0.6050305502532319,0.394969449746768,0.299999999129377,1
65.4,0.5353562099788297,0.46464379002117034,0.5999996917522058,0.40000030824779415,0.2999999991280437,1
65.5,0.5545183115350104,0.44548168846498964,0.5909821611189514,0.4090178388810487,0.29999999912671027,1
65.6,0.5715069400583861,0.42849305994161385,0.5783374588424316,0.4216625411575684,0.2999999991253772,1
65.7,0.5856448125422693,0.41435518745773064,0.5625696892984362,0.4374303107015638,0.29999999912404396,1
65.8,0.5963682966268897,0.4036317033731103,0.5443074636989647,0.4556925363010354,0.2999999991227103,1
65.9,0.6032498808428729,0.3967501191571271,0.5242788393469666,0.4757211606530334,0.29999999912137687,1
66,0.6060152181443867,0.3939847818556133,0.5032822942892675,0.4967177057107324,0.2999999991200435,1
66.1,0.6045540632600765,0.39544593673992356,0.482154894516669,0.517845105483331,0.2999999991187105,1
66.2,0.598924667824121,0.40107533217587893,0.46173892278449813,0.5382610772155019,0.2999999991173771,1
66.3,0.5893514580674071,0.41064854193259287,0.44284829945721943,0.5571517005427806,0.2999999991160437,1
66.4,0.5762160876519438,0.42378391234805624,0.426236134072064,0.5737638659279359,0.29999999911471054,1
66.5,0.5600422223437749,0.4399577776562251,0.41256470123843586,0.5874352987615642,0.2999999991133771,1
66.6,0.5414746631114645,0.4585253368885356,0.4023790378392334,0.5976209621607667,0.299999999112044,1
66.7,0.5212536399463341,0.4787463600536659,0.3960852141303515,0.6039147858696485,0.2999999991107108,1
66.8,0.5001853012287178,0.4998146987712822,0.39393414500105167,0.6060658549989483,0.2999999991093772,1
66.9,0.47910957513607133,0.5208904248639287,0.39601158678916276,0.6039884132108373,0.29999999910804376,1
67,0.45886668435717237,0.5411333156428276,0.4022347184465221,0.5977652815534779,0.29999999910671055,1
67.1,0.4402636490650842,0.5597363509349159,0.41235544335280216,0.5876445566471978,0.2999999991053772,1
67.2,0.42404211356964105,0.5759578864303591,0.42597028014482313,0.5740297198551769,0.29999999910404385,1
67.3,0.41084877929928826,0.5891512207007118,0.4425364482452028,0.5574635517547972,0.2999999991027104,1
67.4,0.4012096228559839,0.5987903771440162,0.4613935068110773,0.5386064931889227,0.2999999991013771,1
67.5,0.39550892698795087,0.6044910730120491,0.48178968442629533,0.5182103155737048,0.2999999991000438,1
67.6,0.39397396044922167,0.6060260395507784,0.5029118498553493,0.49708815014465074,0.29999999909871083,1
67.7,0.39666591751162844,0.6033340824883715,0.5239179290196654,0.4760820709803346,0.2999999990973776,1
67.8,0.4034774783423029,0.596522521657697,0.5439704758337085,0.45602952416629156,0.2999999990960445,1
67.9,0.41413708750673556,0.5858629124932645,0.5622700585376099,0.43772994146239,0.2999999990947115,1
68,0.42821978002697936,0.5717802199730206,0.5780871305185953,0.4219128694814048,0.29999999909337816,1
68.1,0.44516412339422223,0.5548358766057777,0.59079111503214,0.40920888496786006,0.2999999990920447,1
68.2,0.46429460011115253,0.5357053998888475,0.5998755443068065,0.4001244556931936,0.2999999990907115,1
68.3,0.48484853844278714,0.5151514615572128,0.604978250815984,0.39502174918401595,0.299999999089378,1
68.4,0.5060065177317155,0.49399348226828455,0.6058958057542505,0.39410419424574955,0.29999999908804476,1
68.5,0.5269250361137924,0.47307496388620773,0.6025916291018636,0.3974083708981364,0.29999999908671154,1
68.60000000000001,0.5467701382755483,0.4532298617244516,0.5951974479547086,0.4048025520452914,0.2999999990853782,1
68.7,0.5647506626207511,0.4352493373792488,0.5840080449806864,0.4159919550193136,0.2999999990840449,1
68.8,0.580149782386508,0.419850217613492,0.5694695063650145,0.4305304936349855,0.29999999908271174,1
68.9,0.5923535832641477,0.4076464167358523,0.5521614377617752,0.44783856223822494,0.29999999908137864,1
69,0.6008755382253226,0.39912446177467736,0.5327738572455983,0.46722614275440166,0.29999999908004504,1
69.10000000000001,0.6053759038192519,0.39462409618074806,0.5120796864685769,0.48792031353142307,0.29999999907871133,1
69.2,0.605675264671944,0.39432473532805606,0.49090393671317434,0.5090960632868257,0.2999999990773779,1
69.3,0.6017616862109587,0.39823831378904123,0.47009081829595284,0.5299091817040472,0.2999999990760445,1
69.4,0.5937911904591471,0.4062088095408529,0.450470084566402,0.5495299154335981,0.2999999990747117,1
69.5,0.5820815359289698,0.4179184640710302,0.43282395225942044,0.5671760477405796,0.2999999990733785,1
69.60000000000001,0.567099549593384,0.43290045040661596,0.4178559169826068,0.5821440830173932,0.29999999907204516,1
69.7,0.549442515967637,0.45055748403236295,0.4061627070664688,0.5938372929335313,0.29999999907071195,1
69.8,0.5298143652605456,0.4701856347394544,0.398210493889035,0.6017895061109649,0.2999999990693787,1
69.9,0.5089976098985248,0.4910023901014753,0.39431630709415294,0.605683692905847,0.29999999906804553,1
70,0.4878221482245896,0.5121778517754104,0.39463539562006816,0.6053646043799318,0.29999999906671215,1
70.10000000000001,0.46713217907040244,0.5328678209295976,0.39915503841419087,0.6008449615858092,0.299999999065379,1
70.2,0.4477525462129675,0.5522474537870325,0.40769505158131913,0.5923049484186809,0.2999999990640458,1
70.3,0.4304558544562747,0.5695441455437253,0.41991497174692016,0.5800850282530798,0.29999999906271263,1
70.4,0.41593166831594214,0.5840683316840578,0.4353276292574435,0.5646723707425565,0.2999999990613792,1
70.5,0.40475902125809915,0.595240978741901,0.4533185700970051,0.5466814299029948,0.29999999906004593,1
70.60000000000001,0.3973833314623997,0.6026166685376003,0.47317055222991494,0.5268294477700851,0.2999999990587127,1
70.7,0.39409864440484704,0.605901355595153,0.4940921397771759,0.5059078602228241,0.29999999905737956,1
70.8,0.39503591019261136,0.6049640898073887,0.5152492550673771,0.484750744932623,0.29999999905604635,1
70.9,0.4001577629965096,0.5998422370034904,0.5357984306812792,0.4642015693187208,0.29999999905471325,1
71,0.409260010708698,0.590739989291302,0.5549204358360157,0.4450795641639844,0.29999999905338015,1
71.10000000000001,0.4219797754376257,0.5780202245623743,0.5718529365310856,0.42814706346891446,0.29999999905204705,1
71.2,0.4378099603044068,0.5621900396955932,0.5859208873991888,0.41407911260081115,0.29999999905071395,1
71.3,0.45611946579509205,0.5438805342049079,0.5965634436347185,0.40343655636528153,0.2999999990493806,1
71.4,0.47617834970667455,0.5238216502933254,0.6033563201062521,0.3966436798937479,0.2999999990480472,1
71.5,0.4971869276391811,0.5028130723608188,0.606028706265786,0.3939712937342141,0.2999999990467136,1
71.60000000000001,0.518307653889065,0.481692346110935,0.604474062510662,0.39552593748933795,0.2999999990453802,1
71.7,0.5386985117532896,0.4613014882467103,0.5987543675813077,0.4012456324186924,0.29999999904404706,1
71.8,0.5575465820780519,0.4424534179219482,0.5890976476644451,0.410902352335555,0.2999999990427139,1
71.9,0.5741004517800422,0.42589954821995774,0.5758888857086278,0.42411111429137227,0.29999999904138047,1
72,0.5877001703147765,0.4122998296852235,0.5596546733690054,0.4403453266309945,0.29999999904004715,1
72.10000000000001,0.5978035598221377,0.4021964401778623,0.5410422174598435,0.45895778254015646,0.29999999903871405,1
72.2,0.6040078300466598,0.39599216995334013,0.5207935378612851,0.4792064621387149,0.299999999037381,1
72.3,0.606065636313891,0.393934363686109,0.499715885528387,0.5002841144716129,0.2999999990360476,1
72.4,0.6038949403819952,0.39610505961800474,0.4786495599430542,0.5213504400569458,0.29999999903471436,1
72.5,0.5975822810475573,0.40241771895244266,0.4584344090255037,0.5415655909744963,0.2999999990333812,1
72.60000000000001,0.5873793241168598,0.4126206758831403,0.43987634704806783,0.5601236529519321,0.2999999990320481,1
72.7,0.5736928292843888,0.42630717071561125,0.4237152253764516,0.5762847746235483,0.2999999990307151,1
72.8,0.5570684339074615,0.4429315660925384,0.41059533693059774,0.5894046630694023,0.299999999029382,1
72.9,0.5381689001667048,0.46183109983329523,0.40103973025922085,0.5989602697407792,0.2999999990280487,1
73,0.5177476928294497,0.4822523071705503,0.39542935724480244,0.6045706427551977,0.29999999902671554,1
73.10000000000001,0.49661894098723264,0.5033810590127674,0.39398788575424104,0.606012114245759,0.2999999990253822,1
73.2,0.4756249812981349,0.5243750187018651,0.3967727827068492,0.6032272172931508,0.29999999902404856,1
73.3,0.455602776682461,0.544397223317539,0.40367302304963465,0.5963269769503654,0.29999999902271535,1
73.4,0.4373505492523841,0.5626494507476159,0.41441351597579384,0.5855864840242062,0.29999999902138197,1
73.5,0.4215959577153543,0.5784040422846457,0.4285660719270518,0.5714339280729481,0.2999999990200486,1
73.60000000000001,0.40896708791777014,0.5910329120822299,0.44556647316007636,0.5544335268399236,0.2999999990187157,1
73.7,0.39996741304439043,0.6000325869556096,0.46473696732735403,0.535263032672646,0.2999999990173825,1
73.8,0.3949557217313131,0.6050442782686869,0.4853132873244431,0.5146867126755569,0.2999999990160492,1
73.9,0.3941318142953168,0.6058681857046831,0.5064751202075632,0.4935248797924367,0.2999999990147157,1
74,0.39752853732575977,0.6024714626742402,0.5273788104819304,0.4726211895180696,0.29999999901338226,1
74.10000000000001,0.40501047419472047,0.5949895258052796,0.5471909939839352,0.45280900601606483,0.2999999990120491,1
74.2,0.4162793436906082,0.5837206563093917,0.5651218214804253,0.4348781785195746,0.29999999901071583,1
74.3,0.43088589154875834,0.5691141084512417,0.5804564474650336,0.4195435525349664,0.2999999990093827,1
74.4,0.4482478008012139,0.5517521991987862,0.5925835287926144,0.4074164712073856,0.29999999900804936,1
74.5,0.4676729069165705,0.5323270930834296,0.6010195970011709,0.39898040299882914,0.2999999990067159,1
74.60000000000001,0.48838679221551884,0.5116132077844813,0.6054283326737085,0.39457166732629145,0.2999999990053826,1
74.7,0.5095636594598215,0.49043634054017854,0.6056339734320368,0.3943660265679632,0.2999999990040492,1
74.8,0.5303592537821603,0.4696407462178397,0.6016283210281174,0.3983716789718827,0.2999999990027159,1
74.9,0.5499445204634067,0.45005547953659325,0.5935710681823397,0.4064289318176603,0.2999999990013829,1
75,0.5675386567279513,0.43246134327204866,0.5817834321387142,0.41821656786128575,0.2999999990000496,1
75.10000000000001,0.5824402398863193,0.4175597601136808,0.5667353487470459,0.4332646512529541,0.2999999989987161,1
75.2,0.5940551908442567,0.4059448091557434,0.5490267376036196,0.4509732623963803,0.29999999899738294,1
75.3,0.6019204581614296,0.3980795418385705,0.5293635851501143,0.4706364148498857,0.29999999899604957,1
75.4,0.6057224784510565,0.3942775215489434,0.5085297992221159,0.4914702007778841,0.29999999899471635,1
75.5,0.6053096771625988,0.39469032283740135,0.4873559571175602,0.5126440428824398,0.2999999989933832,1
75.60000000000001,0.6006985113807504,0.3993014886192496,0.46668619310098913,0.533313806899011,0.2999999989920494,1
75.7,0.5920728137334073,0.4079271862665928,0.4473445454343331,0.5526554545656669,0.29999999899071617,1
75.8,0.579776463564926,0.4202235364350741,0.4301021045718988,0.5698978954281012,0.299999998989383,1
75.9,0.5642996775518747,0.4357003224481253,0.41564627221735445,0.5843537277826456,0.29999999898804974,1
76,0.5462594663111575,0.4537405336888426,0.4045533567871,0.5954466432129001,0.2999999989867166,1
76.10000000000001,0.5263750361338714,0.47362496386612873,0.39726559781241366,0.6027344021875863,0.2999999989853835,1
76.2,0.5054391165001427,0.4945608834998572,0.3940735352449557,0.6059264647550443,0.2999999989840502,1
76.3,0.4842863564564415,0.5157136435435585,0.39510442654577954,0.6048955734542205,0.2999999989827171,1
76.4,0.4637600497920727,0.5362399502079274,0.40031717333195893,0.5996828266680412,0.2999999989813838,1
76.5,0.4446785155770545,0.5553214844229456,0.40950395983941856,0.5904960401605815,0.2999999989800505,1
76.60000000000001,0.42780247436323887,0.5721975256367611,0.42229853788162675,0.5777014621183733,0.29999999897871693,1
76.7,0.4138047206565824,0.5861952793434175,0.4381908280089922,0.5618091719910078,0.29999999897738355,1
76.8,0.40324330072339226,0.5967566992766078,0.4565472547668173,0.5434527452331827,0.29999999897605056,1
76.9,0.3965392650467655,0.6034607349532345,0.47663600534924816,0.5233639946507518,0.2999999989747173,1
77,0.3939598823725757,0.6060401176274244,0.497656204666398,0.502343795333602,0.29999999897338414,1
77.10000000000001,0.3956079845480196,0.6043920154519805,0.518769843706789,0.4812301562932109,0.2999999989720509,1
77.2,0.40141786694038667,0.5985821330596133,0.5391351883120616,0.4608648116879384,0.29999999897071766,1
77.3,0.41115790787341716,0.5888420921265829,0.5579403364615325,0.44205966353846754,0.2999999989693844,1
77.4,0.4244398026525862,0.5755601973474139,0.5744355862435684,0.42556441375643156,0.2999999989680512,1
77.5,0.4407340440478689,0.559265955952131,0.5879633241049014,0.4120366758950987,0.2999999989667181,1
77.60000000000001,0.45939103207599,0.54060896792401,0.5979842418277072,0.40201575817229285,0.29999999896538493,1
77.7,0.47966697150175747,0.5203330284982426,0.6040988370463067,0.39590116295369326,0.29999999896405155,1
77.8,0.5007535246068301,0.49924647539317,0.6060633401457393,0.3939366598542608,0.2999999989627184,1
77.9,0.5218100370636051,0.4781899629363949,0.6037994325870235,0.39620056741297643,0.29999999896138496,1
78,0.5419970521703336,0.4580029478296665,0.5973973692201497,0.4026026307798503,0.2999999989600518,1
78.10000000000001,0.56050977734067,0.43949022265933,0.587112380108033,0.412887619891967,0.2999999989587185,1
78.2,0.576610168644335,0.42338983135566505,0.5733544953093568,0.42664550469064316,0.29999999895738527,1
78.3,0.5896563542895042,0.4103436457104957,0.556672198274099,0.443327801725901,0.29999999895605195,1
78.4,0.599128224025536,0.40087177597446394,0.5377305595392785,0.46226944046072155,0.2999999989547186,1
78.5,0.604648164297305,0.395351835702695,0.5172847224654651,0.48271527753453497,0.29999999895338514,1
78.60000000000001,0.6059961125059755,0.39400388749402454,0.49614979805406545,0.5038502019459346,0.29999999895205187,1
78.7,0.6031183302103446,0.3968816697896555,0.4751683690440148,0.5248316309559852,0.2999999989507186,1
78.8,0.596129545508904,0.4038704544910961,0.4551768987969878,0.5448231012030122,0.29999999894938545,1
78.9,0.5853083791926095,0.41469162080739047,0.4369723841428706,0.5630276158571293,0.2999999989480522,1
79,0.5710862370132127,0.4289137629867874,0.42128058163130727,0.5787194183686928,0.299999998946719,1
79.10000000000001,0.554030110897362,0.4459698891026381,0.4087270739083999,0.5912729260916002,0.29999999894538576,1
79.2,0.5348199747677932,0.46518002523220675,0.3998123297108163,0.6001876702891837,0.29999999894405255,1
79.3,0.5142216761288827,0.48577832387111736,0.3948917517566338,0.6051082482433663,0.29999999894271906,1
79.4,0.49305640414350005,0.5069435958565,0.3941615079605461,0.6058384920394538,0.2999999989413859,1
79.5,0.4721679514125838,0.5278320485874163,0.39765071083817133,0.6023492891618287,0.2999999989400523,1
79.60000000000001,0.4523890746269716,0.5476109253730285,0.4052202568819272,0.5947797431180728,0.29999999893871937,1
79.7,0.4345082951861423,0.5654917048138578,0.41656837217890036,0.5834316278210997,0.29999999893738627,1
79.8,0.4192384633384248,0.5807615366615753,0.43124264318441974,0.5687573568155804,0.29999999893605317,1
79.9,0.40718833909120317,0.5928116609087968,0.4486580530223629,0.551341946977637,0.2999999989347197,1
80,0.39883832287054066,0.6011616771294593,0.4681203042618187,0.5318796957381814,0.2999999989333866,1
80.10000000000001,0.3945213034722363,0.6054786965277636,0.48885349836460223,0.5111465016353978,0.2999999989320532,1
80.2,0.3944093868360639,0.605590613163936,0.5100310683114019,0.48996893168859806,0.29999999893072,1
80.3,0.39850703472508514,0.6014929652749149,0.530808731220369,0.46919126877963113,0.29999999892938684,1
80.4,0.4066508868492377,0.5933491131507622,0.5503581472412379,0.4496418527587621,0.29999999892805346,1
80.5,0.41851627352457155,0.5814837264754286,0.5678999428510921,0.4321000571489078,0.2999999989267204,1
80.60000000000001,0.43363015922895987,0.5663698407710401,0.5827347820171832,0.41726521798281674,0.29999999892538726,1
80.7,0.45139000103556826,0.5486099989644317,0.5942712465175995,0.4057287534824005,0.2999999989240543,1
80.8,0.47108777009785,0.52891222990215,0.6020494139193818,0.39795058608061823,0.2999999989227212,1
80.9,0.49193817852526983,0.5080618214747302,0.6057591932345066,0.3942408067654935,0.2999999989213881,1
81,0.5131099863332974,0.4868900136667026,0.6052526872689951,0.394747312731005,0.29999999892005486,1
81.10000000000001,0.5337591403583737,0.46624085964162626,0.6005500888173041,0.3994499111826959,0.2999999989187216,1
81.2,0.5530624239938886,0.44693757600611145,0.5918388756393332,0.4081611243606667,0.2999999989173883,1
81.3,0.5702502762383883,0.42974972376161164,0.5794663363137766,0.4205336636862234,0.29999999891605494,1
81.4,0.5846374716641318,0.4153625283358681,0.5639257249384582,0.43607427506154195,0.2999999989147217,1
81.5,0.595650438192467,0.40434956180753306,0.5458365966460557,0.45416340335394434,0.2999999989133886,1
81.60000000000001,0.6028501236025332,0.39714987639746674,0.525920107896145,0.47407989210385504,0.2999999989120555,1
81.7,0.6059494991577502,0.39405050084224974,0.5049702662429731,0.49502973375702697,0.29999999891072204,1
81.8,0.6048250025357421,0.3951749974642578,0.48382227575998954,0.5161777242400104,0.29999999890938894,1
81.9,0.5995214638681922,0.4004785361318078,0.46331924008916564,0.5366807599108343,0.2999999989080554,1
82,0.590250318504966,0.409749681495034,0.44427855055944476,0.5557214494405552,0.2999999989067222,1
82.10000000000001,0.5773811777539558,0.42261882224604425,0.4274592993739729,0.5725407006260271,0.2999999989053892,1
82.2,0.5614270936446485,0.43857290635535157,0.413532016999494,0.5864679830005061,0.29999999890405615,1
82.3,0.5430241051627926,0.4569758948372073,0.40305194023269386,0.5969480597673061,0.2999999989027228,1
82.4,0.5229058813832407,0.4770941186167593,0.3964368766613274,0.6035631233386726,0.2999999989013894,1
82.5,0.5018744723992372,0.49812552760076284,0.3939505479942083,0.6060494520057917,0.2999999989000563,1
82.60000000000001,0.4807683341163017,0.5192316658836984,0.39569207630893044,0.6043079236910696,0.2999999988987226,1
82.7,0.46042890166126466,0.5395710983387353,0.40159203236744323,0.5984079676325568,0.2999999988973894,1
82.8,0.44166704401915285,0.5583329559808472,0.4114152035406709,0.5885847964593292,0.2999999988960563,1
82.9,0.4252307372456865,0.5747692627543135,0.42476997099375374,0.5752300290062463,0.29999999889472306,1
83,0.41177524502239354,0.5882247549776065,0.44112392229312886,0.5588760777068711,0.2999999988933897,1
83.10000000000001,0.401836995361501,0.598163004638499,0.45982507701007663,0.5401749229899233,0.29999999889205664,1
83.2,0.39581219491394265,0.6041878050860573,0.48012787912290233,0.5198721208770977,0.2999999988907234,1
83.3,0.3939410334605313,0.6060589665394688,0.5012229199827049,0.4987770800172952,0.29999999888939,1
83.4,0.3962981083033872,0.6037018916966128,0.5222692068818864,0.4777307931181137,0.2999999988880569,1
83.5,0.4027894503069183,0.5972105496930817,0.5424276907794093,0.4575723092205907,0.29999999888672374,1
83.60000000000001,0.4131562701507103,0.5868437298492897,0.560894716538201,0.43910528346179895,0.29999999888539014,1
83.7,0.4269852754430483,0.5730147245569517,0.576934062119303,0.4230659378806971,0.2999999988840572,1
83.8,0.4437251473843137,0.5562748526156863,0.5899062894312022,0.41009371056879795,0.299999998882724,1
83.9,0.46270852010767904,0.537291479892321,0.5992942367086073,0.40070576329139285,0.2999999988813906,1
84,0.4831785864501554,0.5168214135498447,0.6047236361199773,0.3952763638800228,0.2999999988800573,1
84.10000000000001,0.5043192694658568,0.4956807305341432,0.6059780346448527,0.39402196535514733,0.2999999988787237,1
84.2,0.5252877568384681,0.4747122431615319,0.6030074233727006,0.39699257662729937,0.29999999887739043,1
84.3,0.545248101148558,0.454751898851442,0.595930231200358,0.4040697687996419,0.29999999887605716,1
84.4,0.5634045464591194,0.4365954535408806,0.5850286034456503,0.4149713965543496,0.29999999887472395,1
84.5,0.5790332525935393,0.4209667474064606,0.5707371536039592,0.4292628463960409,0.2999999988733907,1
84.60000000000001,0.5915111523591537,0.4084888476408463,0.5536256366797081,0.44637436332029184,0.2999999988720574,1
84.7,0.6003407912699494,0.3996592087300506,0.5343762348523622,0.46562376514763776,0.29999999887072426,1
84.8,0.6051701594870591,0.39482984051294084,0.5137563610257538,0.48624363897424616,0.2999999988693911,1
84.9,0.6058067253401676,0.3941932746598325,0.4925880644973993,0.5074119355026008,0.29999999886805817,1
85,0.6022251109576157,0.39777488904238445,0.47171525844722,0.52828474155278,0.2999999988667251,1
85.10000000000001,0.5945681040020552,0.40543189599794477,0.45197007578227055,0.5480299242177294,0.2999999988653915,1
85.2,0.5831409651769458,0.41685903482305414,0.4341396946237702,0.5658603053762298,0.29999999886405815,1
85.3,0.5683992584456435,0.4316007415543564,0.4189349559995775,0.5810650440004226,0.29999999886272516,1
85.4,0.5509306891338446,0.44906931086615537,0.4069620248556749,0.5930379751443252,0.2999999988613918,1
85.5,0.5314316739729229,0.46856832602707715,0.3986982241727013,0.6013017758272987,0.2999999988600587,1
85.60000000000001,0.5106795771625925,0.48932042283740745,0.394473005605046,0.6055269943949539,0.2999999988587255,1
85.7,0.489501719313462,0.5104982806865381,0.3944548152830691,0.6055451847169309,0.299999998857392,1
85.8,0.4687423947851373,0.5312576052148628,0.39864437839746536,0.6013556216025346,0.29999999885605866,1
85.9,0.4492292123345194,0.5507707876654806,0.40687467028820196,0.5931253297117981,0.29999999885472556,1
86,0.4317401009664247,0.5682598990335754,0.4188175751906207,0.5811824248093793,0.2999999988533924,1
86.10000000000001,0.41697229635914274,0.5830277036408573,0.4339969671755124,0.5660030328244876,0.29999999885205886,1
86.2,0.40551454427827205,0.594485455721728,0.45180769178736274,0.5481923082126372,0.2999999988507258,1
86.3,0.3978236291410044,0.6021763708589957,0.47153969164275567,0.5284603083572443,0.2999999988493926,1
86.4,0.3942061634629267,0.6057938365370734,0.4924063141774598,0.5075936858225403,0.2999999988480593,1
86.5,0.3948063641846307,0.6051936358153693,0.5135756730016559,0.4864243269983441,0.29999999884672585,1
86.60000000000001,0.3996003031974112,0.6003996968025889,0.534203812585042,0.465796187414958,0.29999999884539263,1
86.7,0.4083968612814495,0.5916031387185505,0.5534683541004809,0.44653164589951905,0.299999998844059,1
86.8,0.4208453474259771,0.579154652574023,0.570601281072585,0.429398718927415,0.29999999884272566,1
86.9,0.4364494797731698,0.5635505202268302,0.5849195577708909,0.4150804422291091,0.29999999884139233,1
87,0.4545871708096602,0.5454128291903398,0.5958523596889166,0.40414764031108336,0.299999998840059,1
87.10000000000001,0.4745353280325195,0.5254646719674805,0.6029638305158324,0.39703616948416764,0.2999999988387258,1
87.2,0.4954986813654234,0.5045013186345766,0.6059704583521013,0.39402954164789866,0.2999999988373923,1
87.3,0.5166414880668916,0.4833585119331085,0.6047523784342099,0.39524762156579,0.299999998836059,1
87.4,0.5371208511559631,0.46287914884403686,0.5993581517645195,0.4006418482354806,0.2999999988347259,1
87.5,0.5561203230548233,0.44387967694517666,0.5900028291373484,0.40999717086265175,0.2999999988333926,1
87.60000000000001,0.5728824547771947,0.42711754522280526,0.5770593777424566,0.4229406222575434,0.2999999988320593,1
87.7,0.5867389930290705,0.4132610069709295,0.5610438121401943,0.43895618785980584,0.2999999988307262,1
87.8,0.5971375213586797,0.40286247864132035,0.5425946223894111,0.4574053776105888,0.29999999882939304,1
87.9,0.6036634832571085,0.39633651674289144,0.5224473194637502,0.4775526805362498,0.2999999988280597,1
88,0.6060567092180574,0.3939432907819425,0.5014051127502435,0.49859488724975654,0.2999999988267265,1
88.10000000000001,0.6042217888750153,0.39577821112498474,0.48030688862581045,0.5196931113741895,0.29999999882539324,1
88.2,0.598231874711476,0.401768125288524,0.4599937667047575,0.5400062332952424,0.29999999882405975,1
88.3,0.588325765702274,0.4116742342977261,0.4412755670541514,0.5587244329458486,0.2999999988227262,1
88.4,0.5748983871520551,0.42510161284794484,0.42489852522336635,0.5751014747766336,0.299999998821393,1
88.5,0.5584850462696798,0.4415149537303202,0.4115155421876931,0.5884844578123068,0.29999999882006,1
88.60000000000001,0.5397400911591205,0.4602599088408796,0.4016601552468721,0.598339844753128,0.29999999881872674,1
88.7,0.5194108240255404,0.4805891759744596,0.39572526757668464,0.6042747324233153,0.2999999988173934,1
88.8,0.4983077085946999,0.5016922914053001,0.3939474844192556,0.6060525155807444,0.29999999881605977,1
88.9,0.4772720594818624,0.5227279405181375,0.3963976803787266,0.6036023196212734,0.2999999988147266,1
89,0.45714250163309444,0.5428574983669056,0.4029781738744566,0.5970218261255433,0.29999999881339307,1
89.10000000000001,0.43872153699518907,0.561278463004811,0.41342662139738046,0.5865733786026196,0.2999999988120599,1
89.2,0.42274355129557406,0.5772564487044259,0.42732647631781634,0.5726735236821836,0.2999999988107267,1
89.3,0.4098455364009263,0.5901544635990738,0.44412359528505985,0.5558764047149402,0.29999999880939326,1
89.4,0.4005416954616595,0.5994583045383405,0.46314833017401746,0.5368516698259825,0.29999999880806016,1
89.5,0.3952029432550353,0.6047970567449648,0.4836422248426882,0.5163577751573117,0.29999999880672695,1
89.60000000000001,0.394042118983523,0.605957881016477,0.5047882523850185,0.4952117476149815,0.29999999880539374,1
89.7,0.3971055010474748,0.6028944989525252,0.5257433874152825,0.4742566125847176,0.2999999988040605,1
89.8,0.4042709620713495,0.5957290379286505,0.5456722148298014,0.4543277851701986,0.2999999988027272,1
89.9,0.41525283773676896,0.584747162263231,0.5637802351707341,0.43621976482926594,0.29999999880139394,1
90,0.4296133153173972,0.5703866846826029,0.5793455388121879,0.42065446118781225,0.29999999880006084,1
90.10000000000001,0.4467798878906958,0.5532201121093042,0.5917475862188083,0.4082524137811917,0.29999999879872763,1
90.2,0.4660681783822166,0.5339318216177835,0.6004919468987615,0.3995080531012386,0.29999999879739425,1
90.3,0.48670922351981094,0.5132907764801891,0.605230010787124,0.394769989212876,0.2999999987960611,1
90.4,0.5078801299726061,0.4921198700273938,0.6057728862290305,0.3942271137709695,0.29999999879472794,1
90.5,0.5287368805112298,0.47126311948877025,0.6020989304938495,0.3979010695061505,0.29999999879339484,1
90.60000000000001,0.5484479823112053,0.45155201768879466,0.5943546126025526,0.40564538739744743,0.29999999879206185,1
90.7,0.5662276159478482,0.43377238405215185,0.5828486740700717,0.4171513259299284,0.29999999879072853,1
90.8,0.5813669635368479,0.41863303646315214,0.5680398203554207,0.4319601796445794,0.2999999987893953,1
90.9,0.5932624670664352,0.40673753293356496,0.5505184337226202,0.4494815662773798,0.29999999878806216,1
91,0.6014398903506085,0.3985601096493916,0.5309830365629519,0.46901696343704813,0.29999999878672906,1
91.10000000000001,0.60557322532928,0.3944267746707199,0.510212443511606,0.48978755648839395,0.29999999878539585,1
91.2,0.6054976889808177,0.3945023110191824,0.4890347125659499,0.5109652874340501,0.2999999987840623,1
91.3,0.6012162927010952,0.3987837072989048,0.46829413302634854,0.5317058669736515,0.29999999878272887,1
91.4,0.5928997222486412,0.40710027775135893,0.4488175663461574,0.5511824336538427,0.2999999987813956,1
91.5,0.5808795330420922,0.4191204669579078,0.43138148177497715,0.5686185182250229,0.2999999987800624,1
91.60000000000001,0.5656349320919704,0.4343650679080296,0.4166810009800459,0.5833189990199541,0.299999998778729,1
91.7,0.5477736735294478,0.45222632647055216,0.40530218573902355,0.5946978142609766,0.29999999877739564,1
91.8,0.5280078293670796,0.4719921706329205,0.3976986735064045,0.6023013264935955,0.2999999987760622,1
91.9,0.5071254014348101,0.4928745985651899,0.3941735923197925,0.6058264076802075,0.29999999877472894,1
92,0.48595890623378113,0.514041093766219,0.39486747604165057,0.6051325239583495,0.29999999877339567,1
92.10000000000001,0.4653521851306756,0.5346478148693243,0.3997526617177009,0.6002473382822991,0.2999999987720625,1
92.2,0.44612676306541404,0.5538732369345859,0.4086343924116155,0.5913656075883845,0.2999999987707293,1
92.3,0.42904909694435817,0.5709509030556418,0.421158581549457,0.578841418450543,0.2999999987693961,1
92.4,0.41480001942223127,0.5851999805777687,0.43682592923396063,0.5631740707660394,0.2999999987680629,1
92.5,0.4039475962527391,0.596052403747261,0.45501182775575455,0.5449881722442455,0.2999999987667296,1
92.60000000000001,0.3969244792996657,0.6030755207003343,0.4749912627316037,0.5250087372683963,0.2999999987653963,1
92.7,0.3940106580724236,0.6059893419275765,0.49596771713987814,0.5040322828601218,0.2999999987640633,1
92.8,0.3953222974279027,0.6046777025720973,0.5171049259405669,0.48289507405943305,0.2999999987627299,1
92.9,0.4008071064442191,0.599192893555781,0.5375602153233476,0.4624397846766523,0.29999999876139644,1
93,0.4102464230947526,0.5897535769052473,0.5565180974531042,0.4434819025468958,0.2999999987600631,1
93.10000000000001,0.4232639316130995,0.5767360683869006,0.5732227813964048,0.42677721860359524,0.2999999987587301,1
93.2,0.4393406650151063,0.5606593349848936,0.5870083041209012,0.4129916958790989,0.2999999987573969,1
93.3,0.4578356946747802,0.5421643053252199,0.5973250803397891,0.4026749196602109,0.2999999987560636,1
93.4,0.4780116821259719,0.5219883178740281,0.6037618127428173,0.39623818725718274,0.2999999987547304,1
93.5,0.49906427442013884,0.5009357255798612,0.606061889122078,0.3939381108779219,0.29999999875339717,1
93.60000000000001,0.5201541711400355,0.47984582885996446,0.604133612690922,0.39586638730907797,0.29999999875206396,1
93.7,0.5404405846586953,0.45955941534130484,0.5980538577454642,0.4019461422545358,0.29999999875073097,1
93.8,0.5591147596887684,0.4408852403112315,0.5880650049289953,0.41193499507100473,0.2999999987493975,1
93.9,0.5754322158035695,0.4245677841964305,0.5745652782806351,0.425434721719365,0.2999999987480643,1
94,0.588742427522264,0.4112575724777359,0.5580928692996011,0.4419071307003989,0.299999998746731,1
94.10000000000001,0.598514758707869,0.4014852412921311,0.5393044809485532,0.46069551905144684,0.2999999987453976,1
94.2,0.6043596173554568,0.39564038264454315,0.5189491469788866,0.4810508530211135,0.29999999874406424,1
94.3,0.6060439873959217,0.39395601260407825,0.49783837031885475,0.5021616296811453,0.29999999874273087,1
94.4,0.603500718311303,0.3964992816886969,0.4768137710127515,0.5231862289872484,0.29999999874139766,1
94.5,0.5968312022140225,0.4031687977859775,0.4567135334857197,0.5432864665142804,0.29999999874006444,1
94.60000000000001,0.5863013316633324,0.4136986683366675,0.4383389907758531,0.561661009224147,0.29999999873873123,1
94.7,0.5723308993680778,0.4276691006319222,0.4224226779148064,0.5775773220851935,0.2999999987373981,1
94.8,0.5554768623761698,0.4445231376238302,0.4095991280678092,0.5904008719321908,0.29999999873606464,1
94.9,0.5364111379547236,0.46358886204527633,0.4003795756988211,0.5996204243011789,0.2999999987347311,1
95,0.5158938163690463,0.48410618363095365,0.39513157526580334,0.6048684247341967,0.2999999987333978,1
95.10000000000001,0.49474285848244204,0.505257141517558,0.3940643479844051,0.6059356520155949,0.29999999873206457,1
95.2,0.4738014862379036,0.5261985137620964,0.39722044083835495,0.602779559161645,0.29999999873073135,1
95.3,0.4539045660602749,0.546095433939725,0.40447403036549023,0.5955259696345099,0.299999998729398,1
95.4,0.43584532536655496,0.564154674633445,0.41553593884212275,0.5844640611578772,0.29999999872806427,1
95.5,0.42034372909203993,0.5796562709079601,0.4299651628862999,0.5700348371137001,0.2999999987267311,1
95.60000000000001,0.4080177769604112,0.5919822230395888,0.4471864548709314,0.5528135451290687,0.2999999987253978,1
95.7,0.3993588657850294,0.6006411342149707,0.4665132562313219,0.5334867437686781,0.2999999987240645,1
95.8,0.3947121990287311,0.6052878009712689,0.48717506838851354,0.5128249316114865,0.29999999872273114,1
95.9,0.3942630246311563,0.6057369753688436,0.5083481700960985,0.49165182990390155,0.29999999872139793,1
96,0.3980292497579997,0.6019707502420004,0.5291884566068238,0.4708115433931762,0.29999999872006466,1
96.10000000000001,0.4058607268988267,0.5941392731011734,0.5488650914650486,0.45113490853495136,0.2999999987187316,1
96.2,0.4174452397744828,0.5825547602255173,0.5665936293342857,0.43340637066571436,0.2999999987173984,1
96.3,0.43232095041485585,0.5676790495851441,0.5816672893572237,0.41833271064277633,0.2999999987160653,1
96.4,0.4498948111812832,0.5501051888187167,0.593485132278056,0.40651486772194395,0.2999999987147319,1
96.5,0.46946620770437275,0.5305337922956272,0.6015760179941722,0.3984239820058279,0.2999999987133985,1
96.60000000000001,0.4902548901679212,0.5097451098320788,0.6056173884252286,0.3943826115747714,0.29999999871206523,1
96.7,0.5114320794067835,0.4885679205932166,0.605448126885886,0.3945518731141141,0.2999999987107321,1
96.8,0.5321535077167348,0.4678464922832652,0.6010749812996015,0.3989250187003985,0.29999999870939886,1
96.9,0.5515930771435091,0.4484069228564909,0.5926722951802147,0.4073277048197853,0.29999999870806565,1
97,0.5689757934012436,0.4310242065987564,0.5805750571062404,0.4194249428937597,0.2999999987067324,1
97.10000000000001,0.5836086624489387,0.41639133755106134,0.5652655457833945,0.4347344542166055,0.2999999987053991,1
97.2,0.5949083179759285,0.4050916820240715,0.5473541031145663,0.4526458968854337,0.29999999870406574,1
97.3,0.6024242783757058,0.3975757216242942,0.5275548017942585,0.47244519820574143,0.2999999987027326,1
97.4,0.6058569060259471,0.39414309397405284,0.5066569774837191,0.4933430225162809,0.29999999870139926,1
97.5,0.6050693528949209,0.3949306471050791,0.48549376048910314,0.5145062395108968,0.2999999987000658,1
97.60000000000001,0.6000930162406477,0.3999069837593523,0.46490886148534954,0.5350911385146504,0.2999999986987326,1
97.7,0.5911262869013038,0.4088737130986962,0.44572293543414293,0.554277064565857,0.29999999869739924,1
97.8,0.5785266400785822,0.42147335992141777,0.4287008646604059,0.5712991353395941,0.29999999869606603,1
97.9,0.5627963839295153,0.43720361607048475,0.41452126540781103,0.5854787345921889,0.2999999986947328,1
98,0.544562634125431,0.455437365874569,0.4037494335507165,0.5962505664492835,0.2999999986933996,1
98.10000000000001,0.5245523127291808,0.4754476872708192,0.3968148080316101,0.6031851919683898,0.2999999986920661,1
98.2,0.5035631681065047,0.49643683189349536,0.3939938504856923,0.6060061495143076,0.29999999869073285,1
98.3,0.482431971216214,0.5175680287837859,0.39539902358793666,0.6046009764120633,0.29999999868939947,1
98.4,0.4620011561927359,0.537998843807264,0.4009743075211483,0.5990256924788516,0.299999998688066,1
98.5,0.44308523515571685,0.5569147648442831,0.4104974333092906,0.5895025666907094,0.29999999868673244,1
98.60000000000001,0.42643832618224115,0.5735616738177589,0.42358874398012686,0.5764112560198731,0.2999999986853993,1
98.7,0.41272408899893576,0.5872759110010642,0.4397263302905883,0.5602736697094117,0.2999999986840659,1
98.8,0.4024892669630394,0.5975107330369607,0.4582668376012607,0.5417331623987394,0.29999999868273275,1
98.9,0.3961418901301577,0.6038581098698423,0.4784711143955677,0.5215288856044322,0.29999999868139954,1
99,0.39393500838360374,0.6060649916163963,0.49953367991813213,0.5004663200818679,0.29999999868006616,1
99.10000000000001,0.3959566031341234,0.6040433968658767,0.5206148361505659,0.47938516384943414,0.2999999986787332,1
99.2,0.40212607977870163,0.5978739202212984,0.5408741439215541,0.45912585607844586,0.29999999867739996,1
99.3,0.4121974807530463,0.5878025192469537,0.5595039285643674,0.4404960714356326,0.29999999867606686,1
99.4,0.425769291083488,0.5742307089165121,0.5757614793569734,0.42423852064302664,0.2999999986747339,1
99.5,0.4423004455218853,0.5576995544781147,0.5889986590546853,0.41100134094531465,0.2999999986734006,1
99.60000000000001,0.4611318991095817,0.5388681008904183,0.5986877430767231,0.4013122569232768,0.2999999986720674,1
99.7,0.4815129012201021,0.518487098779898,0.6044424582198608,0.3955575417801393,0.2999999986707341,1
99.8,0.5026309256174202,0.4973690743825799,0.6060333821520405,0.39396661784795955,0.2999999986694007,1
99.9,0.5236440633128291,0.47635593668717097,0.6033970897567431,0.39660291024325683,0.29999999866806754,1
100,0.5437145868194342,0.45628541318056587,0.5966386816922252,0.4033613183077749,0.29999999866673416,1
100.10000000000001,0.5620423477033649,0.43795765229663514,0.5860275943599486,0.4139724056400514,0.2999999986654011,1
100.2,0.5778966759767332,0.4221033240232668,0.5719868583255369,0.4280131416744632,0.2999999986640677,1
100.3,0.5906455096042106,0.4093544903957895,0.5550762334251176,0.44492376657488236,0.2999999986627342,1
100.4,0.5997805928217208,0.4002194071782793,0.535969892907139,0.464030107092861,0.29999999866140103,1
100.5,0.6049377386898053,0.3950622613101948,0.5154295462725008,0.48457045372749924,0.2999999986600679,1
100.60000000000001,0.605911348077601,0.394088651922399,0.4942740723205469,0.5057259276794531,0.2999999986587345,1
100.7,0.6026626062513594,0.3973373937486407,0.47334687303554335,0.5266531269644568,0.2999999986574013,1
100.8,0.5953210302953875,0.4046789697046126,0.45348224981116436,0.5465177501888356,0.2999999986560679,1
100.9,0.5841793056746247,0.4158206943253753,0.4354721424868052,0.5645278575131948,0.2999999986547343,1
101,0.5696816177888072,0.43031838221119273,0.4200345572053797,0.5799654427946203,0.29999999865340143,1
101.10000000000001,0.5524059437023341,0.44759405629766597,0.4077849417742801,0.59221505822572,0.29999999865206833,1
101.2,0.5330410100226822,0.4669589899773178,0.399211649703519,0.6007883502964809,0.2999999986507352,1
101.3,0.512358835544041,0.487641164455959,0.3946564710924277,0.6053435289075723,0.29999999864940224,1
101.4,0.491183953294315,0.508816046705685,0.39430100653701405,0.605698993462986,0.29999999864806887,1
101.5,0.47036053900535313,0.5296394609946469,0.3981594272872939,0.6018405727127061,0.29999999864673554,1
101.60000000000001,0.45071875649055976,0.5492812435094402,0.4060779102842765,0.5939220897157236,0.2999999986454022,1
101.7,0.43304166163347574,0.5669583383665242,0.41774077059989434,0.5822592294001058,0.2999999986440689,1
101.8,0.4180339844208612,0.5819660155791389,0.4326830467988521,0.5673169532011479,0.2999999986427356,1
101.9,0.4062940335821025,0.5937059664178975,0.4503090374837332,0.5496909625162668,0.2999999986414023,1
102,0.3982898439083089,0.6017101560916911,0.469916050029808,0.5300839499701919,0.2999999986400691,1
102.10000000000001,0.3943405171822109,0.605659482817789,0.49072241472243366,0.5092775852775663,0.29999999863873567,1
102.2,0.39460350059710175,0.6053964994028983,0.5118986474617931,0.4881013525382069,0.2999999986374023,1
102.3,0.3990683098341122,0.6009316901658878,0.5326005186762787,0.46739948132372144,0.2999999986360688,1
102.4,0.4075569470389194,0.5924430529610806,0.5520027100913021,0.44799728990869797,0.2999999986347354,1
102.5,0.4197309970344766,0.5802690029655234,0.5693317175643726,0.4306682824356273,0.29999999863340193,1
102.60000000000001,0.43510511886615627,0.5648948811338438,0.5838966882542418,0.41610331174575815,0.2999999986320686,1
102.7,0.4530663948139795,0.5469336051860206,0.5951169627434975,0.4048830372565025,0.2999999986307353,1
102.8,0.47289876548787324,0.5271012345121268,0.602545224097097,0.39745477590290307,0.29999999862940163,1
102.9,0.4938115768558223,0.5061884231441778,0.6058853309769286,0.3941146690230714,0.2999999986280682,1
103,0.5149711011249886,0.4850288988750115,0.6050041238624013,0.3949958761375988,0.2999999986267352,1
103.10000000000001,0.5355337748377438,0.46446622516225616,0.5999367337003051,0.40006326629969485,0.29999999862540233,1
103.2,0.5546798290846171,0.4453201709153829,0.5908851813448279,0.4091148186551722,0.2999999986240691,1
103.3,0.5716459711036979,0.42835402889630214,0.5782103236236322,0.4217896763763678,0.2999999986227359,1
103.4,0.5857558143542625,0.41424418564573756,0.5624174671149228,0.4375825328850772,0.29999999862140264,1
103.5,0.5964468439136186,0.40355315608638137,0.544136223168813,0.4558637768311869,0.2999999986200691,1
103.60000000000001,0.6032928421718946,0.39670715782810545,0.5240954072897154,0.4759045927102847,0.2999999986187359,1
103.7,0.6060208807830902,0.3939791192169097,0.5030939835621666,0.4969060164378334,0.2999999986174026,1
103.8,0.6045222014569273,0.39547779854307286,0.4819692124741389,0.5180307875258611,0.29999999861606963,1
103.9,0.5988565518086618,0.4011434481913383,0.46156327198360136,0.5384367280163986,0.2999999986147364,1
104,0.5892498034102148,0.41075019658978523,0.4426896825410707,0.5573103174589293,0.29999999861340326,1
104.10000000000001,0.5760849470034002,0.42391505299659976,0.4261008745965487,0.5738991254034513,0.2999999986120699,1
104.2,0.5598868238676857,0.4401131761323143,0.41245819157199215,0.5875418084280079,0.29999999861073645,1
104.3,0.5413012020546668,0.4586987979453333,0.4023055241861402,0.5976944758138598,0.29999999860940335,1
104.4,0.5210690316537561,0.4789309683462439,0.3960476272479637,0.6039523727520363,0.29999999860807025,1
104.5,0.49999690545040004,0.5000030945496,0.39393398335975355,0.6060660166402465,0.29999999860673704,1
104.60000000000001,0.47892490261715803,0.521075097382842,0.39604885683308233,0.6039511431669177,0.29999999860540383,1
104.7,0.45869309740820513,0.5413069025917948,0.4023079343366246,0.5976920656633754,0.2999999986040704,1
104.8,0.4401080680499146,0.5598919319500854,0.4124616862026026,0.5875383137973974,0.299999998602737,1
104.9,0.42391074101236287,0.5760892589876372,0.42610531438717975,0.5738946856128203,0.29999999860140364,1
105,0.4107468526091759,0.5892531473908241,0.442694890491012,0.557305109508988,0.29999999860007037,1
105.10000000000001,0.401141205528513,0.5988587944714869,0.46156904046800873,0.5384309595319913,0.29999999859873666,1
105.2,0.3954767466060567,0.6045232533939433,0.4819753115213941,0.5180246884786059,0.29999999859740356,1
105.3,0.39397929994317554,0.6060207000568245,0.5031001700221336,0.4968998299778664,0.2999999985960704,1
105.4,0.39670856401265636,0.6032914359873436,0.5241014345273841,0.47589856547261594,0.29999999859473714,1
105.5,0.40355573166899195,0.596444268331008,0.5441418508968736,0.4558581491031265,0.299999998593404,1
105.60000000000001,0.41424782794590126,0.5857521720540987,0.5624224709732764,0.4375775290267236,0.2999999985920704,1
105.7,0.4283585927067853,0.5716414072932148,0.5782145041239347,0.42178549587606523,0.29999999859073717,1
105.8,0.44532547429118774,0.5546745257088124,0.5908883718234719,0.4091116281765281,0.29999999858940346,1
105.9,0.46447205667420455,0.5355279433257955,0.5999388069627826,0.4000611930372175,0.2999999985880699,1
106,0.48503502603877197,0.514964973961228,0.6050049972541547,0.39499500274584537,0.29999999858673676,1
106.10000000000001,0.5061946016886967,0.4938053983113034,0.6058849696785321,0.39411503032146783,0.29999999858540366,1
106.2,0.5271072181179584,0.4728927818820417,0.6025436425123991,0.39745635748760094,0.2999999985840702,1
106.3,0.5469391553053211,0.45306084469467894,0.5951142239253846,0.4048857760746154,0.29999999858273674,1
106.4,0.5648997765005357,0.4351002234994644,0.583892901390915,0.416107098609085,0.2999999985814035,1
106.5,0.5802730484164893,0.4197269515835107,0.5693270336263514,0.43067296637364866,0.29999999858007054,1
106.60000000000001,0.5924460872167121,0.40755391278328795,0.5519973158126971,0.448002684187303,0.29999999857873716,1
106.7,0.6009335922598047,0.3990664077401953,0.5325946291102812,0.46740537088971873,0.299999998577404,1
106.8,0.6053971935045036,0.39460280649549645,0.5118924974071699,0.48810750259283003,0.29999999857607085,1
106.9,0.6056589412554001,0.39434105874459996,0.49071624936282654,0.5092837506371735,0.29999999857473736,1
107,0.601708400455724,0.39829159954427595,0.4699101151590211,0.530089884840979,0.29999999857340404,1
107.10000000000001,0.5937030667001243,0.4062969332998757,0.45030356970669466,0.5496964302933054,0.2999999985720707,1
107.2,0.5819620873823317,0.4180379126176684,0.4326782640989084,0.5673217359010917,0.29999999857073734,1
107.3,0.566953538295731,0.43304646170426897,0.41773686364848844,0.5822631363515116,0.2999999985694041,1
107.4,0.549275762928626,0.450724237071374,0.40607503483946805,0.5939249651605321,0.2999999985680707,1
107.5,0.5296335183976049,0.47036648160239525,0.3981576979841672,0.6018423020158329,0.2999999985667372,1
107.60000000000001,0.5088098790053653,0.4911901209946347,0.39430049231753195,0.605699507682468,0.299999998565404,1
107.7,0.4876350175394828,0.5123649824605172,0.3946571924569294,0.6053428075430706,0.2999999985640708,1
107.8,0.4669531089032186,0.5330468910967814,0.39921357789343465,0.6007864221065654,0.29999999856273735,1
107.9,0.44758867552616466,0.5524113244738353,0.4077879999186459,0.5922120000813541,0.299999998561404,1
108,0.43031371625699427,0.5696862837430058,0.4200386233854458,0.5799613766145543,0.29999999856007054,1
108.10000000000001,0.41581692920563107,0.584183070794369,0.435477054596558,0.564522945403442,0.2999999985587372,1
108.2,0.40467625552299286,0.5953237444770072,0.4534878120199926,0.5465121879800074,0.299999998557404,1
108.3,0.3973358387111656,0.6026641612888345,0.47335286359539736,0.5266471364046026,0.29999999855607073,1
108.4,0.3940883180235994,0.6059116819764006,0.49428025240634765,0.5057197475936523,0.2999999985547374,1
108.5,0.39506316186158247,0.6049368381384175,0.5154356695033565,0.48456433049664344,0.2999999985534038,1
108.60000000000001,0.4002215062776577,0.5997784937223424,0.5359757151687885,0.4640242848312116,0.29999999855207077,1
108.7,0.4093577043585636,0.5906422956414363,0.55508152260201,0.4449184773979899,0.29999999855073733,1
108.8,0.422107524718689,0.577892475281311,0.5719914035545609,0.42800859644543904,0.29999999854940396,1
108.9,0.4379626722559812,0.5620373277440188,0.586031214436892,0.41396878556310795,0.29999999854807075,1
109,0.45629105227359473,0.5437089477264052,0.5966412322958254,0.4033587677041746,0.29999999854673753,1
109.10000000000001,0.476361970100698,0.523638029899302,0.6033984692023292,0.3966015307976708,0.2999999985454042,1
109.2,0.4973752615830827,0.5026247384169172,0.6060335354453867,0.3939664645546133,0.299999998544071,1
109.3,0.5184931931028436,0.48150680689715636,0.6044413792496358,0.39555862075036413,0.2999999985427377,1
109.4,0.5388738593740143,0.4611261406259857,0.5986854748581305,0.4013145251418695,0.29999999854140463,1
109.5,0.5577047475494444,0.4422952524505556,0.5889952920145793,0.4110047079854206,0.29999999854007153,1
109.60000000000001,0.5742351295438954,0.4257648704561046,0.5757571477288211,0.4242428522711788,0.2999999985387382,1
109.7,0.5878059911936601,0.41219400880634,0.559498805036776,0.4405011949632241,0.299999998537405,1
109.8,0.5978763050715589,0.4021236949284411,0.5408684327537098,0.45913156724629023,0.2999999985360715,1
109.9,0.6040445995430934,0.39595540045690664,0.5206087650290531,0.47939123497094693,0.2999999985347385,1
110,0.6060649641735513,0.39393503582644884,0.49952749087977394,0.5004725091202261,0.2999999985334053,1
110.10000000000001,0.6038568534009967,0.39614314659900335,0.47846505417816665,0.5215349458218334,0.29999999853207215,1
110.2,0.5975082976336382,0.4024917023663618,0.4582611478069264,0.5417388521930736,0.29999999853073894,1
110.3,0.5872723937552574,0.4127276062447427,0.4397212377538096,0.5602787622461904,0.2999999985294058,1
110.4,0.5735572149511708,0.4264427850488292,0.4235844517245822,0.5764155482754177,0.2999999985280727,1
110.5,0.5569095421181236,0.44309045788187645,0.410494112453923,0.589505887546077,0.29999999852673953,1
110.60000000000001,0.537993065435459,0.46200693456454095,0.40097209045818244,0.5990279095418176,0.2999999985254064,1
110.7,0.5175619251321338,0.4824380748678663,0.39539799870481057,0.6046020012951894,0.299999998524073,1
110.8,0.4964306462956951,0.5035693537043049,0.39399405864132403,0.606005941358676,0.2999999985227399,1
110.9,0.47544166632750917,0.5245583336724908,0.3968162409274788,0.6031837590725212,0.29999999852140663,1
111,0.45543174962212246,0.5445682503778775,0.40375203406169907,0.5962479659383009,0.2999999985200734,1
111.10000000000001,0.43719862841150314,0.562801371588497,0.41452492985958395,0.585475070140416,0.2999999985187401,1
111.2,0.42146919969842644,0.5785308003015736,0.42870544696261936,0.5712945530373806,0.2999999985174068,1
111.3,0.40887054616690893,0.5911294538330911,0.4457282529045912,0.5542717470954088,0.2999999985160733,1
111.4,0.39990493637453695,0.600095063625463,0.46491470213294467,0.5350852978670553,0.2999999985147399,1
111.5,0.3949298008901309,0.6050701991098691,0.485499891465304,0.514500108534696,0.29999999851340675,1
111.60000000000001,0.39414348266494276,0.6058565173350573,0.5066631543654814,0.4933368456345186,0.29999999851207354,1
111.7,0.3975773297251194,0.6024226702748806,0.5275607783284256,0.4724392216715744,0.29999999851074033,1
111.8,0.40509444542482953,0.5949055545751705,0.54735964103522,0.4526403589647801,0.2999999985094073,1
111.9,0.4163951460835175,0.5836048539164825,0.5652704243107793,0.43472957568922066,0.2999999985080741,1
112,0.4310289084285101,0.56897109157149,0.58057908174857,0.4194209182514301,0.2999999985067409,1
112.10000000000001,0.4484123305361433,0.5515876694638566,0.5926753054874568,0.4073246945125433,0.29999999850540754,1
112.2,0.4678523902253667,0.5321476097746333,0.6010768572601239,0.398923142739876,0.29999999850407433,1
112.3,0.48857407366507133,0.5114259263349288,0.6054487937109495,0.3945512062890506,0.2999999985027412,1
112.4,0.5097512727297573,0.49024872727024277,0.6056168195305818,0.39438318046941817,0.2999999985014079,1
112.5,0.5305397193234749,0.4694602806765251,0.6015742360598837,0.3984257639401164,0.2999999985000745,1
112.60000000000001,0.5501106436844789,0.449889356315521,0.5934822083443303,0.40651779165566976,0.29999999849874115,1
112.7,0.5676838148202071,0.4323161851797929,0.5816633399922481,0.4183366600077519,0.29999999849740794,1
112.8,0.5825586458547088,0.4174413541452912,0.5665888119870176,0.43341118801298234,0.29999999849607484,1
112.9,0.5941421242164846,0.40585787578351534,0.5488595981882126,0.4511404018117874,0.29999999849474146,1
113,0.6019724531782888,0.3980275468217111,0.5291825064003642,0.47081749359963576,0.29999999849340825,1
113.10000000000001,0.6057374622353107,0.39426253776468934,0.5083420001763292,0.4916579998236707,0.29999999849207504,1
113.2,0.6052870523580552,0.3947129476419447,0.4871689247310384,0.5128310752689615,0.2999999984907417,1
113.3,0.600639179966968,0.39936082003303197,0.46650738376474815,0.5334926162352519,0.2999999984894085,1
113.4,0.5919791410666162,0.40802085893338375,0.4471810877123244,0.5528189122876757,0.29999999848807546,1
113.5,0.5796521840787404,0.42034781592125964,0.42996051500766064,0.5700394849923394,0.2999999984867423,1
113.60000000000001,0.5641497458772093,0.43585025412279066,0.41553219553998616,0.5844678044600138,0.2999999984854089,1
113.7,0.5460898597507288,0.45391014024927123,0.40447134087372616,0.595528659126274,0.29999999848407577,1
113.8,0.5261925163660012,0.4738074836339989,0.39721891237867524,0.6027810876213248,0.29999999848274234,1
113.9,0.5052509600119826,0.4947490399880175,0.3940640414917662,0.6059359585082338,0.2999999984814089,1
114,0.4841000644533921,0.515899935546608,0.39513250295911806,0.6048674970408819,0.2999999984800756,1
114.10000000000001,0.4635830491483974,0.5364169508516026,0.40038170059382844,0.5996182994061715,0.2999999984787423,1
114.2,0.4445178627498403,0.5554821372501597,0.40960236545152234,0.5903976345484776,0.299999998477409,1
114.3,0.42766457407372,0.5723354259262801,0.4224268987227574,0.5775731012772426,0.2999999984760758,1
114.4,0.4136950705541176,0.5863049294458825,0.4383440267374932,0.5616559732625068,0.29999999847474274,1
114.5,0.40316627221153406,0.596833727788466,0.456719183832846,0.5432808161671541,0.2999999984734094,1
114.60000000000001,0.3964979290091958,0.6035020709908042,0.4768198104835135,0.5231801895164865,0.2999999984720761,1
114.7,0.3939558867466642,0.6060441132533357,0.49784455813824674,0.5021554418617532,0.29999999847074266,1
114.8,0.3956414886267618,0.6043585113732381,0.5189552364577025,0.4810447635422975,0.2999999984694093,1
114.9,0.40148753502189477,0.5985124649781053,0.5393102293181211,0.4606897706818789,0.2999999984680758,1
115,0.4112609625111385,0.5887390374888616,0.558098047390219,0.4419019526097811,0.2999999984667427,1
115.10000000000001,0.4245721353833331,0.5754278646166668,0.5745696796578575,0.4254303203421425,0.29999999846540953,1
115.2,0.4408903791832806,0.5591096208167194,0.5880684541235359,0.411931545876464,0.29999999846407605,1
115.3,0.45956513702757795,0.540434862972422,0.5980562172486128,0.4019437827513872,0.2999999984627426,1
115.4,0.4798519052545402,0.5201480947454599,0.6041347884365916,0.3958652115634085,0.2999999984614095,1
115.5,0.5009419144356957,0.49905808556430437,0.6060618342369277,0.3939381657630723,0.2999999984600761,1
115.60000000000001,0.5219943724605953,0.47800562753940473,0.6037605294149481,0.39623947058505193,0.2999999984587426,1
115.7,0.5421699842648939,0.4578300157351062,0.5973226197315109,0.40267738026848904,0.29999999845740905,1
115.8,0.5606644118759274,0.4393355881240726,0.5870047643290498,0.41299523567095014,0.29999999845607556,1
115.9,0.576740340829363,0.4232596591706371,0.5732183035415249,0.4267816964584752,0.2999999984547421,1
116,0.5897568745700817,0.4102431254299182,0.5565128600534097,0.4434871399465903,0.29999999845340886,1
116.10000000000001,0.5991950849752976,0.4008049150247025,0.5375544271777533,0.46244557282224674,0.29999999845207564,1
116.2,0.6046787003811829,0.3953212996188172,0.5170988178045215,0.48290118219547856,0.29999999845074227,1
116.3,0.6059891063466711,0.3940108936533289,0.49596153252585967,0.5040384674741404,0.2999999984494086,1
116.4,0.6030740611213198,0.39692593887868016,0.47498524820102994,0.5250147517989701,0.2999999984480753,1
116.5,0.5960497783590348,0.4039502216409653,0.45500622308934313,0.544993776910657,0.29999999844674224,1
116.60000000000001,0.5851962940464331,0.4148037059535669,0.4368209578724133,0.5631790421275866,0.29999999844540887,1
116.7,0.5709463023517904,0.42905369764820955,0.421154441685571,0.578845558314429,0.2999999984440759,1
116.8,0.5538679054740409,0.44613209452595926,0.4086312490889501,0.59136875091105,0.2999999984427425,1
116.9,0.5346419652009151,0.46535803479908494,0.39975064025080126,0.6002493597491987,0.299999998441409,1
117,0.5140349590981187,0.48596504090188125,0.39486665702014506,0.605133342979855,0.2999999984400758,1
117.10000000000001,0.49286842346762755,0.5071315765323725,0.3941740083955336,0.6058259916044665,0.2999999984387425,1
117.2,0.4719862012879222,0.5280137987120779,0.3977003080917402,0.6022996919082598,0.29999999843740927,1
117.3,0.45222080085742633,0.5477791991425737,0.4053049736680961,0.594695026331904,0.2999999984360759,1
117.4,0.43436020631586864,0.5656397936841314,0.41668483110675253,0.5833151688932474,0.29999999843474245,1
117.5,0.4191164632033431,0.5808835367966569,0.43138620140402123,0.5686137985959787,0.29999999843340913,1
117.60000000000001,0.40709729145169227,0.5929027085483077,0.44882298732053744,0.5511770126794626,0.2999999984320758,1
117.7,0.3987818575086606,0.6012181424913394,0.4683000392285953,0.5316999607714047,0.2999999984307425,1
117.8,0.394501671483772,0.605498328516228,0.4890408685340611,0.5109591314659389,0.2999999984294093,1
117.9,0.39442737088644086,0.6055726291135591,0.5102186038261874,0.48978139617381256,0.29999999842807584,1
118,0.39856191784696826,0.6014380821530317,0.530988955631329,0.4690110443686711,0.2999999984267425,1
118.10000000000001,0.4067404810257568,0.5932595189742433,0.5505238755698577,0.4494761244301424,0.29999999842540936,1
118.2,0.4186370069186486,0.5813629930813514,0.5680445680319133,0.4319554319680868,0.29999999842407615,1
118.3,0.433777218581182,0.5662227814188181,0.582852538300653,0.417147461699347,0.29999999842274294,1
118.4,0.45155752355365025,0.5484424764463498,0.5943574393323101,0.40564256066768994,0.29999999842140973,1
118.5,0.4712690771876614,0.5287309228123386,0.6021006070298173,0.3978993929701827,0.29999999842007646,1
118.60000000000001,0.4921260420453067,0.5078739579546934,0.6057733457329089,0.39422665426709125,0.29999999841874314,1
118.7,0.5132969167578734,0.48670308324212674,0.6052292349399154,0.3947707650600845,0.2999999984174098,1
118.8,0.5339376853613738,0.4660623146386262,0.6004899666310928,0.39951003336890717,0.29999999841607666,1
118.9,0.5532254655494935,0.4467745344505066,0.5917444804778219,0.4082555195221781,0.29999999841474345,1
119,0.5703913143943009,0.4296086856056991,0.5793414314141637,0.4206585685858363,0.29999999841341013,1
119.10000000000001,0.5847508836741627,0.4152491163258374,0.5637752898649181,0.4362247101350819,0.29999999841207703,1
119.2,0.5957317026776806,0.40426829732231934,0.5456666287702293,0.45433337122977063,0.29999999841074376,1
119.3,0.602896000804358,0.397103999195642,0.5257373833008592,0.4742626166991408,0.29999999840941055,1
119.4,0.6059581600969286,0.39404183990307146,0.5047820695812018,0.4952179304187983,0.29999999840807734,1
119.5,0.6047961019279614,0.3952038980720386,0.4836361098387287,0.5163638901612713,0.29999999840674435,1
119.60000000000001,0.5994561538894806,0.4005438461105194,0.4631425267561954,0.5368574732438046,0.2999999984054109,1
119.7,0.5901512028580704,0.4098487971419295,0.4441183348176807,0.5558816651823193,0.29999999840407743,1
119.8,0.5772522078669303,0.4227477921330696,0.4273219685194322,0.5726780314805677,0.29999999840274416,1
119.9,0.5612734111398874,0.43872658886011257,0.4134230459799598,0.5865769540200402,0.29999999840141106,1
120,0.5428518368767717,0.4571481631232283,0.40297567337882534,0.5970243266211747,0.2999999984000778,1
120.10000000000001,0.5227218951088813,0.47727810489111877,0.3963963544919058,0.6036036455080942,0.2999999983987447,1
120.2,0.5016861030886762,0.4983138969113238,0.3939473860002488,0.6060526139997512,0.29999999839741154,1
120.3,0.48058309145949757,0.5194169085405024,0.3957264005491532,0.6042735994508468,0.29999999839607827,1
120.4,0.46025417069835767,0.5397458293016423,0.40166247444271036,0.5983375255572897,0.29999999839474517,1
120.5,0.4415097907222198,0.5584902092777801,0.41151895514774156,0.5884810448522584,0.2999999983934118,1
120.60000000000001,0.42509723080741796,0.5749027691925821,0.4249028958834718,0.5750971041165283,0.2999999983920787,1
120.7,0.4116708079231649,0.5883291920768352,0.44128072116962397,0.5587192788303761,0.2999999983907452,1
120.8,0.4017657911788769,0.5982342088211231,0.4599994987969667,0.5400005012030333,0.2999999983894118,1
120.9,0.3957770623339787,0.6042229376660214,0.48031297017398217,0.5196870298260178,0.2999999983880785,1
121,0.3939433731083191,0.6060566268916809,0.5014113013018762,0.4985886986981239,0.29999999838674524,1
121.10000000000001,0.39633782690455294,0.6036621730954471,0.5224533683004453,0.47754663169955475,0.2999999983854117,1
121.2,0.4028649644061766,0.5971350355938235,0.5426002903627725,0.4573997096372276,0.2999999983840783,1
121.3,0.41326456923922955,0.5867354307607705,0.5610488732856674,0.43895112671433256,0.2999999983827452,1
121.4,0.4271220419779383,0.5728779580220618,0.5770636302878375,0.4229363697121625,0.29999999838141195,1
121.5,0.4438849289154342,0.5561150710845658,0.5900061035468153,0.40999389645318485,0.29999999838007857,1
121.60000000000001,0.462884946649621,0.537115053350379,0.5993603174975021,0.40063968250249793,0.29999999837874525,1
121.7,0.48336462443345624,0.5166353755665438,0.6047533491496377,0.3952466508503622,0.2999999983774117,1
121.8,0.5045075021432188,0.4954924978567812,0.6059701953505549,0.39402980464944515,0.2999999983760784,1
121.9,0.5254706799670672,0.4745293200329328,0.6029623442823691,0.3970376557176309,0.2999999983747448,1
122,0.5454184221605238,0.45458157783947617,0.5958497094750647,0.4041502905249354,0.2999999983734114,1
122.10000000000001,0.5635554751932021,0.43644452480679796,0.5849158492324733,0.41508415076752675,0.29999999837207814,1
122.2,0.5791587719974104,0.42084122800258955,0.5705966620575496,0.4294033379424504,0.2999999983707449,1
122.3,0.5916062583702938,0.4083937416297062,0.55346300875466,0.4465369912453399,0.2999999983694117,1
122.4,0.6004016923118288,0.3995983076881711,0.5341979540108281,0.4658020459891719,0.2999999983680782,1
122.5,0.6051944276273293,0.3948055723726706,0.5135695347622694,0.4864304652377307,0.29999999836674496,1
122.60000000000001,0.6057933930846614,0.3942066069153386,0.4924001409855054,0.5075998590144946,0.2999999983654117,1
122.7,0.6021747098212868,0.3978252901787132,0.4715337296042891,0.5284662703957109,0.2999999983640786,1
122.8,0.5944826433191543,0.40551735668084565,0.45180217859040356,0.5481978214095965,0.2999999983627453,1
122.9,0.5830238519952045,0.4169761480047956,0.43399212261415854,0.5660078773858416,0.299999998361412,1
123,0.5682551616980335,0.43174483830196664,0.4188135924025381,0.5811864075974619,0.2999999983600787,1
123.10000000000001,0.5507653535029544,0.4492346464970456,0.40687170805482376,0.5931282919451762,0.29999999835874536,1
123.2,0.5312516908685921,0.46874830913140797,0.3986425548138674,0.6013574451861325,0.29999999835741215,1
123.3,0.5104921219432023,0.4895078780567978,0.39445420304988515,0.6055457969501149,0.2999999983560787,1
123.4,0.4893142652270403,0.5106857347729598,0.39447362913011813,0.6055263708698819,0.2999999983547453,1
123.5,0.46856241503454443,0.5314375849654556,0.3987000585980147,0.6012999414019854,0.299999998353412,1
123.60000000000001,0.4490638821444335,0.5509361178555666,0.40696499704837036,0.5930350029516297,0.29999999835207874,1
123.7,0.4315960115297771,0.568403988470223,0.4189389474675321,0.5810610525324679,0.29999999835074553,1
123.8,0.4168551920670566,0.5831448079329433,0.4341445462395112,0.5658554537604887,0.29999999834941216,1
123.9,0.40542909370931657,0.5945709062906834,0.4519755941268956,0.5480244058731045,0.2999999983480786,1
124,0.39777323893969935,0.6022267610603007,0.4717212235214093,0.5282787764785907,0.29999999834674534,1
124.10000000000001,0.3941928425275769,0.6058071574724231,0.49259423849210854,0.5074057615078915,0.299999998345412,1
124.2,0.3948306435788902,0.6051693564211098,0.5137624978029242,0.48623750219707595,0.2999999983440789,1
124.3,0.39966121497845125,0.6003387850215487,0.5343820897576826,0.4656179102423174,0.29999999834274554,1
124.4,0.4084919770887845,0.5915080229112155,0.5536309762962259,0.446369023703774,0.2999999983414119,1
124.5,0.4209708752925336,0.5790291247074665,0.5707417650576915,0.4292582349423086,0.2999999983400786,1
124.60000000000001,0.4366004152990475,0.5633995847009526,0.5850323028922106,0.4149676971077894,0.29999999833874547,1
124.7,0.45475749667176246,0.5452425033282375,0.5959328711542625,0.4040671288457374,0.2999999983374123,1
124.8,0.4747182538762366,0.5252817461237634,0.6030088985871586,0.39699110141284144,0.2999999983360792,1
124.9,0.4956869145146416,0.5043130854853585,0.6059782863076297,0.3940217136923702,0.2999999983347461,1
125,0.5168275242599755,0.48317247574002453,0.6047226541980574,0.3952773458019426,0.2999999983334129,1
125.10000000000001,0.5372972737169853,0.4627027262830146,0.5992920603481782,0.4007079396518219,0.2999999983320797,1
125.2,0.5562800985730285,0.44371990142697154,0.5899030053970177,0.4100969946029823,0.29999999833074653,1
125.3,0.5730192135068898,0.42698078649311016,0.5769298013356413,0.42307019866435874,0.29999999832941326,1
125.4,0.5868472828312845,0.41315271716871543,0.5608896488693184,0.43911035113068164,0.29999999832808016,1
125.5,0.5972130250607383,0.4027869749392618,0.5424220182575783,0.45757798174242176,0.29999999832674695,1
125.60000000000001,0.6037031907646846,0.3962968092353154,0.5222631556529943,0.47773684434700575,0.2999999983254136,1
125.7,0.6060590375181328,0.3939409624818671,0.5012167312905176,0.49878326870948236,0.2999999983240805,1
125.8,0.6041866451456139,0.395813354854386,0.48012179969142166,0.5198782003085783,0.2999999983227473,1
125.9,0.5981606600221834,0.40183933997781673,0.4598193492074183,0.5401806507925818,0.2999999983214141,1
126,0.5882213191580139,0.41177868084198616,0.44111877446905573,0.5588812255309443,0.29999999832008095,1
126.10000000000001,0.5747648727069362,0.42523512729306373,0.42476560837607785,0.5752343916239222,0.29999999831874763,1
126.2,0.5583277867232858,0.44167221327671424,0.41141180005345546,0.5885881999465445,0.2999999983174142,1
126.3,0.5395653559532886,0.46043464404671147,0.4015897236971888,0.5984102763028112,0.2999999983160809,1
126.4,0.5192255793014998,0.4807744206985002,0.3956909544951743,0.6043090455048258,0.2999999983147476,1
126.5,0.4981193394750051,0.5018806605249949,0.3939506577601925,0.6060493422398076,0.2999999983134146,1
126.60000000000001,0.4770880756488626,0.5229119243511375,0.396438213631022,0.6035617863689781,0.2999999983120812,1
126.7,0.456970237941597,0.5430297620584029,0.4030544511052554,0.5969455488947446,0.29999999831074786,1
126.8,0.43856786105494616,0.5614321389450538,0.4135356016742052,0.5864643983257949,0.2999999983094148,1
126.9,0.42261458968135424,0.5773854103186458,0.42746381494094854,0.5725361850590515,0.2999999983080817,1
127,0.4097464304053126,0.5902535695946873,0.4442838169970064,0.5557161830029936,0.2999999983067486,1
127.10000000000001,0.4004763961279395,0.5995236038720606,0.46332504744074887,0.5366749525592511,0.2999999983054153,1
127.2,0.3951740538615729,0.6048259461384271,0.4838283925044622,0.5161716074955379,0.2999999983040821,1
127.3,0.3940507912592665,0.6059492087407334,0.5049764485246657,0.4950235514753344,0.29999999830274876,1
127.4,0.39715138925615784,0.6028486107438421,0.5259261092466224,0.47407389075337764,0.29999999830141544,1
127.5,0.40435223679490506,0.595647763205095,0.5458421778100501,0.45415782218995,0.2999999983000822,1
127.60000000000001,0.4153662588084544,0.5846337411915455,0.5639306634122363,0.4360693365877638,0.2999999982987488,1
127.7,0.429754360997017,0.5702456390029831,0.5794704352156748,0.42052956478432535,0.29999999829741547,1
127.8,0.44694293513211364,0.5530570648678864,0.5918419715588198,0.4081580284411802,0.2999999982960822,1
127.9,0.4662467270064595,0.5337532729935405,0.6005520583296518,0.3994479416703482,0.2999999982947488,1
128,0.4868961553566922,0.5131038446433078,0.6052534518558429,0.39474654814415716,0.2999999982934157,1
128.1,0.5080679926397064,0.49193200736029363,0.6057587224141433,0.39424127758585664,0.2999999982920824,1
128.2,0.5289181845168665,0.47108181548313355,0.6020477264619583,0.3979522735380417,0.29999999829074925,1
128.3,0.5486154996368309,0.4513845003631692,0.5942684096968199,0.40573159030318007,0.2999999982894159,1
128.4,0.5663746682063394,0.43362533179366053,0.5827309089283115,0.4172690910716885,0.2999999982880829,1
128.5,0.5814876882187249,0.4185123117812752,0.5678951879021931,0.4321048120978069,0.2999999982867495,1
128.6,0.5933520512596131,0.4066479487403869,0.5503526999974063,0.44964730000259373,0.2999999982854164,1
128.7,0.6014947626160143,0.3985052373839857,0.5308028088463556,0.46919719115364444,0.29999999828408286,1
128.8,0.6055911980828579,0.3944088019171422,0.5100249069139275,0.4899750930860725,0.29999999828274976,1
128.9,0.6054780457056008,0.39452195429439924,0.48884734357951287,0.5111526564204871,0.29999999828141655,1
129,0.6011598165124769,0.3988401834875231,0.46811440146134525,0.5318855985386547,0.29999999828008334,1
129.1,0.5928086646740348,0.4071913353259652,0.4486526375328897,0.5513473624671102,0.2999999982787499,1
129.2,0.5807575242596394,0.41924247574036055,0.4312379309047496,0.5687620690952504,0.2999999982774166,1
129.3,0.5654868362067941,0.43451316379320604,0.4165645509730379,0.5834354490269621,0.2999999982760834,1
129.4,0.5476053946571307,0.45239460534286935,0.40521747908952255,0.5947825209104775,0.2999999982747501,1
129.5,0.5278260762552084,0.47217392374479167,0.39764908720120967,0.6023509127987903,0.2999999982734166,1
129.6,0.5069374200063811,0.493062579993619,0.39416110320840775,0.6058388967915922,0.2999999982720833,1
129.7,0.48577219071511596,0.514227809284884,0.3948925820255334,0.6051074179744665,0.29999999827075,1
129.8,0.46517417928026905,0.5348258207197311,0.399814361900503,0.6001856380994971,0.2999999982694165,1
129.9,0.4459645634147727,0.5540354365852274,0.4087302270017608,0.5912697729982392,0.2999999982680832,1
130,0.42890916988168526,0.5710908301183147,0.4212847299242698,0.5787152700757303,0.2999999982667499,1
130.1,0.4146879433979352,0.5853120566020649,0.43697736225583433,0.5630226377441656,0.2999999982654166,1
130.2,0.4038678393842199,0.5961321606157802,0.45518250826799755,0.5448174917320026,0.2999999982640836,1
130.3,0.3968802212415752,0.6031197787584248,0.47517438624082425,0.5248256137591758,0.2999999982627501,1
130.4,0.39400366325386854,0.6059963367461315,0.4961559830896627,0.5038440169103374,0.2999999982614168,1
130.5,0.3953528447102242,0.6046471552897758,0.5172908287616249,0.4827091712383751,0.2999999982600838,1
130.6,0.40087397800367147,0.5991260219963285,0.5377363436568737,0.4622636563431263,0.29999999825875034,1
130.7,0.4103469529732929,0.5896530470267072,0.5566774296182644,0.44332257038173556,0.2999999982574171,1
130.8,0.4233941120017209,0.5766058879982792,0.573358965322593,0.4266410346774071,0.29999999825608376,1
130.9,0.43949530603253606,0.5605046939674639,0.5871159105847481,0.41288408941525195,0.2999999982547505,1
131,0.4580086312716673,0.5419913687283326,0.5973998194111647,0.40260018058883523,0.29999999825341733,1
131.1,0.4781960198659498,0.5218039801340502,0.6038007048108068,0.3961992951891933,0.299999998252084,1
131.2,0.49925266433924553,0.5007473356607545,0.6060633836826662,0.39393661631733384,0.2999999982507506,1
131.3,0.5203391027267149,0.47966089727328504,0.6040976501606949,0.395902349839305,0.2999999982494173,1
131.4,0.5406146852741913,0.45938531472580874,0.5979818718370122,0.40201812816298776,0.29999999824808404,1
131.5,0.5592710884909662,0.44072891150903376,0.5879598654933165,0.41204013450668353,0.29999999824675033,1
131.6,0.5755645404564661,0.4244354595435339,0.5744311768952325,0.42556882310476757,0.2999999982454172,1
131.7,0.5888454726595375,0.4111545273404626,0.5579351521635153,0.4420648478364847,0.2999999982440838,1
131.8,0.5985844162450851,0.40141558375491493,0.5391294357462785,0.4608705642537216,0.29999999824275103,1
131.9,0.6043931102664316,0.39560688973356833,0.5187637522102317,0.48123624778976826,0.29999999824141776,1
132,0.6060399804239914,0.39396001957600857,0.4976500170881795,0.5023499829118204,0.29999999824008444,1
132.1,0.6034593712017936,0.3965406287982064,0.47662996836896,0.5233700316310401,0.2999999982387511,1
132.2,0.5967541633457077,0.40324583665429237,0.45654160906017743,0.5434583909398225,0.2999999982374178,1
132.3,0.5861916723327739,0.41380832766722614,0.4381857986528494,0.5618142013471505,0.2999999982360844,1
132.4,0.5721929913467236,0.4278070086532765,0.4222943253808434,0.5777056746191566,0.2999999982347512,1
132.5,0.555316203621623,0.44468379637837696,0.409500732133362,0.590499267866638,0.29999999823341805,1
132.6,0.5362341334245233,0.46376586657547675,0.4003150590992791,0.5996849409007209,0.29999999823208495,1
132.7,0.5157075226752226,0.4842924773247774,0.39510351007438943,0.6048964899256106,0.2999999982307514,1
132.8,0.4945547025666643,0.5054452974333358,0.39407385307173276,0.6059261469282672,0.2999999982294179,1
132.9,0.47361896928275354,0.5263810307172465,0.3972671372665881,0.6027328627334119,0.2999999982280847,1
133,0.4537349644407695,0.5462650355592306,0.4045560564953989,0.5954439435046011,0.29999999822675133,1
133.1,0.43569540056403666,0.5643045994359633,0.4156500245507642,0.5843499754492358,0.2999999982254184,1
133.2,0.4202194581352542,0.5797805418647458,0.4301067599365009,0.5698932400634991,0.29999999822408496,1
133.3,0.407924114140232,0.592075885859768,0.4473499182351504,0.5526500817648496,0.2999999982227517,1
133.4,0.3992995451425169,0.6007004548574831,0.46669206914108324,0.5333079308589167,0.29999999822141826,1
133.5,0.3946895854906986,0.6053104145093015,0.48736210213740067,0.5126378978625994,0.29999999822008505,1
133.6,0.39427801972800136,0.6057219802719986,0.5085359682387821,0.49146403176121795,0.29999999821875156,1
133.7,0.398081255682532,0.601918744317468,0.5293695322240064,0.47063046777599365,0.29999999821741813,1
133.8,0.4059476703389546,0.5940523296610454,0.5490322256433093,0.4509677743566907,0.29999999821608475,1
133.9,0.41756365456962324,0.5824363454303768,0.5667401589613776,0.43325984103862236,0.29999999821475143,1
134,0.43246611574081834,0.5675338842591816,0.5817873727593313,0.4182126272406686,0.29999999821341816,1
134.1,0.4500609397546324,0.5499390602453675,0.5935739821088957,0.4064260178911044,0.299999998212085,1
134.2,0.46964667650315584,0.5303533234968443,0.6016300920913796,0.3983699079086204,0.29999999821075163,1
134.3,0.4904425044706519,0.5095574955293481,0.6056345310251948,0.3943654689748051,0.29999999820941814,1
134.4,0.5116193596232828,0.4883806403767172,0.605427654567249,0.394572345432751,0.2999999982080847,1
134.5,0.5323329875757878,0.4676670124242122,0.6010177102290994,0.3989822897709005,0.29999999820675144,1
134.6,0.5517576013495357,0.4482423986504644,0.5925805085746935,0.40741949142530653,0.2999999982054179,1
134.7,0.5691188028933534,0.4308811971066467,0.5804524142080033,0.41954758579199664,0.2999999982040849,1
134.8,0.5837244558899891,0.4162755441100109,0.5651169359777596,0.43488306402224036,0.2999999982027517,1
134.9,0.5949922790468449,0.4050077209531552,0.5471854510055033,0.4528145489944967,0.2999999982014186,1
135,0.6024730598135543,0.39752694018644574,0.5273728310091255,0.4726271689908746,0.29999999820008544,1
135.1,0.6058685630687448,0.39413143693125513,0.5064689426234579,0.49353105737654207,0.29999999819875195,1
135.2,0.6050434208131591,0.39495657918684085,0.48530715791019446,0.5146928420898056,0.29999999819741857,1
135.3,0.6000305288645902,0.3999694711354098,0.4647311304437359,0.5352688695562642,0.29999999819608514,1
135.4,0.5910297354054375,0.4089702645945626,0.44556116150557185,0.5544388384944281,0.2999999981947517,1
135.5,0.5783998736663515,0.4216001263336486,0.4285614972608851,0.5714385027391149,0.2999999981934186,1
135.6,0.5626444563777282,0.4373555436222719,0.4144098606757452,0.5855901393242547,0.29999999819208567,1
135.7,0.544391602306126,0.45560839769387396,0.403670432841203,0.5963295671587969,0.2999999981907524,1
135.8,0.5243689951412537,0.4756310048587464,0.3967713608536275,0.6032286391463725,0.2999999981894191,1
135.9,0.5033748730436746,0.4966251269563254,0.39398768894111635,0.6060123110588838,0.2999999981880858,1
136,0.48224620540841656,0.5177537945915834,0.3954303933181046,0.6045696066818955,0.2999999981867527,1
136.1,0.4618253255364903,0.5381746744635098,0.4010419579139143,0.5989580420860857,0.2999999981854194,1
136.2,0.442926349464403,0.557073650535597,0.410598667356985,0.589401332643015,0.29999999818408624,1
136.3,0.42630271972696215,0.5736972802730379,0.4237195258007413,0.5762804741992588,0.29999999818275297,1
136.4,0.4126171679811179,0.5873828320188821,0.4398814460256542,0.5601185539743458,0.2999999981814199,1
136.5,0.40241529398624276,0.5975847060137572,0.45844010327593326,0.5415598967240667,0.29999999818008694,1
136.6,0.39610381426352387,0.6038961857364762,0.4786556224541877,0.5213443775458123,0.2999999981787537,1
136.70000000000002,0.39393434759177565,0.6060656524082244,0.49972207460667045,0.5002779253933296,0.2999999981774204,1
136.8,0.3959933837607855,0.6040066162392145,0.5207996067673243,0.4792003932326757,0.2999999981760874,1
136.9,0.4021988354963406,0.5978011645036594,0.5410479242451396,0.4589520757548604,0.29999999817475415,1
137,0.4123033110208012,0.5876966889791988,0.5596597905216927,0.4403402094783074,0.29999999817342105,1
137.1,0.42590397678256103,0.5740960232174389,0.5758932092236674,0.42410679077633273,0.2999999981720879,1
137.20000000000002,0.44245861715849377,0.5575413828415062,0.5891010051766747,0.4108989948233253,0.2999999981707547,1
137.3,0.4613072508797301,0.5386927491202699,0.5987566252371073,0.4012433747628927,0.29999999816942136,1
137.4,0.4816984424020874,0.5183015575979126,0.6044751303042828,0.39552486969571715,0.2999999981680878,1
137.5,0.5028192592698453,0.49718074073015467,0.6060285416276012,0.3939714583723987,0.2999999981667544,1
137.6,0.523827681167313,0.476172318832687,0.6033549295998767,0.3966450704001233,0.29999999816542117,1
137.70000000000002,0.543886168611578,0.456113831388422,0.5965608826953376,0.40343911730466236,0.299999998164088,1
137.8,0.5621950530085915,0.43780494699140843,0.5859172581235289,0.4140827418764712,0.29999999816275463,1
137.9,0.5780244169164294,0.4219755830835706,0.5718483836071335,0.4281516163928665,0.29999999816142137,1
138,0.5907431935502341,0.40925680644976603,0.5549151407747569,0.4450848592252431,0.299999998160088,1
138.1,0.5998443254234138,0.4001556745765863,0.5357926045804167,0.46420739541958334,0.29999999815875483,1
138.20000000000002,0.6049649791294653,0.39503502087053477,0.5152431301955187,0.48475686980448124,0.29999999815742157,1
138.3,0.6059010103648641,0.39409898963513584,0.4940859603140047,0.5059140396859954,0.29999999815608785,1
138.4,0.6026151025182093,0.3973848974817908,0.4731645645315003,0.5268354354684996,0.2999999981547547,1
138.5,0.5952382543657534,0.4047617456342466,0.4533130128743496,0.5466869871256504,0.29999999815342127,1
138.6,0.5840645575635982,0.41593544243640174,0.4353227240598131,0.564677275940187,0.2999999981520881,1
138.70000000000002,0.5695394721414543,0.43046052785854566,0.4199109141293615,0.5800890858706386,0.29999999815075484,1
138.8,0.5522420674170333,0.4477579325829667,0.4076920033084848,0.5923079966915151,0.29999999814942163,1
138.9,0.5328619363297699,0.4671380636702301,0.39915312101128375,0.6008468789887162,0.29999999814808836,1
139,0.512171703546535,0.4878282964534651,0.39463468552800735,0.6053653144719926,0.29999999814675504,1
139.1,0.49099622335440685,0.5090037766455932,0.3943168326221109,0.6056831673778891,0.29999999814542194,1
139.20000000000002,0.470179695323311,0.5298203046766891,0.3982122340858387,0.6017877659141613,0.29999999814408873,1
139.3,0.45055200873328216,0.549447991266718,0.406165592555858,0.593834407444142,0.2999999981427554,1
139.4,0.43289565750782455,0.5671043424921755,0.417859832729051,0.5821401672709491,0.2999999981414223,1
139.5,0.41791454465056777,0.5820854553494323,0.4328287421542292,0.5671712578457709,0.29999999814008904,1
139.6,0.40620591985388155,0.5937940801461185,0.4504755576512953,0.5495244423487048,0.2999999981387556,1
139.70000000000002,0.3982365690384361,0.6017634309615639,0.47009675637597664,0.5299032436240233,0.2999999981374224,1
139.8,0.39432420507162336,0.6056757949283766,0.49091010305545807,0.509089896944542,0.2999999981360894,1
139.9,0.39462480155817065,0.6053751984418294,0.5120858352401402,0.48791416475985994,0.2999999981347565,1
140,0.39912637466474077,0.6008736253352592,0.5327797433139508,0.4672202566860492,0.29999999813342343,1
140.1,0.40764946087755066,0.5923505391224493,0.5521668264675906,0.44783317353240937,0.29999999813209005,1
140.20000000000002,0.41985427164631806,0.5801457283536819,0.5694741828772717,0.4305258171227283,0.2999999981307569,1
140.3,0.4352542396814622,0.5647457603185377,0.5840118228613165,0.41598817713868347,0.2999999981294235,1
140.4,0.45323541685643715,0.5467645831435628,0.5952001765913046,0.40479982340869547,0.29999999812809036,1
140.5,0.4730809503820476,0.5269190496179523,0.60259319971213,0.39740680028786995,0.29999999812675704,1
140.6,0.4939996614649195,0.5060003385350805,0.6058961557228175,0.3941038442771825,0.2999999981254239,1
140.70000000000002,0.5151575871091992,0.4848424128908008,0.6049773661906881,0.39502263380931196,0.2999999981240904,1
140.8,0.5357112275893877,0.46428877241061234,0.5998734603549198,0.40012653964508016,0.2999999981227572,1
140.9,0.5548411741224897,0.44515882587751043,0.5907879148343742,0.40921208516562574,0.2999999981214242,1
141,0.57178477611031,0.42821522388969,0.5780829416569297,0.42191705834307036,0.29999999812009087,1
141.1,0.5858665456120399,0.4141334543879601,0.5622650480089936,0.4377349519910064,0.2999999981187573,1
141.20000000000002,0.5965250869167587,0.4034749130832414,0.5439648433924084,0.4560351566075916,0.29999999811742406,1
141.3,0.6033354776187806,0.3966645223812194,0.5239118992136822,0.47608810078631786,0.2999999981160906,1
141.4,0.6060262089330037,0.3939737910669963,0.5029056630743838,0.4970943369256163,0.29999999811475725,1
141.5,0.6044900098933458,0.39550999010665416,0.4817835873181548,0.5182164126818453,0.2999999981134239,1
141.6,0.5987881239076361,0.40121187609236386,0.46138774244859115,0.5386122575514088,0.29999999811209066,1
141.70000000000002,0.5891478671762151,0.41085213282378485,0.44253124643566116,0.5574687535643388,0.29999999811075734,1
141.8,0.5759535663123874,0.42404643368761263,0.4259658482682716,0.5740341517317284,0.2999999981094241,1
141.9,0.5597312364532009,0.44026876354679906,0.41235195809444103,0.587648041905559,0.2999999981080909,1
142,0.5411276106959246,0.4588723893040754,0.4022323187528144,0.5977676812471856,0.2999999981067576,1
142.1,0.5208843568904122,0.47911564310958776,0.39601036832846886,0.6039896316715311,0.2999999981054242,1
142.20000000000002,0.49980850968247453,0.5001914903175254,0.3939341563496283,0.6060658436503716,0.29999999810409056,1
142.3,0.478740296589381,0.521259703410619,0.396086454835766,0.603913545164234,0.2999999981027571,1
142.4,0.4585196407803265,0.5414803592196735,0.40238145843840106,0.597618541561599,0.2999999981014237,1
142.5,0.4399526759902952,0.5600473240097049,0.4125682052295603,0.5874317947704398,0.29999999810009037,1
142.6,0.423779608512035,0.5762203914879651,0.4262405817618649,0.5737594182381351,0.29999999809875727,1
142.70000000000002,0.41064520750710104,0.589354792492899,0.4428535135300711,0.557146486469929,0.29999999809742417,1
142.8,0.4010731000941401,0.5989268999058599,0.46174469537145507,0.538255304628545,0.29999999809609057,1
142.9,0.39544489598812765,0.6045551040118724,0.48216099548255686,0.5178390045174431,0.2999999980947574,1
143,0.39398497392531295,0.606015026074687,0.5032884804074604,0.4967115195925396,0.2999999980934243,1
143.1,0.39675153639109817,0.6032484636089019,0.5242848639960798,0.4757151360039202,0.29999999809209105,1
143.20000000000002,0.4036342892706209,0.5963657107293792,0.544313086694886,0.45568691330511407,0.29999999809075806,1
143.3,0.4143588389270512,0.5856411610729487,0.5625746864697229,0.43742531353027714,0.2999999980894249,1
143.4,0.42849763140996483,0.5715023685900351,0.5783416309673319,0.421658369032668,0.2999999980880916,1
143.5,0.44548699768207767,0.5545130023179223,0.5909853418677595,0.4090146581322406,0.2999999980867583,1
143.6,0.46464962532494364,0.5353503746750564,0.6000017543183119,0.3999982456816882,0.299999998085425,1
143.70000000000002,0.4852215608476242,0.5147784391523758,0.6050314124085096,0.3949685875914904,0.2999999980840919,1
143.8,0.5063826661014975,0.4936173338985026,0.6058737995428695,0.39412620045713054,0.2999999980827588,1
143.9,0.5272893146000608,0.47271068539993916,0.6024953324047775,0.3975046675952225,0.29999999808142563,1
144,0.5471080242446418,0.45289197575535817,0.5950306998173388,0.40496930018266114,0.2999999980800923,1
144.1,0.5650486856253789,0.43495131437462103,0.5837774931250485,0.4162225068749515,0.299999998078759,1
144.20000000000002,0.5803960611899733,0.4196039388100266,0.5691843421660204,0.4308156578339796,0.2999999980774257,1
144.3,0.5925382995077607,0.4074617004922394,0.5518330298161214,0.44816697018387863,0.29999999807609257,1
144.4,0.6009913278553765,0.3990086721446236,0.5324152981416924,0.4675847018583076,0.2999999980747592,1
144.5,0.6054181506686046,0.39458184933139534,0.5117052708263552,0.48829472917364475,0.299999998073426,1
144.6,0.6056422844920346,0.39435771550796545,0.49052859130271553,0.5094714086972845,0.2999999980720929,1
144.70000000000002,0.6016547938174823,0.39834520618251773,0.46972950695426136,0.5302704930457387,0.29999999807075933,1
144.8,0.5936146473145022,0.4063853526854978,0.45013721163644865,0.5498627883635514,0.29999999806942595,1
144.9,0.5818423802512015,0.4181576197487986,0.4325327883344457,0.5674672116655542,0.2999999980680927,1
145,0.5668073157646407,0.4331926842353594,0.41761806984944727,0.5823819301505528,0.2999999980667595,1
145.1,0.5491088544284429,0.450891145571557,0.40598765893972766,0.5940123410602723,0.29999999806542627,1
145.20000000000002,0.5294525780435035,0.4705474219564964,0.39810522338511006,0.6018947766148899,0.2999999980640931,1
145.3,0.5086221203182546,0.49137787968174534,0.39428501101582375,0.6057149889841762,0.29999999806275945,1
145.4,0.487447925865691,0.512552074134309,0.3946793216432131,0.6053206783567868,0.29999999806142585,1
145.5,0.46677414299735803,0.533225857002642,0.3992724353468876,0.6007275646531125,0.2999999980600928,1
145.6,0.4474249701941233,0.5525750298058768,0.4078812391783403,0.5921187608216597,0.29999999805875965,1
145.70000000000002,0.430171797913741,0.5698282020862591,0.4201625272963408,0.5798374727036592,0.29999999805742605,1
145.8,0.41570245568764697,0.584297544312353,0.43562668350074063,0.5643733164992594,0.29999999805609256,1
145.9,0.40459379052818556,0.5954062094718144,0.4536572006852499,0.5463427993147502,0.2999999980547592,1
146,0.3972886698586356,0.6027113301413644,0.47353525903020005,0.5264647409698,0.2999999980534261,1
146.1,0.39407832578664176,0.6059216742133583,0.49446838308031155,0.5055316169196884,0.29999999805209315,1
146.20000000000002,0.3950907445991508,0.6049092554008492,0.5156220352402114,0.4843779647597885,0.29999999805076016,1
146.3,0.40028556435305035,0.5997144356469497,0.5361528861547369,0.46384711384526317,0.29999999804942706,1
146.4,0.40945568397846804,0.5905443160215319,0.5552424355889565,0.44475756441104347,0.299999998048094,1
146.5,0.42223551974486234,0.5777644802551376,0.5721296434495233,0.4278703565504767,0.29999999804676064,1
146.6,0.4381155799306549,0.5618844200693451,0.5861412700515143,0.4138587299484857,0.29999999804542765,1
146.70000000000002,0.45646277665032364,0.5435372233496765,0.596718716060065,0.40328128393993495,0.29999999804409455,1
146.8,0.4765456650705077,0.5234543349294922,0.6034402920830289,0.3965597079169712,0.29999999804276156,1
146.9,0.4975636038072294,0.5024363961927706,0.6060380300962771,0.3939619699037229,0.2999999980414282,1
147,0.5186786739712186,0.48132132602878136,0.6044083664831705,0.3955916335168294,0.2999999980400951,1
147.1,0.539049084349734,0.46095091565026597,0.5986162707891274,0.40138372921087273,0.2999999980387617,1
147.20000000000002,0.5578627309656997,0.44213726903430023,0.5888926555908763,0.4111073444091236,0.2999999980374281,1
147.3,0.5743695731004428,0.4256304268995572,0.575625170740733,0.424374829259267,0.29999999803609495,1
147.4,0.5879115350501756,0.4120884649498244,0.5593427489903263,0.4406572510096736,0.29999999803476174,1
147.5,0.5979487415275578,0.4020512584724421,0.5406945191109911,0.45930548088900885,0.29999999803342875,1
147.6,0.6040810407856692,0.39591895921433085,0.520423927178166,0.47957607282183407,0.29999999803209537,1
147.70000000000002,0.6060639574053636,0.3939360425946364,0.49933909772252416,0.500660902277476,0.29999999803076205,1
147.8,0.6038184387587164,0.3961815612412836,0.47828061635520475,0.5217193836447953,0.29999999802942867,1
147.9,0.597434006587825,0.4025659934121751,0.4580880182722072,0.5419119817277928,0.29999999802809535,1
148,0.587165188055461,0.4128348119445389,0.43956631863552204,0.560433681364478,0.2999999980267619,1
148.1,0.5734213685503244,0.42657863144967567,0.42345391915908037,0.5765460808409196,0.29999999802542887,1
148.20000000000002,0.5567504707835264,0.4432495292164736,0.4103931703626599,0.5896068296373401,0.29999999802409566,1
148.3,0.5378171108392262,0.4621828891607738,0.40090476308378464,0.5990952369162155,0.2999999980227624,1
148.4,0.5173761020287417,0.48262389797125826,0.39536697017722383,0.6046330298227761,0.2999999980214294,1
148.5,0.4962423628658577,0.5037576371341422,0.39400056597002353,0.6059994340299765,0.29999999802009625,1
148.6,0.4752584288373914,0.5247415711626087,0.39686002468580484,0.6031399753141953,0.29999999801876304,1
148.70000000000002,0.45526086317219633,0.5447391368278036,0.40383134872937904,0.596168651270621,0.29999999801743,1
148.8,0.4370469057052457,0.5629530942947544,0.41463661341111746,0.5853633865888827,0.2999999980160967,1
148.9,0.4213426894413313,0.5786573105586688,0.428845046927256,0.571154953072744,0.29999999801476346,1
149,0.4087742919236864,0.5912257080763137,0.4458902038722888,0.5541097961277113,0.29999999801343025,1
149.1,0.39984277549810604,0.600157224501894,0.465092547629704,0.534907452370296,0.29999999801209704,1
149.20000000000002,0.39490421153846805,0.605095788461532,0.48568654135241196,0.5143134586475882,0.2999999980107639,1
149.3,0.39415548500474384,0.6058445149952562,0.5068511675009666,0.4931488324990335,0.2999999980094307,1
149.4,0.39762644526097324,0.6023735547390268,0.5277426592219059,0.4722573407780942,0.2999999980080974,1
149.5,0.4051787160753196,0.5948212839246804,0.5475281386694497,0.45247186133055034,0.29999999800676386,1
149.6,0.4165112122437487,0.5834887877562513,0.565418821216825,0.434581178783175,0.2999999980054306,1
149.70000000000002,0.4311721429069539,0.5688278570930461,0.580701461810097,0.419298538189903,0.2999999980040976,1
149.8,0.44857702302616176,0.5514229769738382,0.5927667897976179,0.4072332102023821,0.2999999980027642,1
149.9,0.4680319749571172,0.5319680250428828,0.6011337986281784,0.3988662013718216,0.2999999980014309,1
150,0.4887613911620304,0.5112386088379697,0.6054689220642481,0.39453107793575193,0.29999999800009763,1
150.1,0.5099388552344555,0.4900611447655446,0.6055993324151997,0.39440066758480025,0.2999999979987642,1
150.20000000000002,0.5307200885134206,0.4692799114865794,0.6015198306319258,0.3984801693680741,0.29999999799743077,1
150.3,0.5502766088092761,0.44972339119072385,0.5933930535765178,0.40660694642348216,0.2999999979960975,1
150.4,0.5678287593740812,0.43217124062591883,0.5815429902038203,0.4184570097961797,0.29999999799476446,1
150.5,0.5826767913557113,0.41732320864428885,0.5664420651442408,0.43355793485575916,0.29999999799343124,1
150.6,0.5942287605763328,0.40577123942366716,0.5486923046246066,0.45130769537539345,0.2999999979920978,1
150.70000000000002,0.602024126478722,0.3979758735212779,0.5290013355823671,0.47099866441763294,0.29999999799076466,1
150.8,0.6057521124249109,0.39424788757508916,0.5081541748127177,0.49184582518728226,0.29999999798943133,1
150.9,0.6052640953799964,0.3947359046200037,0.48698193282632257,0.5130180671736774,0.29999999798809796,1
151,0.6005795310435182,0.39942046895648176,0.4663286800960622,0.5336713199039379,0.29999999798676497,1
151.1,0.5918851782121144,0.4081148217878857,0.44701779663098773,0.5529822033690123,0.2999999979854318,1
151.20000000000002,0.5795276532956688,0.42047234670433115,0.42981914641377417,0.5701808535862258,0.29999999798409827,1
151.3,0.5639996118148967,0.4360003881851034,0.41541838535325826,0.5845816146467417,0.299999997982765,1
151.4,0.5459201077804482,0.4540798922195519,0.40438962634714043,0.5956103736528595,0.2999999979814319,1
151.5,0.5260099139631066,0.47399008603689335,0.3971725512125328,0.6028274487874672,0.29999999798009863,1
151.6,0.505062786958023,0.494937213041977,0.3940548819594547,0.6059451180405454,0.29999999797876553,1
151.70000000000002,0.4839138226141945,0.5160861773858054,0.3951609102222848,0.6048390897777153,0.2999999979774325,1
151.8,0.46340616339835083,0.5365938366016492,0.40044654214453806,0.5995534578554619,0.29999999797609905,1
151.9,0.44435738496558475,0.5556426150344154,0.409701056261774,0.590298943738226,0.29999999797476595,1
152,0.4275269019980798,0.5724730980019203,0.42255550430139327,0.5774444956986067,0.2999999979734326,1
152.1,0.4135856927382842,0.5864143072617157,0.43849741998594505,0.5615025800140551,0.2999999979720995,1
152.20000000000002,0.40308954920385137,0.5969104507961487,0.45689124944637444,0.5431087505536256,0.2999999979707662,1
152.3,0.39645691951385814,0.6035430804861418,0.47700368874910964,0.5229963112508904,0.29999999796943294,1
152.4,0.3939522256828333,0.6060477743171667,0.4980329184097422,0.5019670815902578,0.2999999979680994,1
152.5,0.3956753219494985,0.6043246780505016,0.5191405694054977,0.4808594305945023,0.2999999979667663,1
152.6,0.401557513903392,0.598442486096608,0.5394851463024593,0.46051485369754086,0.29999999796543286,1
152.70000000000002,0.4113642971142294,0.5886357028857706,0.5582555750229354,0.4417444249770645,0.29999999796409954,1
152.8,0.4247047060834943,0.5752952939165058,0.5747035378093601,0.4252964621906399,0.29999999796276644,1
152.9,0.4410469008050613,0.5589530991949386,0.5881733062917526,0.4118266937082475,0.2999999979614331,1
153,0.4597393695478669,0.5402606304521331,0.5981278833084881,0.40187211669151185,0.29999999796009985,1
153.1,0.48003690257259424,0.5199630974274059,0.6041704112884815,0.3958295887115186,0.2999999979587664,1
153.20000000000002,0.5011303012922564,0.49886969870774367,0.6060599937101461,0.39394000628985404,0.29999999795743315,1
153.3,0.5221786384662008,0.4778213615337992,0.6037212988854894,0.3962787011145105,0.29999999795609966,1
153.4,0.5423427833154051,0.45765721668459486,0.5972475631967821,0.4027524368032179,0.2999999979547664,1
153.5,0.560818855018518,0.43918114498148203,0.5868968740562281,0.41310312594377185,0.2999999979534332,1
153.6,0.5768702709033278,0.4231297290966722,0.573081880775309,0.426918119224691,0.29999999795209975,1
153.70000000000002,0.5898571116734039,0.41014288832659607,0.5563533435389675,0.4436466564610325,0.29999999795076626,1
153.8,0.599261632970995,0.4007383670290051,0.5373781763351154,0.4626218236648847,0.29999999794943316,1
153.9,0.6047089062106787,0.3952910937893213,0.5169128591985737,0.4830871408014264,0.29999999794809984,1
154,0.6059817657988671,0.3940182342011329,0.49577327973937496,0.504226720260625,0.2999999979467666,1
154.1,0.6030294668406919,0.396970533159308,0.4748022062785198,0.5251977937214802,0.29999999794543347,1
154.20000000000002,0.5959697081788218,0.4040302918211783,0.45483568933461616,0.545164310665384,0.2999999979441002,1
154.3,0.585083940112036,0.41491605988796404,0.4366697309281019,0.5633302690718981,0.29999999794276716,1
154.4,0.5708061438600086,0.4291938561399915,0.42102855049270443,0.5789714495072956,0.2999999979414342,1
154.5,0.5537055301016313,0.44629446989836885,0.40853571253210164,0.5914642874678984,0.29999999794010085,1
154.6,0.5344638463415536,0.4655361536584463,0.399689267070999,0.6003107329290011,0.2999999979387679,1
154.70000000000002,0.5138481977886228,0.4861518022113772,0.39484189397238667,0.6051581060276133,0.2999999979374344,1
154.8,0.49268046529202747,0.5073195347079726,0.3941868427043859,0.6058131572956141,0.2999999979361012,1
154.9,0.471804539545523,0.528195460454477,0.3977502280938113,0.6022497719061888,0.299999997934768,1
155,0.4520526778286113,0.5479473221713888,0.40538998921043995,0.5946100107895601,0.2999999979334349,1
155.1,0.43421232453523556,0.5657876754647645,0.41680155288798687,0.5831984471120132,0.29999999793210164,1
155.20000000000002,0.4189947182508022,0.5810052817491977,0.43152997609507715,0.568470023904923,0.29999999793076837,1
155.3,0.40700653691429983,0.5929934630857001,0.4489880830782048,0.5510119169217952,0.29999999792943477,1
155.4,0.39872571148342,0.60127428851658,0.46847987420602316,0.5315201257939768,0.2999999979281015,1
155.5,0.39448237233552447,0.6055176276644756,0.4892282732782204,0.5107717267217796,0.29999999792676796,1
155.6,0.39444568801132235,0.6055543119886777,0.5104061071013382,0.4895938928986618,0.299999997925435,1
155.70000000000002,0.3986171209990144,0.6013828790009856,0.5311690822736115,0.4688309177263885,0.29999999792410204,1
155.8,0.40683036942950485,0.5931696305704952,0.5506894444984861,0.449310555501514,0.29999999792276866,1
155.9,0.4187579970071096,0.5812420029928905,0.5681889785362036,0.43181102146379635,0.29999999792143556,1
156,0.43392448686134777,0.5660755131386522,0.5829700331895284,0.4170299668104715,0.2999999979201021,1
156.1,0.45172519890393803,0.5482748010960621,0.5944433344553405,0.40555666554465947,0.2999999979187688,1
156.20000000000002,0.4714504749210029,0.5285495250789971,0.6021514780195147,0.39784852198048537,0.2999999979174357,1
156.3,0.49231393040652627,0.5076860695934738,0.6057871645234523,0.3942128354765477,0.2999999979161025,1
156.4,0.5134838052309453,0.48651619476905483,0.6052054506197356,0.3947945493802643,0.2999999979147694,1
156.5,0.534116123292657,0.465883876707343,0.6004295274059772,0.3995704725940228,0.299999997913436,1
156.6,0.5533883391817803,0.44661166081821974,0.5916497958689427,0.4083502041310572,0.2999999979121026,1
156.70000000000002,0.5705321304698671,0.42946786953013305,0.5792162761980728,0.42078372380192713,0.29999999791076937,1
156.8,0.5848640283004611,0.415135971699539,0.5636246535851178,0.4363753464148822,0.29999999790943604,1
156.9,0.5958126651355216,0.4041873348644784,0.5454965168198194,0.45450348318018063,0.29999999790810267,1
157,0.6029415533760483,0.39705844662395184,0.5255545775064651,0.47444542249353494,0.2999999979067695,1
157.1,0.6059664867451892,0.3940335132548108,0.5045938578329496,0.4954061421670503,0.29999999790543613,1
157.20000000000002,0.6047668706956036,0.3952331293043963,0.483449995545065,0.516550004454935,0.29999999790410276,1
157.3,0.5993905301334916,0.40060946986650847,0.46296592970667116,0.5370340702933288,0.2999999979027696,1
157.4,0.5900518027905071,0.4099481972094929,0.44395829537935755,0.5560417046206425,0.2999999979014363,1
157.5,0.577122994254801,0.4228770057451991,0.4271848669596651,0.5728151330403348,0.29999999790010295,1
157.6,0.5611195353221371,0.43888046467786285,0.41331434810527307,0.586685651894727,0.29999999789876997,1
157.70000000000002,0.5426794333966548,0.45732056660334514,0.4028997126304548,0.5971002873695451,0.2999999978974366,1
157.8,0.5225378371490813,0.47746216285091875,0.39635615918517275,0.6036438408148272,0.29999999789610343,1
157.9,0.5014977284592025,0.49850227154079746,0.39394455859518435,0.6060554414048156,0.29999999789477044,1
158,0.48039791006235677,0.5196020899376432,0.3957610537654742,0.6042389462345258,0.2999999978934375,1
158.1,0.46007956513146026,0.5399204348685398,0.4017332267660401,0.5982667732339599,0.29999999789210435,1
158.20000000000002,0.4413527219584997,0.5586472780415003,0.41162298590622787,0.5883770140937721,0.2999999978907711,1
158.3,0.42496396068280873,0.5750360393171914,0.4250360576990729,0.5749639423009272,0.29999999788943754,1
158.4,0.41156664949696203,0.588433350503038,0.44143770530098175,0.5585622946990183,0.29999999788810444,1
158.5,0.4016948969188309,0.598305103081169,0.4601740467821725,0.5398259532178276,0.29999999788677145,1
158.6,0.3957422585705099,0.6042577414294901,0.4804981233357024,0.5195018766642976,0.2999999978854385,1
158.70000000000002,0.39394604735764366,0.6060539526423564,0.5015996781678572,0.4984003218321428,0.29999999788410514,1
158.8,0.3963778725527891,0.603622127447211,0.5226374588795181,0.47736254112048193,0.299999997882772,1
158.9,0.4029407849597045,0.5970592150402956,0.5427727555445001,0.4572272444554999,0.29999999788143866,1
159,0.4133731419718536,0.5866268580281465,0.5612028374275185,0.43879716257248147,0.2999999978801054,1
159.1,0.4272590384374408,0.5727409615625592,0.5771929553253545,0.4228070446746454,0.29999999787877196,1
159.20000000000002,0.4440448874853065,0.5559551125146934,0.5901056336988753,0.4098943663011247,0.29999999787743853,1
159.3,0.46306149028647753,0.5369385097135224,0.599426084811039,0.400573915188961,0.29999999787610543,1
159.4,0.4835507148996297,0.5164492851003702,0.6047827316894089,0.3952172683105912,0.29999999787477216,1
159.5,0.5046957205990851,0.495304279400915,0.6059620217274247,0.3940379782725752,0.29999999787343884,1
159.6,0.5256535227367686,0.4743464772632314,0.6029169403528982,0.39708305964710183,0.2999999978721054,1
159.70000000000002,0.5455885998798454,0.4544114001201545,0.595768885350636,0.404231114649364,0.2999999978707721,1
159.8,0.5637062034135195,0.43629379658648043,0.5848028271158644,0.4151971728841356,0.2999999978694389,1
159.9,0.5792840416602463,0.4207159583397538,0.570455947783876,0.4295440522161241,0.29999999786810555,1
160,0.5917010753695156,0.40829892463048456,0.5533002121579489,0.44669978784205105,0.29999999786677234,1
160.1,0.6004622765929002,0.39953772340709975,0.5340195652776389,0.46598043472236106,0.29999999786543896,1
160.20000000000002,0.6052183638861556,0.3947816361138444,0.5133826656884372,0.48661733431156284,0.2999999978641056,1
160.3,0.6057797270581411,0.39422027294185885,0.4922122414512848,0.5077877585487152,0.29999999786277226,1
160.4,0.6021239863307707,0.39787601366922926,0.4713522905711382,0.5286477094288617,0.29999999786143916,1
160.5,0.5943968845501371,0.405603115449863,0.4516344334599908,0.5483655665400091,0.299999997860106,1
160.6,0.5829064768791703,0.41709352312082965,0.4338447588554652,0.5661552411445347,0.2999999978587727,1
160.70000000000002,0.5681108496104481,0.4318891503895519,0.4186924849435743,0.5813075150564256,0.2999999978574395,1
160.8,0.5505998577113316,0.44940014228866837,0.40678168506778856,0.5932183149322114,0.2999999978561061,1
160.9,0.5310716091678741,0.4689283908321259,0.39858720523116004,0.6014127947688399,0.2999999978547729,1
161,0.5103046336224972,0.48969536637750277,0.3944357334846963,0.6055642665153038,0.2999999978534398,1
161.1,0.4891268448540213,0.5108731551459786,0.3944927759057255,0.6055072240942746,0.2999999978521065,1
161.20000000000002,0.4683825344680248,0.5316174655319752,0.3987560583928977,0.6012439416071023,0.299999997850773,1
161.3,0.44889871265493503,0.5511012873450649,0.4070556173274302,0.5929443826725698,0.2999999978494398,1
161.4,0.4314521379036061,0.5685478620963939,0.4190605754862209,0.5809394245137792,0.2999999978481065,1
161.5,0.41673835009165355,0.5832616499083464,0.4342923330725559,0.5657076669274442,0.2999999978467731,1
161.6,0.40534394150551184,0.5946560584944882,0.4521436479796463,0.5478563520203538,0.2999999978454398,1
161.70000000000002,0.397723171257136,0.6022768287428639,0.47190284461709914,0.5280971553829008,0.2999999978441066,1
161.8,0.39417985540675554,0.6058201445932445,0.49278218617081,0.50721781382919,0.29999999784277354,1
161.9,0.39485525477533306,0.6051447452246669,0.5139492791838105,0.48605072081618944,0.29999999784144005,1
162,0.3997224433214235,0.6002775566785766,0.5345602584565406,0.46543974154345935,0.299999997840107,1
162.1,0.40858738159747493,0.5914126184025251,0.553793429289295,0.4462065707107051,0.2999999978387739,1
162.20000000000002,0.421096652490257,0.5789033475097429,0.5708820258568051,0.4291179741431949,0.29999999783744064,1
162.3,0.4367515508458567,0.5632484491541433,0.585144779741942,0.414855220258058,0.2999999978361076,1
162.4,0.45492796527035795,0.545072034729642,0.5960130799575664,0.4039869200424337,0.2999999978347745,1
162.5,0.47490125948155504,0.5250987405184451,0.6030536416721691,0.3969463583278308,0.29999999783344095,1
162.6,0.49587516127072556,0.5041248387292744,0.6059857799087479,0.3940142200912521,0.2999999978321076,1
162.70000000000002,0.517013507362727,0.482986492637273,0.6046925995690552,0.3953074004309448,0.2999999978307747,1
162.8,0.5374735786070212,0.46252642139297884,0.599225655672268,0.40077434432773196,0.29999999782944126,1
162.9,0.5564396965307639,0.44356030346923625,0.5898028980190696,0.4101971019809305,0.2999999978281082,1
163,0.5731557418654075,0.42684425813459254,0.5767999822208966,0.4232000177791035,0.29999999782677544,1
163.1,0.5869552986357851,0.4130447013642149,0.5607352934962004,0.4392647065037996,0.29999999782544234,1
163.20000000000002,0.5972882220619717,0.4027117779380283,0.5422492802877005,0.45775071971229947,0.2999999978241093,1
163.3,0.6037425710955179,0.3962574289044821,0.5220789216040915,0.4779210783959086,0.299999997822776,1
163.4,0.6060610312090519,0.3939389687909481,0.5010283459927157,0.49897165400728427,0.2999999978214428,1
163.5,0.6041511727144537,0.3958488272855462,0.47993677347204006,0.52006322652796,0.2999999978201095,1
163.6,0.5980891356428311,0.4019108643571689,0.45964505847792003,0.54035494152208,0.2999999978187761,1
163.70000000000002,0.5881165942817591,0.411883405718241,0.44096216765080115,0.5590378323491988,0.2999999978174432,1
163.8,0.5746311223841057,0.4253688776158942,0.4246329288886924,0.5753670711113076,0.29999999781611025,1
163.9,0.5581703431571634,0.44182965684283665,0.41130833740939277,0.5886916625906073,0.299999997814777,1
164,0.5393904959219972,0.46060950407800283,0.401519602625561,0.598480397374439,0.29999999781344383,1
164.1,0.5190402739226659,0.48095972607733417,0.3956569705018197,0.6043430294981803,0.29999999781211034,1
164.20000000000002,0.49793097628929817,0.5020690237107018,0.39395416567967967,0.6060458343203203,0.299999997810777,1
164.3,0.4769041641020624,0.5230958358979377,0.3964790736136707,0.6035209263863293,0.29999999780944364,1
164.4,0.4567981100066885,0.5432018899933115,0.40313103419250257,0.5968689658074974,0.29999999780811054,1
164.5,0.43841437892949464,0.5615856210705054,0.41364485474004214,0.5863551452599579,0.29999999780677733,1
164.6,0.4224858722133442,0.5775141277866558,0.4276013824104195,0.5723986175895805,0.2999999978054443,1
164.70000000000002,0.4096476091539883,0.5903523908460117,0.44444421448923727,0.5555557855107627,0.299999997804111,1
164.8,0.4004114107847319,0.5995885892152681,0.46350188041390467,0.5364981195860953,0.2999999978027777,1
164.9,0.3951454951870354,0.6048545048129645,0.48401461118595057,0.5159853888140494,0.2999999978014446,1
165,0.3940597977976275,0.6059402022023724,0.5051646289633225,0.4948353710366775,0.2999999978001114,1
165.1,0.39719760194515524,0.6028023980548448,0.526108749282216,0.4738912507177841,0.2999999977987782,1
165.20000000000002,0.40443381328046557,0.5955661867195344,0.5460119961607347,0.45398800383926524,0.29999999779744513,1
165.3,0.4154799468935367,0.5845200531064633,0.564080889956281,0.4359191100437189,0.2999999977961117,1
165.4,0.4298956282964442,0.5701043717035558,0.579595080894852,0.42040491910514793,0.29999999779477804,1
165.5,0.44710614976446705,0.552893850235533,0.5919360671432566,0.4080639328567434,0.299999997793445,1
165.6,0.4664253821194178,0.5335746178805821,0.6006118525253424,0.3993881474746575,0.29999999779211156,1
165.70000000000002,0.4870831285346993,0.5129168714653007,0.6052765608569033,0.3947234391430968,0.299999997790778,1
165.8,0.508255829852203,0.4917441701477971,0.6057442249376288,0.39425577506237125,0.29999999778944475,1
165.9,0.5290993972869648,0.47090060271303524,0.6019962004765067,0.39800379952349324,0.29999999778811154,1
166,0.5487828635832565,0.45121713641674366,0.5941819093808667,0.4058180906191334,0.29999999778677844,1
166.1,0.5665215110567136,0.43347848894328656,0.582612882776477,0.41738711722352306,0.29999999778544517,1
166.20000000000002,0.5816081558120082,0.4183918441879918,0.5677503412446858,0.4322496587553141,0.2999999977841118,1
166.3,0.593441340933032,0.40655865906696803,0.550186807413356,0.44981319258664404,0.2999999977827787,1
166.4,0.6015493146720694,0.39845068532793065,0.5306224839495665,0.4693775160504335,0.2999999977814456,1
166.5,0.6056088377032289,0.394391162296771,0.5098373386889675,0.4901626613110326,0.29999999778011216,1
166.6,0.605458069654291,0.39454193034570906,0.48866000977958535,0.5113399902204147,0.29999999777877856,1
166.70000000000002,0.6011030211716121,0.39889697882838787,0.46793477049386756,0.5320652295061324,0.2999999977774452,1
166.8,0.5927173142946216,0.4072826857053784,0.4484878707176578,0.5515121292823422,0.2999999977761117,1
166.9,0.5806352606930227,0.4193647393069772,0.43109459697471736,0.5689054030252827,0.2999999977747783,1
167,0.5653385337155371,0.43466146628446284,0.416448364199664,0.5835516358003361,0.299999997773445,1
167.1,0.547436965593549,0.4525630344064509,0.40513307147280025,0.5948669285271998,0.29999999777211184,1
167.20000000000002,0.5276442353545406,0.4723557646454594,0.39759982380644476,0.6024001761935552,0.2999999977707785,1
167.3,0.5067494166914854,0.4932505833085146,0.3941489480116844,0.6058510519883156,0.29999999776944525,1
167.4,0.4855855200848587,0.5144144799151413,0.39491801961618545,0.6050819803838146,0.299999997768112,1
167.5,0.4649962833035853,0.5350037166964147,0.3998763781620664,0.6001236218379336,0.2999999977667785,1
167.6,0.44580253424285077,0.5541974657571492,0.408826349541597,0.591173650458403,0.29999999776544545,1
167.70000000000002,0.42876946710627967,0.5712305328937203,0.42141112664005775,0.5785888733599422,0.2999999977641121,1
167.8,0.41457613652782876,0.5854238634721712,0.4371289941093966,0.5628710058906033,0.29999999776277914,1
167.9,0.403788385806485,0.5962116141935151,0.4553533301758504,0.5446466698241497,0.29999999776144554,1
168,0.3968362885196168,0.6031637114803833,0.47535758807257916,0.5246424119274208,0.29999999776011266,1
168.1,0.3939970028466685,0.6060029971533315,0.49634426116643376,0.5036557388335662,0.29999999775877934,1
168.20000000000002,0.3953837221471986,0.6046162778528014,0.5174766770306571,0.4825233229693428,0.2999999977574459,1
168.3,0.40094116229885035,0.5990588377011496,0.5379123529341786,0.4620876470658215,0.2999999977561123,1
168.4,0.4104477657008465,0.5895522342991535,0.556836582969404,0.44316341703059614,0.29999999775477887,1
168.5,0.42352453407634516,0.576475465923655,0.5734949178057118,0.4265050821942883,0.2999999977534457,1
168.6,0.4396501379376999,0.5603498620623002,0.5872232422033817,0.4127767577966183,0.29999999775211256,1
168.70000000000002,0.4581817003479284,0.5418182996520717,0.5974742511923944,0.40252574880760567,0.29999999775077935,1
168.8,0.47838042639540673,0.5216195736045933,0.6038392693944061,0.39616073060559387,0.29999999774944636,1
168.9,0.49944105661551674,0.5005589433844833,0.6060645436203892,0.39393545637961086,0.29999999774811326,1
169,0.520523970144272,0.4794760298557281,0.6040613592094853,0.3959386407905147,0.29999999774678,1
169.1,0.5407886577524986,0.4592113422475014,0.5979095768025684,0.40209042319743166,0.29999999774544667,1
169.20000000000002,0.5594272302963342,0.4405727697036657,0.5878544485505143,0.4121455514494858,0.2999999977441134,1
169.3,0.5756966267078654,0.4243033732921346,0.5742968406849079,0.4257031593150921,0.29999999774278013,1
169.4,0.5889482374949612,0.41105176250503883,0.5577772522464377,0.44222274775356224,0.29999999774144676,1
169.5,0.5986537627548489,0.401346237245151,0.5389542670938431,0.46104573290615686,0.29999999774011327,1
169.6,0.6044262738240349,0.39557372617596515,0.5185782982438164,0.4814217017561836,0.29999999773878006,1
169.70000000000002,0.6060356389030499,0.39396436109695016,0.4974616712721716,0.5025383287278283,0.2999999977374467,1
169.8,0.6034176976850467,0.39658230231495334,0.47644623945666426,0.5235537605433358,0.2999999977361135,1
169.9,0.5966768192247556,0.4033231807752445,0.4563698217435173,0.5436301782564826,0.2999999977347802,1
170,0.5860817410736375,0.41391825892636247,0.43803280155001567,0.5619671984499844,0.29999999773344693,1
170.1,0.572054855561785,0.427945144438215,0.42216621800349924,0.5778337819965008,0.29999999773211344,1
170.20000000000002,0.5551553703487009,0.4448446296512991,0.40940262171836217,0.5905973782816378,0.29999999773078045,1
170.3,0.5360570145786533,0.4639429854213467,0.4002508569992538,0.5997491430007463,0.2999999977294473,1
170.4,0.5155211794258402,0.4844788205741599,0.39507577582445785,0.6049242241755421,0.299999997728114,1
170.5,0.4943665638310624,0.5056334361689375,0.39408369234891616,0.605916307651084,0.29999999772678065,1
170.6,0.4734365355585948,0.5265634644414052,0.39731415780995544,0.6026858421900445,0.29999999772544705,1
170.70000000000002,0.4535655087849135,0.5464344912150865,0.40463838374427274,0.5953616162557274,0.2999999977241139,1
170.8,0.43554567863871624,0.5644543213612838,0.4157643763775391,0.584235623622461,0.2999999977227806,1
170.9,0.4200954388811409,0.5799045611188591,0.4302485774947132,0.5697514225052869,0.299999997721447,1
171,0.40783074181360857,0.5921692581863914,0.4475135477063001,0.5524864522936999,0.29999999772011354,1
171.1,0.3992405422033822,0.6007594577966178,0.4668709871345354,0.5331290128654645,0.2999999977187803,1
171.20000000000002,0.39466730420003476,0.6053326957999653,0.48754917575738355,0.5124508242426165,0.2999999977174473,1
171.3,0.3942933483705517,0.6057066516294483,0.5087237394504318,0.4912762605495682,0.29999999771611413,1
171.4,0.39813358315369174,0.6018664168463083,0.5295505151816806,0.47044948481831933,0.299999997714781,1
171.5,0.4060349105075828,0.5939650894924173,0.5491992051276299,0.45080079487237024,0.29999999771344776,1
171.6,0.4176823294455077,0.5823176705544924,0.5668864780272566,0.4331135219727435,0.29999999771211466,1
171.70000000000002,0.43261149413117034,0.5673885058688297,0.5819071981273644,0.41809280187263564,0.2999999977107815,1
171.8,0.4502272258818117,0.5497727741181884,0.593662536719803,0.40633746328019715,0.29999999770944835,1
171.9,0.4698272410640355,0.5301727589359645,0.6016838455522843,0.3983161544477157,0.2999999977081151,1
172,0.49063014892601325,0.5093698510739868,0.6056513403552456,0.3943486596447544,0.2999999977067818,1
172.1,0.5118066031808567,0.48819339681914337,0.6054068496315036,0.3945931503684964,0.29999999770544833,1
172.20000000000002,0.5325123654258348,0.46748763457416515,0.6009601204546904,0.39903987954530956,0.2999999977041149,1
172.3,0.5519219622632531,0.44807803773674687,0.5924884298841857,0.4075115701158143,0.2999999977027815,1
172.4,0.5692615943197997,0.4307384056802002,0.5803295174882068,0.41967048251179323,0.29999999770144853,1
172.5,0.5838399851856119,0.41616001481438825,0.5649681207330568,0.43503187926694314,0.2999999977001154,1
172.6,0.5950759404232137,0.40492405957678634,0.5470166500300713,0.4529833499699287,0.29999999769878233,1
172.70000000000002,0.6025215179556112,0.3974784820443888,0.5271907738651548,0.47280922613484533,0.29999999769744917,1
172.8,0.6058798861032901,0.39412011389670987,0.5062808873547449,0.4937191126452551,0.2999999976961158,1
172.9,0.6050171573265388,0.3949828426734611,0.4851206016868399,0.5148793983131601,0.2999999976947824,1
173,0.5999677258991343,0.40003227410086567,0.4645535106736331,0.5354464893263668,0.29999999769344915,1
173.1,0.5909328967171862,0.4090671032828139,0.44539955932842434,0.5546004406715758,0.299999997692116,1
173.20000000000002,0.5782728599082031,0.42172714009179696,0.42842235524551314,0.5715776447544868,0.29999999769078267,1
173.3,0.5624923311873917,0.4375076688126082,0.41429872597519884,0.5857012740248012,0.29999999768944957,1
173.4,0.5442204304348658,0.4557795695651342,0.4035917360452751,0.596408263954725,0.2999999976881163,1
173.5,0.5241856006713945,0.4758143993286054,0.3967282393552208,0.6032717606447793,0.29999999768678315,1
173.6,0.5031865673339758,0.4968134326660241,0.39398186185828976,0.6060181381417103,0.2999999976854497,1
173.70000000000002,0.4820604956132708,0.5179395043867292,0.395462092958261,0.604537907041739,0.29999999768411656,1
173.8,0.46164961531936904,0.5383503846806309,0.4011099205124379,0.5988900794875622,0.2999999976827831,1
173.9,0.44276764383715883,0.5572323561628413,0.4107001834595479,0.589299816540452,0.29999999768144947,1
174,0.4261673457821116,0.5738326542178884,0.4238505482806973,0.5761494517193028,0.2999999976801159,1
174.1,0.41251052265063043,0.5874894773493696,0.4400367514302066,0.5599632485697934,0.29999999767878244,1
174.20000000000002,0.40234162888289454,0.5976583711171054,0.4586135000687132,0.5413864999312868,0.2999999976774493,1
174.3,0.39606606618251367,0.6039339338174864,0.47884019785227033,0.5211598021477296,0.29999999767611596,1
174.4,0.3939340214299679,0.6060659785700321,0.4999104701714152,0.5000895298285848,0.2999999976747828,1
174.5,0.396030492521222,0.603969507478778,0.5209843117621015,0.47901568823789864,0.2999999976734498,1
174.6,0.40227189976984984,0.5977281002301502,0.5412215750646971,0.45877842493530296,0.2999999976721165,1
174.70000000000002,0.41240941796537345,0.5875905820346267,0.5598154642558602,0.4401845357441398,0.29999999767078317,1
174.8,0.42603889624916697,0.573961103750833,0.5760246996519371,0.4239753003480628,0.29999999766944985,1
174.9,0.44261697033377695,0.5573830296662231,0.589203070190628,0.410796929809372,0.2999999976681166,1
175,0.4614827247223208,0.5385172752776792,0.5988251958267335,0.4011748041732664,0.2999999976667834,1
175.1,0.48188404132363954,0.5181159586763604,0.6045074727765682,0.39549252722343176,0.29999999766545,1
175.20000000000002,0.5030075840270678,0.49699241597293226,0.6060233665902421,0.3939766334097579,0.2999999976641165,1
175.3,0.5240112238464484,0.4759887761535517,0.6033124433652814,0.3966875566347185,0.29999999766278324,1
175.4,0.5440576119452308,0.4559423880547691,0.5964827790556024,0.4035172209443976,0.29999999766144986,1
175.5,0.5623475620920884,0.4376524379079116,0.5858066508242916,0.4141933491757083,0.29999999766011637,1
175.6,0.5781519116938978,0.42184808830610226,0.5717096822123618,0.4282903177876381,0.29999999765878294,1
175.70000000000002,0.590840591207243,0.409159408792757,0.5547538748713485,0.4452461251286516,0.29999999765744956,1
175.8,0.5999077430227451,0.4000922569772549,0.5356152033310193,0.46438479666898064,0.29999999765611624,1
175.9,0.6049918884115665,0.3950081115884335,0.5150566660281054,0.4849433339718947,0.299999997654783,1
176,0.6058903385415784,0.3941096614584217,0.4938978669664885,0.5061021330335115,0.2999999976534499,1
176.1,0.6025672750414529,0.3974327249585471,0.472982340692064,0.527017659307936,0.29999999765211666,1
176.20000000000002,0.5951551779660917,0.40484482203390826,0.4531439232324115,0.5468560767675886,0.2999999976507833,1
176.3,0.5839495442349145,0.4160504557650855,0.43517350968578605,0.564826490314214,0.2999999976494499,1
176.4,0.5693971071022058,0.4306028928977942,0.41978752372944883,0.5802124762705512,0.29999999764811675,1
176.5,0.552078026312061,0.4479219736879389,0.4075993560685369,0.5924006439314631,0.2999999976467833,1
176.6,0.5326827589602503,0.46731724103974975,0.3990949104843817,0.6009050895156183,0.2999999976454501,1
176.70000000000002,0.5119845331487448,0.48801546685125513,0.3946132323841584,0.6053867676158416,0.29999999764411694,1
176.8,0.49080852182143614,0.5091914781785638,0.3943329921304585,0.6056670078695414,0.29999999764278334,1
176.9,0.4699989457229329,0.5300010542770671,0.39826536201778073,0.6017346379822194,0.29999999764144997,1
177,0.45038541698165613,0.549614583018344,0.40625357086840796,0.593746429131592,0.29999999764011664,1
177.1,0.4327498650923594,0.5672501349076406,0.4179791540045282,0.5820208459954719,0.29999999763878366,1
177.20000000000002,0.4177953638547778,0.5822046361452222,0.43297464942993286,0.5670253505700672,0.2999999976374504,1
177.3,0.4061181020399854,0.5938818979600147,0.4506422340645953,0.5493577659354048,0.29999999763611734,1
177.4,0.39818361522553897,0.601816384774461,0.47027755706427016,0.5297224429357299,0.2999999976347842,1
177.5,0.3943082263611343,0.6056917736388657,0.49109782006587127,0.5089021799341287,0.29999999763345114,1
177.6,0.3946464349708511,0.6053535650291488,0.5122729848878632,0.48772701511213673,0.29999999763211754,1
177.70000000000002,0.39918475774469736,0.6008152422553026,0.5329588645331337,0.4670411354668663,0.29999999763078417,1
177.8,0.4077422660756298,0.5922577339243702,0.5523307782604933,0.4476692217395068,0.2999999976294506,1
177.9,0.41997779911214556,0.5800222008878545,0.5696164290033083,0.4303835709966918,0.2999999976281173,1
178,0.4354035647648017,0.5645964352351983,0.5841266924163411,0.41587330758365904,0.29999999762678425,1
178.1,0.4534045864374542,0.5465954135625458,0.5952830900886623,0.40471690991133763,0.29999999762545093,1
178.20000000000002,0.4732632202034103,0.5267367797965897,0.6026408516523392,0.39735914834766084,0.29999999762411766,1
178.3,0.49418776500405476,0.5058122349959452,0.6059066463734016,0.3940933536265983,0.29999999762278456,1
178.4,0.5153440252716168,0.4846559747283832,0.604950277322515,0.39504972267748495,0.2999999976214511,1
178.5,0.5358885676739116,0.4641114323260885,0.5998098719156774,0.4001901280843227,0.2999999976201179,1
178.6,0.5550023461395975,0.4449976538604024,0.5906903618944634,0.4093096381055365,0.2999999976187847,1
178.70000000000002,0.5719233546403051,0.428076645359695,0.5779553133442088,0.42204468665579115,0.29999999761745166,1
178.8,0.5859770059662559,0.41402299403374404,0.5621124324615231,0.4378875675384769,0.29999999761611834,1
178.9,0.5966030253894629,0.40339697461053725,0.5437933249104436,0.4562066750895564,0.299999997614785,1
179,0.6033777870490239,0.3966222129509762,0.5237283156978231,0.47627168430217687,0.2999999976134517,1
179.1,0.6060312025773221,0.3939687974226778,0.5027173334200571,0.4972826665799429,0.2999999976121185,1
179.20000000000002,0.6044574886708995,0.39554251132910045,0.48159801963434995,0.51840198036565,0.299999997610785,1
179.3,0.5987193843369344,0.40128061566306555,0.4612123347332492,0.5387876652667509,0.2999999976094518,1
179.4,0.5890456496870146,0.41095435031298544,0.4423729916408429,0.5576270083591571,0.2999999976081184,1
179.5,0.5758219459934059,0.42417805400659414,0.4258310555132276,0.5741689444867724,0.29999999760678503,1
179.6,0.5595754605911905,0.4404245394088095,0.4122460011409374,0.5877539988590625,0.29999999760545126,1
179.70000000000002,0.5409538895829084,0.45904611041709165,0.4021594217702093,0.5978405782297908,0.29999999760411794,1
179.8,0.5206996162389392,0.4793003837610608,0.39597343748941094,0.6040265625105891,0.2999999976027846,1
179.9,0.49962011451931654,0.5003798854806835,0.3939346639701245,0.6060653360298754,0.29999999760145113,1
180,0.4785557576351579,0.5214442423648422,0.3961243806785887,0.6038756193214113,0.29999999760011803,1
180.1,0.458346315020777,0.541653684979223,0.40245529051988266,0.5975447094801173,0.2999999975987845,1
180.20000000000002,0.43979747337647307,0.560202526623527,0.4126750000976102,0.5873249999023898,0.2999999975974514,1
180.3,0.4236487164823667,0.5763512835176333,0.42637608184211584,0.5736239181578843,0.2999999975961181,1
180.4,0.4105438443137417,0.5894561556862583,0.44301231686193265,0.5569876831380673,0.29999999759478463,1
180.5,0.4010053067677278,0.5989946932322723,0.46192047096723554,0.5380795290327646,0.29999999759345125,1
180.6,0.39541337523464465,0.6045866247653554,0.48234673572396286,0.5176532642760371,0.2999999975921181,1
180.70000000000002,0.3939909823777275,0.6060090176222725,0.5034767804172241,0.4965232195827759,0.29999999759078505,1
180.8,0.39679483451137354,0.6032051654886265,0.5244682168470468,0.47553178315295314,0.29999999758945173,1
180.9,0.4037131508993413,0.5962868491006588,0.5444841826875111,0.4555158173124889,0.29999999758811846,1
181,0.4144701200999497,0.5855298799000502,0.5627267045467231,0.437273295453277,0.29999999758678547,1
181.1,0.4286368956978575,0.5713631043021425,0.5784685106477143,0.4215314893522856,0.29999999758545237,1
181.20000000000002,0.44564869305729465,0.5543513069427053,0.5910820248590729,0.4089179751409272,0.2999999975841191,1
181.3,0.46482730550315127,0.5351726944968487,0.6000643861748038,0.39993561382519616,0.2999999975827856,1
181.4,0.48540814228083834,0.5145918577191616,0.605057496195715,0.3949425038042849,0.2999999975814525,1
181.5,0.5065707103767872,0.4934292896232128,0.6058622953825077,0.39413770461749226,0.2999999975801191,1
181.6,0.5274713249855985,0.4725286750144016,0.6024466989314179,0.3975533010685821,0.29999999757878587,1
181.70000000000002,0.5472767445607423,0.45272325543925773,0.5949468758940876,0.4050531241059124,0.2999999975774526,1
181.8,0.5651973895254849,0.4348026104745152,0.5836618205471954,0.4163381794528046,0.29999999757611906,1
181.9,0.5805188203188658,0.41948117968113413,0.5690414324342067,0.4309585675657934,0.2999999975747856,1
182,0.592630219846373,0.4073697801536271,0.5516685802903615,0.44833141970963847,0.2999999975734522,1
182.1,0.6010487448298896,0.3989512551701105,0.5322358649056109,0.4677641350943891,0.29999999757211904,1
182.20000000000002,0.605438775245441,0.39456122475455907,0.5115180073168214,0.48848199268317855,0.2999999975707862,1
182.3,0.6056252944344026,0.3943747055655974,0.49034096312489056,0.5096590368751095,0.2999999975694529,1
182.4,0.6016008664653634,0.39839913353463663,0.4695489942514801,0.53045100574852,0.2999999975681199,1
182.5,0.5935259325812421,0.4064740674187579,0.44997101088051106,0.550028989119489,0.2999999975667865,1
182.6,0.5817224149132505,0.4182775850867495,0.43238752542499637,0.5676124745750036,0.29999999756545304,1
182.70000000000002,0.5666608824614382,0.43333911753856186,0.4174995359602668,0.5825004640397332,0.2999999975641198,1
182.8,0.5489417909936752,0.4510582090063249,0.4059005796429096,0.5940994203570904,0.29999999756278645,1
182.9,0.5292715447690981,0.47072845523090184,0.3980530702574145,0.6019469297425855,0.299999997561453,1
183,0.5084343344295593,0.4915656655704407,0.39426986323786706,0.6057301367621329,0.2999999975601198,1
183.1,0.48726087379347566,0.5127391262065244,0.394701783109099,0.6052982168909011,0.29999999755878665,1
183.20000000000002,0.466595281917445,0.533404718082555,0.3993316105888546,0.6006683894111455,0.2999999975574534,1
183.3,0.44726143073332103,0.5527385692666791,0.40797476906623537,0.5920252309337646,0.29999999755612006,1
183.4,0.43003009987425544,0.5699699001257446,0.42028668308869377,0.5797133169113062,0.2999999975547868,1
183.5,0.4155882481231433,0.5844117518768567,0.43577651549791946,0.5642234845020805,0.29999999755345325,1
183.6,0.40451162653384526,0.5954883734661548,0.45382673555836506,0.5461732644416349,0.29999999755212,1
183.70000000000002,0.39724182505362055,0.6027581749463795,0.4737177379588766,0.5262822620411235,0.29999999755078677,1
183.8,0.39406866772549537,0.6059313322745047,0.4946565312055279,0.5053434687944721,0.29999999754945345,1
183.9,0.3951186583182918,0.6048813416817082,0.5158083516899706,0.4841916483100293,0.2999999975481202,1
184,0.400349937020586,0.599650062979414,0.5363299430801625,0.4636700569198376,0.2999999975467869,1
184.1,0.40955394925928995,0.59044605074071,0.5554031742891861,0.444596825710814,0.29999999754545353,1
184.20000000000002,0.42236376011232807,0.5776362398876719,0.5722676557798363,0.4277323442201637,0.2999999975441206,1
184.3,0.43826868284601295,0.5617313171539872,0.5862510538958389,0.4137489461041611,0.29999999754278733,1
184.4,0.4566346383834988,0.5433653616165012,0.5967958946829831,0.40320410531701684,0.29999999754145434,1
184.5,0.4767294340365574,0.5232705659634426,0.6034817886164042,0.39651821138359583,0.29999999754012124,1
184.6,0.49775195371741315,0.5022480462825868,0.6060421902042789,0.39395780979572115,0.2999999975387881,1
184.70000000000002,0.5188640959090098,0.48113590409099016,0.6043750243154213,0.3956249756845787,0.2999999975374548,1
184.8,0.5392241861276255,0.46077581387237454,0.5985467555926348,0.4014532444073652,0.29999999753612144,1
184.9,0.5580205318283913,0.44197946817160877,0.5887897387171499,0.4112102612828501,0.2999999975347881,1
185,0.5745037820255251,0.4254962179744749,0.5754929551607444,0.42450704483925555,0.299999997533455,1
185.1,0.5880168015513408,0.41198319844865916,0.5591865057220057,0.44081349427799443,0.2999999975321216,1
185.20000000000002,0.5980208689616036,0.4019791310383964,0.5405204770803756,0.4594795229196244,0.29999999753078804,1
185.3,0.6041171536594194,0.39588284634058063,0.5202390248917765,0.4797609751082234,0.29999999752945467,1
185.4,0.6060626160125068,0.3939373839874932,0.49915070665100686,0.5008492933489932,0.29999999752812145,1
185.5,0.6037796965763531,0.396220303423647,0.47809624705605863,0.5219037529439414,0.29999999752678835,1
185.6,0.597359408144504,0.4026405918554961,0.4579150209675587,0.5420849790324413,0.2999999975254549,1
185.70000000000002,0.5870577073557011,0.41294229264429894,0.4394115901819644,0.5605884098180357,0.29999999752412165,1
185.8,0.5732852905104384,0.42671470948956153,0.42332362809176655,0.5766763719082335,0.29999999752278794,1
185.9,0.5565912204055317,0.44340877959446834,0.4102925109752724,0.5897074890247277,0.29999999752145456,1
186,0.5376410369331331,0.4623589630668669,0.4008377483484386,0.5991622516515615,0.29999999752012113,1
186.1,0.5171902241055343,0.4828097758944657,0.395336271759933,0.604663728240067,0.29999999751878775,1
186.20000000000002,0.496054091291743,0.503945908708257,0.39400740771980725,0.6059925922801928,0.2999999975174543,1
186.3,0.475075269405884,0.5249247305941159,0.3969041338436898,0.6030958661563102,0.29999999751612116,1
186.4,0.45509011787181824,0.5449098821281817,0.40391096680243926,0.5960890331975607,0.299999997514788,1
186.5,0.43689538161228647,0.5631046183877135,0.4147485662780375,0.5852514337219624,0.29999999751345474,1
186.6,0.42121642734319914,0.5787835726568009,0.42898487138053126,0.5710151286194687,0.2999999975121214,1
186.70000000000002,0.40867832549177713,0.5913216745082228,0.44605232555222313,0.5539476744477768,0.29999999751078815,1
186.8,0.39978093061120995,0.6002190693887901,0.46527050325654007,0.53472949674346,0.2999999975094549,1
186.9,0.3948789537570559,0.6051210462429442,0.48587323639689783,0.5141267636031023,0.29999999750812173,1
187,0.3941678212768519,0.6058321787231481,0.5070391590208486,0.49296084097915144,0.29999999750678874,1
187.1,0.3976758837783629,0.6023241162216372,0.5279244525885479,0.47207554741145213,0.29999999750545553,1
187.20000000000002,0.4052632858803196,0.5947367141196804,0.5476964863550254,0.4523035136449746,0.2999999975041224,1
187.3,0.4166275418051179,0.5833724581948821,0.5655670117303804,0.4344329882696196,0.2999999975027894,1
187.4,0.4313155945321919,0.5686844054678082,0.5808235872635146,0.4191764127364855,0.2999999975014563,1
187.5,0.448741877751673,0.551258122248327,0.5928579814344722,0.4071420185655278,0.29999999750012296,1
187.6,0.46821166054524194,0.531788339454758,0.60119042092569,0.3988095790743101,0.2999999974987898,1
187.70000000000002,0.4889487441154197,0.5110512558845803,0.6054887176701034,0.39451128232989674,0.2999999974974565,1
187.8,0.5101264063821039,0.48987359361789606,0.6055815121410644,0.39441848785893563,0.29999999749612316,1
187.9,0.5309003607829434,0.4690996392170566,0.6014651049158931,0.398534895084107,0.29999999749479,1
188,0.5504424153141886,0.44955758468581136,0.5933036041601832,0.40669639583981676,0.2999999974934567,1
188.1,0.5679734899322828,0.4320265100677173,0.5814223831531301,0.4185776168468699,0.2999999974921236,1
188.20000000000002,0.5827946760165857,0.4172053239834143,0.5662951086816959,0.4337048913183041,0.29999999749079015,1
188.3,0.5943150996504707,0.4056849003495294,0.5485248574406052,0.45147514255939475,0.2999999974894569,1
188.4,0.6020754778997054,0.3979245221002947,0.5288200732677077,0.47117992673229225,0.29999999748812367,1
188.5,0.6057664289736395,0.3942335710263604,0.5079663237238606,0.4920336762761394,0.29999999748679046,1
188.6,0.605240806300853,0.39475919369914697,0.4867949819933621,0.5132050180066379,0.2999999974854572,1
188.70000000000002,0.6005195647985933,0.3994804352014068,0.46615008265873115,0.5338499173412689,0.2999999974841242,1
188.8,0.5917909254663524,0.40820907453364763,0.44685467270549667,0.5531453272945033,0.2999999974827911,1
188.9,0.579402871608602,0.42059712839139807,0.42967799923624733,0.5703220007637526,0.2999999974814581,1
189,0.563849275838604,0.43615072416139605,0.4153048420162331,0.5846951579837669,0.299999997480125,1
189.1,0.545750210935876,0.454249789064124,0.40430821346514506,0.595691786534855,0.29999999747879197,1
189.20000000000002,0.5258272295012897,0.4741727704987103,0.3971265144602502,0.6028734855397497,0.29999999747745854,1
189.3,0.5048745979319406,0.4951254020680595,0.3940460566769159,0.605953943323084,0.2999999974761252,1
189.4,0.48372763152643167,0.5162723684735683,0.39518964824565356,0.6048103517543464,0.2999999974747921,1
189.5,0.46322939309999706,0.5367706069000029,0.40051169777951345,0.5994883022204865,0.2999999974734588,1
189.6,0.4441970827305856,0.5558029172694143,0.40980003195880665,0.5901999680411933,0.29999999747212536,1
189.70000000000002,0.4273894585706645,0.5726105414293354,0.42268435421178857,0.5773156457882115,0.29999999747079226,1
189.8,0.41347658755416145,0.5865234124458386,0.4386510072703982,0.5613489927296019,0.29999999746945916,1
189.9,0.4030131319423987,0.5969868680576013,0.45706345106454305,0.542936548935457,0.299999997468126,1
190,0.39641623669013276,0.6035837633098673,0.4771876395659092,0.5228123604340907,0.29999999746679296,1
190.1,0.3939488991926302,0.6060511008073698,0.49822128488661677,0.5017787151133832,0.2999999974654598,1
190.20000000000002,0.39570948440948434,0.6042905155905157,0.5193258419654591,0.480674158034541,0.2999999974641266,1
190.3,0.40162780336409615,0.5983721966359039,0.5396599387132227,0.4603400612867773,0.2999999974627936,1
190.4,0.41146791135667204,0.5885320886433281,0.5584129188626921,0.441587081137308,0.29999999746146044,1
190.5,0.4248375143348136,0.5751624856651864,0.5748371602757627,0.42516283972423735,0.2999999974601272,1
190.6,0.4412036084193919,0.5587963915806081,0.58827788027875,0.41172211972125,0.2999999974587937,1
190.70000000000002,0.45991372908716105,0.540086270912839,0.5981992397812327,0.40180076021876737,0.2999999974574606,1
190.8,0.480221962872262,0.5197780371277381,0.6042057054895908,0.3957942945104091,0.2999999974561271,1
190.9,0.5013186845821611,0.49868131541783883,0.6060578185712036,0.39394218142879645,0.2999999974547941,1
191,0.5223628344990718,0.4776371655009282,0.6036817411224208,0.39631825887757915,0.29999999745346084,1
191.1,0.5425154487766957,0.45748455122330434,0.597172199852765,0.4028278001472349,0.2999999974521273,1
191.20000000000002,0.5609731062811822,0.4390268937188178,0.5867887096299583,0.41321129037004173,0.2999999974507941,1
191.3,0.5769999584563078,0.42300004154369214,0.5729452274411181,0.4270547725588819,0.29999999744946104,1
191.4,0.5899570652832293,0.4100429347167707,0.5561936492340408,0.4438063507659592,0.2999999974481279,1
191.5,0.5993278678026744,0.40067213219732556,0.5372018075674291,0.46279819243257103,0.2999999974467945,1
191.6,0.6047387816904968,0.39526121830950317,0.516726847234313,0.4832731527656871,0.2999999974454612,1
191.70000000000002,0.6059740908857244,0.3940259091142756,0.4955850402885406,0.5044149597114594,0.2999999974441278,1
191.8,0.6029845475091553,0.39701545249084463,0.47461924385397264,0.5253807561460274,0.2999999974427944,1
191.9,0.5958893352208842,0.4041106647791158,0.45466529807083206,0.5453347019291679,0.2999999974414614,1
192,0.5849713177438906,0.4150286822561094,0.4365187037870491,0.5634812962129508,0.29999999744012834,1
192.1,0.5706657619800611,0.42933423801993886,0.42090290844988687,0.5790970915501131,0.2999999974387951,1
192.20000000000002,0.5535429852924199,0.4464570147075801,0.40844046453926647,0.5915595354607335,0.2999999974374614,1
192.3,0.5342856187516649,0.46571438124833514,0.3996282103650379,0.6003717896349621,0.299999997436128,1
192.4,0.513661392789617,0.48633860721038297,0.3948174626914839,0.6051825373085162,0.2999999974347946,1
192.5,0.4924925302096982,0.5075074697903019,0.3942000108466106,0.6057999891533894,0.29999999743346145,1
192.6,0.4716229667585192,0.5283770332414808,0.3978004706868887,0.6021995293131114,0.29999999743212813,1
192.70000000000002,0.45188470607094555,0.5481152939290544,0.40547530324073866,0.5945246967592613,0.29999999743079486,1
192.8,0.4340646503108025,0.5659353496891975,0.4169185371543516,0.5830814628456483,0.2999999974294613,1
192.9,0.4188732288649011,0.581126771135099,0.43167396680398534,0.5683260331960147,0.2999999974281284,1
193,0.40691607576535144,0.5930839242346485,0.4491533397744962,0.5508466602255039,0.29999999742679495,1
193.1,0.3986698849719565,0.6013301150280436,0.4686598086267316,0.5313401913732684,0.2999999974254616,1
193.20000000000002,0.3944634060883807,0.6055365939116193,0.4894157120058272,0.5105842879941729,0.29999999742412836,1
193.3,0.3944643381529183,0.6055356618470816,0.5105935775452906,0.48940642245470944,0.2999999974227953,1
193.4,0.3986726440070604,0.6013273559929396,0.5313491105789261,0.46865088942107386,0.29999999742146205,1
193.5,0.4069205517768884,0.5930794482231115,0.5508548535047614,0.4491451464952387,0.29999999742012856,1
193.6,0.41887924340823673,0.5811207565917633,0.5683331739083555,0.43166682609164453,0.29999999741879546,1
193.70000000000002,0.43407196360483336,0.5659280363951668,0.5830872663131195,0.4169127336868806,0.2999999974174621,1
193.8,0.4518930265574243,0.5481069734425756,0.5945289316156963,0.4054710683843038,0.29999999741612876,1
193.9,0.47163196272557395,0.528368037274426,0.6022020267279786,0.39779797327202143,0.29999999741479566,1
194,0.49250184301615085,0.5074981569838493,0.6058006495625393,0.39419935043746074,0.2999999974134625,1
194.1,0.5136706511628899,0.48632934883711004,0.6051813343834935,0.3948186656165065,0.29999999741212924,1
194.20000000000002,0.5342944535892616,0.4657055464107384,0.6003687713326397,0.39963122866736045,0.29999999741079625,1
194.3,0.5535510443768918,0.4464489556231081,0.5915548221114209,0.40844517788857926,0.2999999974094633,1
194.4,0.5706727240208197,0.4293272759791803,0.579090871060362,0.420909128939638,0.29999999740813,1
194.5,0.5849769051860622,0.4150230948139378,0.5634738165743067,0.4365261834256934,0.2999999974067964,1
194.6,0.5958933253105582,0.4041066746894418,0.5453262613315195,0.45467373866848043,0.29999999740546324,1
194.70000000000002,0.6029867811738883,0.3970132188261117,0.5253716910897048,0.4746283089102951,0.29999999740413014,1
194.8,0.6059744790762626,0.39402552092373744,0.5044056315920147,0.4955943684079854,0.2999999974027969,1
194.9,0.6047373089308928,0.3952626910691071,0.48326393346617913,0.5167360665338209,0.29999999740146355,1
195,0.5993245928072652,0.4006754071927347,0.462789449497747,0.5372105505022531,0.29999999740013034,1
195.1,0.589952118615878,0.41004788138412196,0.44379843274939035,0.5562015672506097,0.29999999739879724,1
195.20000000000002,0.5769935373252296,0.4230064626747703,0.427047995127219,0.572952004872781,0.29999999739746386,1
195.3,0.5609654666768671,0.43903453332313286,0.41320592371836884,0.5867940762816313,0.2999999973961308,1
195.4,0.5425068952663652,0.45749310473363486,0.4028240582272336,0.5971759417727663,0.29999999739479755,1
195.5,0.522353708084533,0.4776462919154671,0.3963162908679415,0.6036837091320586,0.29999999739346445,1
195.6,0.5013093491051267,0.49869065089487336,0.3939420657879348,0.6060579342120652,0.2999999973921313,1
195.70000000000002,0.4802127905091151,0.5197872094908849,0.39579603584856426,0.6042039641514357,0.29999999739079825,1
195.8,0.45990508551144244,0.5400949144885576,0.4018042891142128,0.5981957108857872,0.29999999738946465,1
195.9,0.4411958382235349,0.5588041617764651,0.411727295487919,0.588272704512081,0.29999999738813127,1
196,0.4248309272923178,0.5751690727076821,0.42516945602043876,0.5748305439795613,0.2999999973867982,1
196.1,0.41146277007239856,0.5885372299276015,0.4415948741919263,0.5584051258080737,0.2999999973854651,1
196.20000000000002,0.40162431280503047,0.5983756871949695,0.46034872041500563,0.5396512795849944,0.2999999973841317,1
196.3,0.3957077837333409,0.6042922162666592,0.4806833380239157,0.5193166619760844,0.2999999973827987,1
196.4,0.3939490562000682,0.6060509437999317,0.5017880499863298,0.49821195001367025,0.2999999973814653,1
196.5,0.3964182451217548,0.6035817548782452,0.522821478038309,0.47717852196169097,0.2999999973801319,1
196.6,0.40301691172829357,0.5969830882717064,0.5429450857804743,0.45705491421952577,0.29999999737879857,1
196.70000000000002,0.41348198800604197,0.586518011993958,0.5613566084780054,0.4386433915219946,0.29999999737746547,1
196.8,0.4273962643893404,0.5726037356106596,0.5773220368238405,0.4226779631761596,0.29999999737613203,1
196.9,0.44420502258927075,0.5557949774107293,0.5902048795733696,0.4097951204266303,0.2999999973747988,1
197,0.46323815046126376,0.5367618495387363,0.5994915384417251,0.400508461558275,0.2999999973734658,1
197.1,0.4837368572615713,0.5162631427384288,0.6048117836465894,0.3951882163534107,0.2999999973721328,1
197.20000000000002,0.5048839242396371,0.4951160757603629,0.605953513801249,0.3940464861987511,0.29999999737079946,1
197.3,0.5258362845707133,0.47416371542928676,0.6028712117275339,0.39712878827246617,0.2999999973694663,1
197.4,0.5457586337696212,0.45424136623037886,0.595687759082067,0.40431224091793316,0.29999999736813315,1
197.5,0.5638567306445321,0.4361432693554678,0.5846895374524012,0.41531046254759885,0.29999999736679983,1
197.6,0.5794090611868274,0.42059093881317255,0.5703150112268831,0.429684988773117,0.29999999736546656,1
197.70000000000002,0.591795603057676,0.4082043969423241,0.5531372474031879,0.4468627525968122,0.29999999736413335,1
197.8,0.6005225439220228,0.3994774560779773,0.5338410692155999,0.46615893078440007,0.2999999973628002,1
197.9,0.6052419681880192,0.3947580318119808,0.5131957543938181,0.48680424560618185,0.2999999973614669,1
198,0.6057657273037211,0.39423427269627886,0.4920243664875496,0.5079756335124505,0.29999999736013366,1
198.1,0.6020729406460958,0.3979270593539042,0.4711709419201972,0.5288290580798027,0.2999999973588005,1
198.20000000000002,0.5943108279655661,0.4056891720344339,0.45146684092025907,0.548533159079741,0.2999999973574673,1
198.3,0.5827888401991543,0.4172111598008457,0.4336976038126151,0.566302396187385,0.2999999973561342,1
198.4,0.5679663226381828,0.43203367736181714,0.4185716340047739,0.5814283659952262,0.2999999973548009,1
198.5,0.5504342022811051,0.4495657977188949,0.40669195617858755,0.5933080438214126,0.2999999973534675,1
198.6,0.5308914294389163,0.46910857056108374,0.39853217559920523,0.6014678244007947,0.2999999973521341,1
198.70000000000002,0.5101171127919926,0.48988288720800754,0.3944175969677515,0.6055824030322485,0.29999999735080074,1
198.8,0.4889394587857059,0.5110605412142941,0.39451225554948594,0.605487744450514,0.29999999734946736,1
198.9,0.4682027536530916,0.5317972463469084,0.39881237760544,0.60118762239456,0.2999999973481339,1
199,0.44873370438712523,0.5512662956128748,0.40714653083948144,0.5928534691605186,0.29999999734680055,1
199.1,0.43130848054182586,0.5686915194581742,0.41918245886295885,0.5808175411370411,0.2999999973454674,1
199.20000000000002,0.4166217708015645,0.5833782291984355,0.4344403272083881,0.565559672791612,0.29999999734413424,1
199.3,0.40525908793551,0.59474091206449,0.4523118528154151,0.547688147184585,0.29999999734280086,1
199.4,0.39767342625127733,0.6023265737487228,0.47208455435682123,0.5279154456431788,0.2999999973414675,1
199.5,0.39416720214143836,0.6058327978585617,0.4929701566205999,0.5070298433794,0.2999999973401343,1
199.6,0.3948801976963142,0.6051198023036858,0.5141360165550302,0.48586398344496984,0.2999999973388009,1
199.70000000000002,0.3997839880331578,0.6002160119668423,0.5347383181195031,0.4652616818804969,0.2999999973374675,1
199.8,0.40868307450652724,0.5913169254934727,0.5539557125671567,0.44604428743284324,0.2999999973361344,1
199.9,0.42122267862232987,0.5787773213776701,0.5710220630274098,0.42897793697259023,0.29999999733480115,1
200,0.4369028859367758,0.5630971140632243,0.5852569879652253,0.4147430120347748,0.2999999973334679,1
200.1,0.45509857606762966,0.5449014239323703,0.5960929858457716,0.40390701415422847,0.2999999973321346,1
200.20000000000002,0.4750843442711035,0.5249156557288965,0.6030980596297002,0.39690194037029985,0.2999999973308014,1
200.3,0.49606342103976847,0.5039365789602316,0.6059929391318118,0.39400706086818826,0.29999999732946797,1
200.4,0.5171994367883803,0.4828005632116196,0.6046622146420216,0.3953377853579783,0.2999999973281347,1
200.5,0.5376497652698383,0.4623502347301616,0.59915893794629,0.40084106205371,0.2999999973268016,1
200.6,0.5565991164245062,0.4434008835754938,0.5897025073193349,0.4102974926806651,0.29999999732546856,1
200.70000000000002,0.5732920394220071,0.4267079605779929,0.5766699208077921,0.42333007919220794,0.2999999973241354,1
200.8,0.5870630401017868,0.41293695989821316,0.5605807465078206,0.4394192534921793,0.2999999973228022,1
200.9,0.5973631121251355,0.40263688787486446,0.5420764090247547,0.45792359097524526,0.2999999973214689,1
201,0.6037816241253631,0.39621837587463704,0.5218946178982884,0.47810538210171166,0.2999999973201357,1
201.1,0.6060626902845219,0.3939373097154782,0.5008399574511823,0.49916004254881774,0.2999999973188026,1
201.20000000000002,0.6041153716934454,0.3958846283065545,0.47975181055141275,0.5202481894485872,0.29999999731746907,1
201.3,0.5980173017990722,0.40198269820092786,0.4594708950661404,0.5405291049338596,0.29999999731613597,1
201.4,0.5880115914039077,0.41198840859609226,0.44080574709347387,0.5591942529065261,0.29999999731480237,1
201.5,0.5744971366055356,0.4255028633944644,0.4245004871798079,0.5754995128201921,0.2999999973134691,1
201.6,0.5580127160680355,0.44198728393196446,0.41120515458192586,0.5887948454180741,0.29999999731213584,1
201.70000000000002,0.5392155116169174,0.4607844883830826,0.4014497922532195,0.5985502077467805,0.29999999731080235,1
201.8,0.5188549084736644,0.4811450915263355,0.3956233157038416,0.6043766842961584,0.2999999973094691,1
201.9,0.4977426196318529,0.5022573803681472,0.3939580081666527,0.6060419918333474,0.299999997308136,1
202,0.4767203254216917,0.5232796745783084,0.396520260197765,0.6034797398022351,0.29999999730680277,1
202.1,0.45662611837142275,0.5433738816285772,0.4032079228945861,0.5967920771054138,0.29999999730546945,1
202.20000000000002,0.43826109110306255,0.5617389088969376,0.41375438025020705,0.586245619749793,0.2999999973041363,1
202.3,0.42235739929764143,0.5776426007023586,0.4277391782922147,0.5722608217077854,0.29999999730280313,1
202.4,0.4095490729587305,0.5904509270412696,0.4446047872557099,0.5553952127442902,0.29999999730146965,1
202.5,0.40034673963706413,0.5996532603629359,0.46367882853558895,0.536321171464411,0.29999999730013643,1
202.6,0.3951172673215266,0.6048827326784734,0.4842008802996457,0.5157991197003543,0.2999999972988031,1
202.70000000000002,0.39406913857019393,0.6059308614298061,0.5053527931072912,0.4946472068927089,0.2999999972974699,1
202.8,0.39724413896867183,0.6027558610313282,0.5262913069458445,0.47370869305415564,0.2999999972961364,1
202.9,0.4045156912706655,0.5954843087293344,0.5461816693460877,0.4538183306539123,0.29999999729480314,1
203,0.4155939016333399,0.5844060983666601,0.5642309143289111,0.4357690856710888,0.2999999972934697,1
203.1,0.4300371167699913,0.5699628832300087,0.5797194754564681,0.4202805245435319,0.29999999729213667,1
203.20000000000002,0.44726953127282554,0.5527304687271745,0.5920298726752498,0.4079701273247502,0.2999999972908028,1
203.3,0.46660414315744664,0.5333958568425534,0.6006713292971831,0.3993286707028168,0.2999999972894694,1
203.4,0.4872701424639441,0.5127298575360559,0.6052993377173946,0.3947006622826054,0.29999999728813603,1
203.5,0.5084436410174811,0.4915563589825189,0.6057293938452222,0.39427060615477777,0.29999999728680266,1
203.6,0.529280518249809,0.47071948175019096,0.6019443527000531,0.39805564729994697,0.29999999728546956,1
203.70000000000002,0.5489500736224577,0.4510499263775422,0.5940951119275928,0.4059048880724073,0.2999999972841365,1
203.8,0.5666681440356884,0.4333318559643116,0.5824945959869308,0.41750540401306924,0.2999999972828031,1
203.9,0.5817283659366279,0.41827163406337203,0.5676052808398786,0.43239471916012134,0.2999999972814697,1
204,0.5935303358049859,0.4064696641950142,0.5500207564938477,0.4499792435061522,0.29999999728013643,1
204.1,0.6016035463466619,0.3983964536533382,0.5304420624414966,0.4695579375585034,0.2999999972788032,1
204.20000000000002,0.6056261441347381,0.3943738558652619,0.5096497394284907,0.4903502605715093,0.29999999727746984,1
204.3,0.6054377608899084,0.39456223911009164,0.4884727117571934,0.5115272882428066,0.2999999972761365,1
204.4,0.6010459068576839,0.3989540931423161,0.46775524069064034,0.5322447593093597,0.29999999727480353,1
204.5,0.5926256713986037,0.4073743286013963,0.44832326642029147,0.5516767335797085,0.29999999727347043,1
204.6,0.580512742727974,0.41948725727202596,0.4309514804370914,0.5690485195629086,0.29999999727213744,1
204.70000000000002,0.5651900250860835,0.4348099749139165,0.41633244102648803,0.5836675589735121,0.2999999972708041,1
204.8,0.5472683868700852,0.45273161312991483,0.4050489631551593,0.5949510368448406,0.299999997269471,1
204.9,0.5274623072387724,0.4725376927612277,0.39755088347753503,0.602449116522465,0.29999999726813786,1
205,0.5065613920832619,0.49343860791673816,0.39413712676797374,0.6058628732320263,0.29999999726680465,1
205.1,0.48539889493194394,0.5146011050680561,0.39494378873335495,0.6050562112666451,0.29999999726547166,1
205.20000000000002,0.4648184977618765,0.5351815022381234,0.399938710306736,0.600061289693264,0.2999999972641385,1
205.3,0.4456406760608423,0.5543593239391578,0.40892275972786557,0.5910772402721344,0.2999999972628052,1
205.4,0.42862998905889776,0.5713700109411023,0.4215377712980486,0.5784622287019514,0.2999999972614718,1
205.5,0.4144645991646591,0.5855354008353408,0.43728082431625914,0.5627191756837409,0.29999999726013843,1
205.6,0.4037092357702084,0.5962907642297915,0.4555242929403808,0.5444757070596192,0.2999999972588049,1
205.70000000000002,0.3967926812723988,0.6032073187276012,0.4755408676488779,0.5244591323511222,0.2999999972574717,1
205.8,0.39399067687184003,0.60600932312816,0.4965325507761852,0.5034674492238148,0.2999999972561383,1
205.9,0.39541492964141217,0.6045850703585879,0.5176624701613226,0.4823375298386774,0.2999999972548051,1
206,0.40100865911779554,0.5989913408822045,0.5380882425999624,0.4619117574000377,0.29999999725347193,1
206.1,0.4105488609593574,0.5894511390406426,0.5569955570044018,0.4430044429955981,0.29999999725213866,1
206.20000000000002,0.4236551974254999,0.5763448025745002,0.573630638416837,0.42636936158316296,0.29999999725080534,1
206.3,0.43980516024211336,0.5601948397578866,0.5873302986381745,0.4126697013618254,0.2999999972494721,1
206.4,0.45835490135754103,0.541645098642459,0.5975483754486474,0.40245162455135264,0.29999999724813875,1
206.5,0.4785649011325509,0.5214350988674491,0.6038775063719432,0.39612249362805685,0.2999999972468054,1
206.6,0.49962945065458575,0.5003705493454143,0.606065368931584,0.39393463106841603,0.29999999724547216,1
206.70000000000002,0.5207087728094594,0.47929122719054057,0.6040247399517855,0.3959752600482145,0.2999999972441387,1
206.8,0.5409625015447419,0.45903749845525804,0.5978369728702162,0.40216302712978375,0.29999999724280546,1
206.9,0.559583184612251,0.44041681538774896,0.5877487544331703,0.4122512455668296,0.29999999724147225,1
207,0.5758284741410391,0.42417152585896084,0.5741622700734828,0.4258377299265173,0.2999999972401391,1
207.1,0.5890507217043139,0.410949278295686,0.5576191700465327,0.4423808299534673,0.2999999972388057,1
207.20000000000002,0.598722798018373,0.40127720198162703,0.5387789755438945,0.4612210244561054,0.29999999723747256,1
207.3,0.6044591079236342,0.39554089207636584,0.5183927856647377,0.48160721433526227,0.2999999972361391,1
207.4,0.6060309628467914,0.39396903715320863,0.4972733334650525,0.5027266665349475,0.299999997234806,1
207.5,0.603375697892537,0.39662430210746297,0.47626258485552014,0.5237374151444798,0.2999999972334728,1
207.6,0.5965991700951799,0.40340082990482007,0.45619817207772073,0.5438018279222793,0.29999999723213955,1
207.70000000000002,0.5859715382327483,0.4140284617672517,0.43787999995005167,0.5621200000499483,0.2999999972308064,1
207.8,0.5719164924490718,0.42808350755092817,0.4220383561869487,0.5779616438130513,0.29999999722947307,1
207.9,0.554994363064823,0.44500563693517703,0.4093047971323461,0.5906952028676539,0.2999999972281394,1
208,0.5358797819759142,0.4641202180240857,0.40018696960130246,0.5998130303986976,0.2999999972268062,1
208.1,0.5153347872088029,0.48466521279119723,0.3950483726035123,0.6049516273964877,0.29999999722547266,1
208.20000000000002,0.4941784428692057,0.5058215571307942,0.39409386578491623,0.6059061342150838,0.29999999722413917,1
208.3,0.47325418564099775,0.5267458143590023,0.39736150232011264,0.6026384976798874,0.2999999972228061,1
208.4,0.45339619962733313,0.546603800372667,0.40472101185237597,0.595278988147624,0.2999999972214729,1
208.5,0.43539616006296106,0.564603839937039,0.41587899396167494,0.5841210060383251,0.2999999972201396,1
208.6,0.419971671720977,0.5800283282790231,0.43039061511351057,0.5696093848864895,0.29999999721880677,1
208.70000000000002,0.40773766027512853,0.5922623397248715,0.44767734276813803,0.5523226572318619,0.2999999972174735,1
208.8,0.39918185715377924,0.6008181428462207,0.46705000964720106,0.532949990352799,0.2999999972161402,1
208.9,0.3946453552270388,0.6053546447729612,0.4877362886582539,0.5122637113417461,0.2999999972148068,1
209,0.3943090105104495,0.6056909894895506,0.5089114831386379,0.4910885168613622,0.2999999972134735,1
209.1,0.3981862320063914,0.6018137679936086,0.5297314049088532,0.47026859509114693,0.2999999972121405,1
209.20000000000002,0.40612244712947554,0.5938775528705246,0.5493660293911959,0.450633970608804,0.29999999721080733,1
209.3,0.41780126402772555,0.5821987359722746,0.5670325860702903,0.4329674139297097,0.29999999720947423,1
209.4,0.4327570851272522,0.5672429148727478,0.5820267650832762,0.41797323491672383,0.29999999720814113,1
209.5,0.4503936690381981,0.5496063309618019,0.5937507958313888,0.40624920416861116,0.29999999720680764,1
209.6,0.4700079008173405,0.5299920991826595,0.6017372782072927,0.3982627217927072,0.29999999720547427,1
209.70000000000002,0.49081782294199633,0.5091821770580037,0.6056678163623439,0.39433218363765604,0.29999999720414094,1
209.8,0.51199380948876,0.4880061905112399,0.605385712144284,0.394614287855716,0.2999999972028075,1
209.9,0.5326916407009461,0.46730835929905395,0.6009022121580633,0.3990977878419367,0.2999999972014742,1
210,0.5520861593661084,0.44791384063389156,0.5923960593991915,0.40760394060080857,0.29999999720014076,1
210.1,0.5694041672300797,0.4305958327699203,0.5802063673345806,0.4197936326654194,0.29999999719880727,1
210.20000000000002,0.5839552499713138,0.41604475002868635,0.5648191005187884,0.4351808994812117,0.29999999719747406,1
210.3,0.5951593018410831,0.40484069815891693,0.5468477007208274,0.4531522992791726,0.299999997196141,1
210.4,0.6025696526489891,0.39743034735101096,0.5270086309367266,0.4729913690632734,0.29999999719480763,1
210.5,0.6058908750938546,0.39410912490614536,0.5060928122708845,0.4939071877291154,0.2999999971934742,1
210.6,0.6049905625179154,0.3950094374820847,0.48493409240761587,0.5150659075923841,0.2999999971921406,1
210.70000000000002,0.5999046075424154,0.40009539245758463,0.46437600273542423,0.5356239972645758,0.2999999971908072,1
210.8,0.5908357711420664,0.4091642288579337,0.4452381294125494,0.5547618705874506,0.2999999971894739,1
210.9,0.578145599204855,0.42185440079514513,0.42828343905327926,0.5717165609467209,0.2999999971881405,1
211,0.56234000883845,0.4376599911615499,0.41418786165679994,0.5858121383432,0.2999999971868071,1
211.1,0.5440491190516862,0.45595088094831393,0.40351334341122114,0.596486656588779,0.29999999718547427,1
211.20000000000002,0.5240021298982019,0.4759978701017981,0.3966854436724407,0.6033145563275593,0.29999999718414105,1
211.3,0.5029982515715025,0.4970017484284975,0.3939763692556014,0.6060236307443986,0.2999999971828079,1
211.4,0.4818748424166821,0.5181251575833179,0.3954941224084,0.6045058775916001,0.29999999718147474,1
211.5,0.46147402609573057,0.5385259739042694,0.4011781951023048,0.5988218048976953,0.29999999718014125,1
211.6,0.44260911877469433,0.5573908812253057,0.41080198129670453,0.5891980187032955,0.2999999971788079,1
211.70000000000002,0.4260322047747898,0.5739677952252102,0.4239818110066284,0.5760181889933715,0.2999999971774745,1
211.8,0.41240415334393665,0.5875958466560633,0.44019224601426654,0.5598077539857336,0.2999999971761412,1
211.9,0.4022682718854074,0.5977317281145925,0.4587870274325433,0.5412129725674568,0.2999999971748078,1
212,0.3960286460062235,0.6039713539937765,0.47902484000749007,0.5209751599925099,0.29999999717347436,1
212.1,0.3939340298992129,0.6060659701007872,0.5000988660179877,0.4999011339820124,0.29999999717214115,1
212.20000000000002,0.3960679292983597,0.6039320707016403,0.5211689505521611,0.47883104944783894,0.299999997170808,1
212.3,0.402345272368718,0.5976547276312821,0.5413950958323652,0.4586049041676347,0.2999999971694745,1
212.4,0.4125158012520032,0.5874841987479967,0.559970949275725,0.4400290507242751,0.29999999716814096,1
212.5,0.42617404905764333,0.5738259509423568,0.5761559502269347,0.4238440497730654,0.2999999971668081,1
212.6,0.44277550454813924,0.5572244954518608,0.5893048537745322,0.41069514622546777,0.29999999716547493,1
212.70000000000002,0.4616583200837428,0.5383416799162573,0.5988934546292621,0.401106545370738,0.2999999971641419,1
212.8,0.48206969739920336,0.5179303026007968,0.604539485534675,0.39546051446532515,0.29999999716280856,1
212.9,0.5031958992949316,0.4968041007050685,0.6060178570562871,0.393982142943713,0.29999999716147546,1
213,0.5241946907711657,0.4758053092288343,0.6032696311869967,0.3967303688130032,0.29999999716014214,1
213.1,0.5442289162794961,0.4557710837205039,0.5964043710194302,0.4035956289805697,0.2999999971588085,1
213.20000000000002,0.5624998744726949,0.4375001255273052,0.5856957728111956,0.41430422718880455,0.2999999971574753,1
213.3,0.5782791599068964,0.4217208400931037,0.5715707545788166,0.42842924542118344,0.2999999971561419,1
213.4,0.5909377022679503,0.4090622977320498,0.5545924362236774,0.44540756377632257,0.29999999715480863,1
213.5,0.5999708454196327,0.4000291545803672,0.5354376897186391,0.46456231028136086,0.2999999971534754,1
213.6,0.6050184664512088,0.39498153354879123,0.5148701543585462,0.4851298456414538,0.2999999971521421,1
213.70000000000002,0.6058793326414097,0.3941206673585903,0.4937097928714246,0.5062902071285754,0.2999999971508089,1
213.8,0.6025191239719812,0.3974808760280189,0.47280020209214335,0.5271997979078566,0.2999999971494757,1
213.9,0.5950718013585025,0.4049281986414976,0.45297498141882203,0.5470250185811779,0.2999999971481423,1
214,0.5838342660514335,0.41616573394856654,0.43502449983549085,0.5649755001645091,0.2999999971468088,1
214.1,0.5692545231202152,0.4307454768797848,0.4196643863949354,0.5803356136050647,0.29999999714547554,1
214.20000000000002,0.5519138209049582,0.44808617909504184,0.40750700034673654,0.5924929996532635,0.2999999971441423,1
214.3,0.5325034784794189,0.4674965215205811,0.3990370183064673,0.6009629816935328,0.299999997142809,1
214.4,0.5117973249411847,0.4882026750588153,0.3945921117285675,0.6054078882714325,0.29999999714147596,1
214.5,0.49062084928759303,0.509379150712407,0.3943494850110769,0.6056505149889232,0.2999999971401429,1
214.6,0.4698182907744764,0.5301817092255237,0.3983188109155058,0.6016811890844943,0.2999999971388097,1
214.70000000000002,0.4502189817612722,0.5497810182387278,0.4063418449443606,0.5936581550556395,0.29999999713747666,1
214.8,0.4326042848470503,0.5673957151529497,0.4180987340498743,0.5819012659501258,0.2999999971361435,1
214.9,0.41767644240950347,0.5823235575904966,0.43312076816563344,0.5668792318343666,0.29999999713481007,1
215,0.4060305804174776,0.5939694195825224,0.45080906619777766,0.5491909338022224,0.29999999713347686,1
215.1,0.39813098263668717,0.6018690173633129,0.47045845152427096,0.529541548475729,0.29999999713214376,1
215.20000000000002,0.39429258110115833,0.6057074188988416,0.4912855651614351,0.5087144348385648,0.2999999971308103,1
215.3,0.3946684007668928,0.6053315992331072,0.5124600958145135,0.48753990418548654,0.29999999712947684,1
215.4,0.3992434588897876,0.6007565411102125,0.5331378817687072,0.4668621182312927,0.2999999971281434,1
215.5,0.4078353623403616,0.5921646376596383,0.5524945649527484,0.44750543504725154,0.29999999712681,1
215.6,0.4201015790422361,0.5798984209577639,0.5697584554937014,0.4302415445062986,0.29999999712547687,1
215.70000000000002,0.4355530936450614,0.5644469063549385,0.5842412965569057,0.41575870344309424,0.29999999712414344,1
215.8,0.45357390302330836,0.5464260969766916,0.5953657029739812,0.40463429702601894,0.2999999971228102,1
215.9,0.473445574376908,0.5265544256230921,0.6026881797673834,0.3973118202326166,0.29999999712147707,1
216,0.49437588687976997,0.50562411312023,0.6059168028955824,0.3940831971044176,0.29999999712014386,1
216.1,0.5155304150240374,0.4844695849759626,0.604922857343345,0.3950771426566549,0.2999999971188105,1
216.20000000000002,0.5360657945318152,0.4639342054681848,0.5997459685831948,0.4002540314168052,0.2999999971174773,1
216.3,0.5551633446274503,0.4448366553725497,0.5905925228328693,0.4094074771671306,0.2999999971161441,1
216.4,0.5720617062564735,0.42793829374352654,0.5778274390881297,0.4221725609118703,0.2999999971148108,1
216.5,0.586087195068412,0.41391280493158794,0.5619596209540051,0.4380403790459949,0.29999999711347747,1
216.6,0.5966806590858375,0.4033193409141626,0.5436216682640509,0.45637833173594916,0.29999999711214426,1
216.70000000000002,0.6034197703291383,0.3965802296708617,0.5235446573213355,0.4764553426786645,0.29999999711081105,1
216.8,0.606035861700289,0.39396413829971105,0.5025289951933581,0.4974710048066418,0.29999999710947783,1
216.9,0.6044246378921897,0.3955753621078104,0.4814125100081826,0.5185874899918175,0.29999999710814457,1
217,0.5986503333134252,0.40134966668657485,0.46103704939097945,0.5389629506090206,0.29999999710681147,1
217.1,0.5889431512651031,0.41105684873489684,0.4422149186559036,0.5577850813440963,0.299999997105478,1
217.20000000000002,0.5756900864617108,0.4243099135382892,0.42569649675668303,0.5743035032433169,0.29999999710414493,1
217.3,0.5594194967731201,0.44058050322687997,0.41214032104577175,0.5878596789542283,0.29999999710281183,1
217.4,0.5407800392637003,0.4592199607362997,0.4020868334683126,0.5979131665316874,0.29999999710147845,1
217.5,0.5205148102821855,0.47948518971781445,0.39593683484730624,0.6040631651526938,0.2999999971001451,1
217.6,0.4994317205553046,0.5005682794446954,0.3939355062196419,0.6060644937803582,0.2999999970988119,1
217.70000000000002,0.47837128633670134,0.5216287136632987,0.3961626342418976,0.6038373657581024,0.2999999970974786,1
217.8,0.458173120676393,0.541826879323607,0.40252943034813377,0.5974705696518663,0.2999999970961453,1
217.9,0.4396424606981073,0.5603575393018927,0.4127820704698204,0.5872179295301797,0.29999999709481207,1
218,0.42351806533631803,0.5764819346636819,0.4265118142004362,0.5734881857995637,0.2999999970934789,1
218.1,0.4104427633488955,0.5895572366511045,0.44317129998557964,0.5568287000144204,0.2999999970921456,1
218.20000000000002,0.400937825763162,0.5990621742368379,0.462096366700786,0.537903633299214,0.2999999970908123,1
218.3,0.3953821844450554,0.6046178155549445,0.48253253165960996,0.5174674683403901,0.2999999970894791,1
218.4,0.39399732528146386,0.6060026747185361,0.5036650694573459,0.49633493054265404,0.29999999708814595,1
218.5,0.39683845823687997,0.6031615417631201,0.5246514925018142,0.47534850749818575,0.2999999970868129,1
218.6,0.40379231630634876,0.5962076836936512,0.5446551383349476,0.45534486166505234,0.2999999970854793,1
218.70000000000002,0.41458167111351,0.58541832888649,0.5628785247246655,0.43712147527533446,0.29999999708414593,1
218.8,0.4287763851310909,0.571223614868909,0.5785951427647807,0.4214048572352193,0.2999999970828126,1
218.9,0.44581055990669705,0.554189440093303,0.5911784204923801,0.4088215795076198,0.29999999708147945,1
219,0.46500509664825435,0.5349949033517456,0.6001267023346567,0.3998732976653433,0.2999999970801462,1
219.1,0.4855947697497581,0.5144052302502419,0.605083248533477,0.3949167514665231,0.2999999970788128,1
219.20000000000002,0.5067587339212944,0.4932412660787056,0.6058504572337413,0.3941495427662587,0.2999999970774794,1
219.3,0.5276532487003361,0.47234675129966386,0.6023977422457562,0.3976022577542439,0.299999997076146,1
219.4,0.5474453157213167,0.4525546842786833,0.5948627524200913,0.40513724757990865,0.2999999970748129,1
219.5,0.565345887731699,0.4346541122683009,0.5835458840222972,0.4164541159777027,0.29999999707347946,1
219.6,0.5806413254158672,0.41935867458413284,0.5688983048817833,0.43110169511821667,0.29999999707214603,1
219.70000000000002,0.5927218479425445,0.40727815205745566,0.5515039677542481,0.44849603224575185,0.29999999707081276,1
219.8,0.6011058430021958,0.39889415699780423,0.5320563299681401,0.4679436700318599,0.2999999970694793,1
219.9,0.6054590671699421,0.3945409328300578,0.5113307074693759,0.4886692925306241,0.2999999970681459,1
220,0.6056079711361064,0.3943920288638937,0.4901533654213095,0.5098466345786906,0.2999999970668125,1
220.1,0.6015466185695044,0.3984533814304957,0.4693685776201864,0.5306314223798135,0.29999999706547936,1
220.20000000000002,0.5934369227802337,0.40656307721976626,0.44980496796323777,0.5501950320367623,0.29999999706414604,1
220.3,0.5816021917469633,0.41839780825303674,0.4322424758288586,0.5677575241711413,0.29999999706281283,1
220.4,0.5665142388481132,0.43348576115188675,0.4173812623549165,0.5826187376450834,0.29999999706147984,1
220.5,0.5487745731513998,0.4512254268486002,0.40581379722374544,0.5941862027762547,0.2999999970601467,1
220.6,0.5290904191455398,0.47090958085446016,0.39800123876562116,0.6019987612343789,0.2999999970588136,1
220.70000000000002,0.5082465219317353,0.4917534780682648,0.39425504903145286,0.6057449509685472,0.2999999970574804,1
220.8,0.48707386191297747,0.5129261380870225,0.39472457678372286,0.6052754232162771,0.29999999705614716,1
220.9,0.46641652622777835,0.5335834737722216,0.399391103432641,0.600608896567359,0.2999999970548139,1
221,0.44709805765971766,0.5529019423402824,0.40806858928724915,0.5919314107127508,0.2999999970534805,1
221.1,0.4298886225855889,0.5701113774144112,0.42041109037079943,0.5795889096292006,0.29999999705214747,1
221.20000000000002,0.41547430687244,0.58452569312756,0.43592655011538245,0.5640734498846175,0.29999999705081376,1
221.3,0.4044297637991961,0.595570236200804,0.45399641610446434,0.5460035838955357,0.29999999704948055,1
221.4,0.39719530444391415,0.6028046955560858,0.4739002998057148,0.5260997001942852,0.29999999704814756,1
221.5,0.3940593438706313,0.6059406561293686,0.4948446961883983,0.5051553038116018,0.29999999704681407,1
221.6,0.39514690293093907,0.604853097069061,0.5159946182648151,0.48400538173518504,0.29999999704548097,1
221.70000000000002,0.4004146240771721,0.599585375922828,0.5365068853864596,0.4634931146135404,0.2999999970441474,1
221.8,0.409652499891007,0.5903475001089931,0.5555637381955767,0.4444362618044234,0.2999999970428144,1
221.9,0.42249224541649427,0.5775077545835057,0.5724054401100783,0.42759455988992173,0.2999999970414811,1
222,0.4384219805190233,0.5615780194809766,0.586360565623504,0.41363943437649603,0.29999999704014774,1
222.1,0.45680663693090545,0.5431933630690946,0.5968727679210852,0.40312723207891477,0.2999999970388142,1
222.20000000000002,0.47691327641906595,0.523086723580934,0.6035229586715363,0.3964770413284637,0.2999999970374809,1
222.3,0.4979403107194004,0.5020596892805995,0.606046015756267,0.3939539842437329,0.29999999703614744,1
222.4,0.5190494583312215,0.4809505416687785,0.604341352851581,0.39565864714841903,0.2999999970348142,1
222.5,0.5393991641552527,0.46060083584474726,0.5984769294879695,0.40152307051203046,0.2999999970334809,1
222.6,0.5581781496396663,0.4418218503603338,0.5886865417180965,0.41131345828190347,0.2999999970321477,1
222.70000000000002,0.574637755895721,0.4253622441042791,0.5753605014059876,0.42463949859401234,0.29999999703081454,1
222.8,0.5881217903650463,0.4118782096349538,0.5590300757247518,0.4409699242752481,0.29999999702948127,1
222.9,0.5980926871461391,0.40190731285386105,0.5403463072109554,0.4596536927890445,0.299999997028148,1
223,0.6041529380504105,0.39584706194958946,0.5200540587532408,0.4799459412467591,0.29999999702681446,1
223.1,0.6060609399992133,0.39393906000078677,0.4989623182595849,0.5010376817404151,0.2999999970254814,1
223.20000000000002,0.603740626976136,0.3962593730238641,0.4779119468624026,0.5220880531375973,0.29999999702414804,1
223.3,0.597284502539029,0.40271549746097096,0.45774215643877714,0.542257843561223,0.29999999702281505,1
223.4,0.5869499519950726,0.41305004800492745,0.4392570528812957,0.5607429471187043,0.2999999970214818,1
223.5,0.5731489812608319,0.42685101873916803,0.4231935789337011,0.5768064210662989,0.29999999702014857,1
223.6,0.556431791486566,0.4435682085134341,0.4101921346093345,0.5898078653906655,0.29999999701881536,1
223.70000000000002,0.5374648442726836,0.4625351557273165,0.40077104646357126,0.5992289535364288,0.2999999970174822,1
223.8,0.5170042919489464,0.48299570805105374,0.3953059035497886,0.6046940964502114,0.29999999701614893,1
223.9,0.49586583216733726,0.5041341678326628,0.3940145838690882,0.6059854161309118,0.29999999701481556,1
224,0.4748921886108446,0.5251078113891555,0.3969485682619704,0.6030514317380296,0.29999999701348234,1
224.1,0.4549195142596789,0.5450804857403211,0.40399088802968813,0.5960091119703118,0.2999999970121489,1
224.20000000000002,0.4367440566106743,0.5632559433893257,0.41486078810713833,0.5851392118928617,0.2999999970108157,1
224.3,0.42109041380237855,0.5789095861976215,0.4291249198813058,0.5708750801186943,0.2999999970094823,1
224.4,0.4085826471739483,0.5914173528260517,0.44621461743290863,0.5537853825670913,0.2999999970081492,1
224.5,0.3997194019089639,0.6002805980910361,0.4654485684520123,0.5345514315479877,0.29999999700681584,1
224.6,0.39485402762557936,0.6051459723744207,0.4860599760097495,0.5139400239902505,0.2999999970054826,1
224.70000000000002,0.39418049144234496,0.605819508557655,0.5072271283320258,0.4927728716679742,0.2999999970041492,1
224.8,0.39772564512131137,0.6022743548786886,0.5281061578548053,0.4718938421451947,0.29999999700281565,1
224.9,0.40534815457301615,0.5946518454269838,0.5478646835608209,0.4521353164391792,0.29999999700148194,1
225,0.416744134400612,0.583255865599388,0.5657149953839137,0.4342850046160863,0.2999999970001488,1
225.1,0.4314592628516424,0.5685407371483577,0.5809454577235246,0.41905454227647543,0.29999999699881547,1
225.20000000000002,0.44890689419256985,0.5510931058074302,0.5929488801103161,0.40705111988968395,0.29999999699748225,1
225.3,0.4683914464228435,0.5316085535771565,0.601246723974019,0.39875327602598104,0.2999999969961489,1
225.4,0.4891361319341521,0.5108638680658478,0.6055081804660616,0.3944918195339385,0.2999999969948154,1
225.5,0.5103139255809908,0.4896860744190093,0.6055633587643976,0.39443664123560235,0.29999999699348184,1
225.6,0.5310805355632957,0.4689194644367044,0.6014100590844411,0.3985899409155589,0.2999999969921483,1
225.70000000000002,0.5506080626761074,0.44939193732389265,0.5932138603775335,0.40678613962246646,0.29999999699081503,1
225.8,0.5681180060381964,0.4318819939618036,0.5813015192206846,0.4186984807793153,0.29999999698948154,1
225.9,0.582912299465414,0.41708770053458594,0.5661479430630206,0.4338520569369793,0.2999999969881483,1
226,0.5944011411665036,0.4055988588334964,0.5483572571644936,0.4516427428355065,0.2999999969868146,1
226.1,0.602126507279228,0.3978734927207721,0.5286387200282573,0.47136127997174276,0.29999999698548135,1
226.20000000000002,0.6057804118363286,0.3942195881636715,0.5077784475024159,0.4922215524975841,0.2999999969841482,1
226.3,0.6052171851941002,0.39478281480589983,0.4866080728219745,0.5133919271780256,0.2999999969828148,1
226.4,0.6004592814213819,0.39954071857861817,0.4659715920162179,0.5340284079837821,0.2999999969814817,1
226.5,0.5916963831266906,0.4083036168733094,0.4466917164504961,0.5533082835495039,0.29999999698014845,1
226.6,0.5792778394112169,0.42072216058878315,0.42953707392039087,0.5704629260796091,0.29999999697881535,1
226.70000000000002,0.5636987384226303,0.4363012615773697,0.41519156588713296,0.584808434112867,0.2999999969774824,1
226.8,0.5455801697530246,0.45441983024697546,0.4042271024845931,0.595772897515407,0.299999996976149,1
226.9,0.525644463556907,0.47435553644309314,0.3970808022670714,0.6029191977329286,0.2999999969748157,1
227,0.5046863935274584,0.4953136064725416,0.394037565671994,0.6059624343280061,0.2999999969734827,1
227.1,0.48354149177752387,0.5164585082224761,0.39521871693855865,0.6047812830614413,0.2999999969721494,1
227.20000000000002,0.4630527388110347,0.5369472611889654,0.40057716729319376,0.5994228327068063,0.29999999697081614,1
227.3,0.4440369565505859,0.555963043449414,0.4098992922303593,0.5901007077696407,0.2999999969694827,1
227.4,0.42725224422509955,0.5727477557749004,0.42281344804743093,0.5771865519525692,0.2999999969681495,1
227.5,0.4133677553459692,0.5866322446540309,0.4388047881062957,0.5611952118937042,0.29999999696681623,1
227.6,0.40293702066826814,0.5970629793317318,0.45723578814406823,0.5427642118559317,0.29999999696548285,1
227.70000000000002,0.3963758806663722,0.6036241193336279,0.4773716623535605,0.5226283376464396,0.2999999969641496,1
227.8,0.3939459072865515,0.6060540927134486,0.49840965697458733,0.5015903430254127,0.2999999969628162,1
227.9,0.3957439758989406,0.6042560241010595,0.519511053553064,0.480488946446936,0.2999999969614829,1
228,0.4016984031822503,0.5983015968177497,0.5398346059989527,0.4601653940010472,0.2999999969601497,1
228.1,0.41157180491157197,0.5884281950884281,0.5585700784130783,0.4414299215869217,0.29999999695881646,1
228.20000000000002,0.42497055971829123,0.5750294402817088,0.5749705466354937,0.42502945336450626,0.29999999695748325,1
228.3,0.44136050153187084,0.5586394984681292,0.5883821757546029,0.41161782424539706,0.29999999695615,1
228.4,0.4600882150953682,0.5399117849046318,0.5982702864417198,0.40172971355828035,0.2999999969548164,1
228.5,0.48040708556969075,0.5195929144303093,0.6042406709285671,0.39575932907143285,0.2999999969534833,1
228.6,0.501507063711073,0.498492936288927,0.6060553088269608,0.3939446911730392,0.2999999969521501,1
228.70000000000002,0.5225469599780819,0.47745304002191813,0.6036418562505422,0.3963581437494579,0.29999999695081697,1
228.8,0.542687980104017,0.45731201989598314,0.5970965299372245,0.4029034700627755,0.2999999969494837,1
228.9,0.5611271651772667,0.4388728348227333,0.5866802713914905,0.41331972860850963,0.2999999969481504,1
229,0.5771294030791462,0.42287059692085377,0.5728083439700827,0.4271916560299174,0.29999999694681706,1
229.1,0.5900567350842091,0.409943264915791,0.5560337776424531,0.443966222357547,0.2999999969454837,1
229.20000000000002,0.5993937892613678,0.40060621073863234,0.5370253214311247,0.46297467856887525,0.29999999694415036,1
229.3,0.6047683267263799,0.3952316732736201,0.5165407824985938,0.48345921750140614,0.2999999969428171,1
229.4,0.6059660816314549,0.39403391836854507,0.4953968147672391,0.5046031852327608,0.29999999694148366,1
229.5,0.602939303268426,0.39706069673157407,0.474436361504623,0.5255636384953771,0.29999999694015067,1
229.6,0.5958086597387917,0.4041913402612083,0.4544950498355648,0.5455049501644351,0.29999999693881724,1
229.70000000000002,0.5848584272973116,0.4151415727026884,0.43636787692573675,0.5636321230742632,0.299999996937484,1
229.8,0.5705251571548428,0.42947484284515736,0.4207775159535119,0.579222484046488,0.2999999969361508,1
229.9,0.5533802715592248,0.44661972844077524,0.40834550541094716,0.591654494589053,0.2999999969348174,1
230,0.5341072829935454,0.46589271700645457,0.39956747032554885,0.6004325296744513,0.29999999693348417,1
230.1,0.5134745446904597,0.4865254553095403,0.3947933632545165,0.6052066367454836,0.29999999693215096,1
230.20000000000002,0.4923046188135632,0.5076953811864368,0.3942135127806639,0.605786487219336,0.2999999969308175,1
230.3,0.471441483499762,0.528558516500238,0.39785103571246083,0.6021489642875392,0.29999999692948426,1
230.4,0.45171688611436983,0.5482831138856302,0.40556091548983225,0.5944390845101677,0.29999999692815116,1
230.5,0.4339171841084726,0.5660828158915275,0.4170357835367692,0.5829642164632308,0.2999999969268178,1
230.6,0.41875199542893143,0.5812480045710685,0.43181817307646425,0.5681818269235357,0.2999999969254847,1
230.70000000000002,0.4068259082902469,0.5931740917097531,0.44931875688803713,0.5506812431119629,0.2999999969241515,1
230.8,0.3986143781503995,0.6013856218496005,0.46883984192303907,0.531160158076961,0.2999999969228185,1
230.9,0.3944447728021789,0.6055552271978212,0.4896031841255242,0.5103968158744758,0.29999999692148527,1
231,0.39448332125238944,0.6055166787476105,0.510781014566587,0.48921898543341297,0.29999999692015206,1
231.1,0.3987284866959348,0.6012715133040651,0.5315290399792948,0.46847096002070526,0.2999999969188189,1
231.20000000000002,0.4070110277833881,0.592988972216612,0.5510201020668286,0.4489798979331714,0.2999999969174858,1
231.3,0.41900074573950546,0.5809992542604945,0.5684771536934412,0.43152284630655874,0.29999999691615215,1
231.4,0.4342196483463588,0.5657803516536413,0.5832042373015625,0.4167957626984375,0.29999999691481893,1
231.5,0.4520610059846234,0.5479389940153766,0.5946142305433233,0.4053857694566767,0.2999999969134859,1
231.6,0.47181354002879167,0.5281864599712084,0.6022522529957307,0.39774774700426935,0.29999999691215257,1
231.70000000000002,0.49268977928132734,0.5073102207186727,0.6058138008076249,0.39418619919237513,0.2999999969108191,1
231.8,0.5138574539642197,0.4861425460357803,0.6051568863072742,0.39484311369272596,0.29999999690948587,1
231.9,0.5344726756885657,0.4655273243114343,0.6003076986027612,0.3996923013972387,0.29999999690815227,1
232,0.5537135806215024,0.4462864193784975,0.5914595595048915,0.40854044049510846,0.2999999969068191,1
232.1,0.5708130946035943,0.4291869053964058,0.5789652163966759,0.42103478360332414,0.2999999969054858,1
232.20000000000002,0.5850895139748457,0.4149104860251543,0.5633227793083656,0.43667722069163434,0.29999999690415247,1
232.3,0.5959736829483114,0.40402631705168857,0.5451558628424751,0.45484413715752486,0.29999999690281903,1
232.4,0.6030316840551861,0.39696831594481397,0.5251887246275739,0.4748112753724262,0.29999999690148577,1
232.5,0.6059821370649321,0.394017862935068,0.5042173914522389,0.49578260854776124,0.2999999969001527,1
232.6,0.604707416727093,0.395292583272907,0.4830779241890853,0.5169220758109148,0.2999999968988195,1
232.70000000000002,0.5992583421188284,0.40074165788117166,0.4626130866862068,0.5373869133137933,0.29999999689748624,1
232.8,0.5898521506486792,0.4101478493513207,0.4436387474321362,0.5563612525678637,0.2999999968961531,1
232.9,0.5768638374866439,0.4231361625133562,0.4269113534539167,0.5730886465460834,0.29999999689482004,1
233,0.5608112056901537,0.4391887943098463,0.41309777316132035,0.5869022268386798,0.299999996893487,1
233.1,0.5423342230302496,0.4576657769697505,0.4027487104078479,0.5972512895921521,0.2999999968921539,1
233.20000000000002,0.522169508496152,0.4778304915038481,0.39627674966599535,0.6037232503340046,0.29999999689082063,1
233.3,0.5011209656207744,0.49887903437922565,0.39393990758636593,0.6060600924136341,0.2999999968894875,1
233.4,0.48002773338381416,0.5199722666161859,0.39583134668805803,0.6041686533119419,0.29999999688815415,1
233.5,0.4597307323887773,0.5402692676112226,0.40187566126303176,0.5981243387369684,0.29999999688682083,1
233.6,0.44103914001228456,0.5589608599877154,0.41183188356372474,0.5881681164362753,0.2999999968854877,1
233.70000000000002,0.42469813105565823,0.5753018689443418,0.4253030904267066,0.5746969095732934,0.29999999688415463,1
233.8,0.41135916997720834,0.5886408300227918,0.4417522273466001,0.5582477726533999,0.29999999688282153,1
233.9,0.4015540390601646,0.5984459609398354,0.4605235191443815,0.5394764808556185,0.2999999968814881,1
234,0.395673637931238,0.6043263620687621,0.48086861365428113,0.5191313863457189,0.29999999688015455,1
234.1,0.39395239962610057,0.6060476003738994,0.5019764161629927,0.49802358383700723,0.2999999968788214,1
234.20000000000002,0.3964589444840775,0.6035410555159226,0.5230054251962497,0.47699457480375024,0.299999996877488,1
234.3,0.40309334447176887,0.5969066555282312,0.5431172805270041,0.4568827194729959,0.299999996876155,1
234.4,0.413591106998393,0.5864088930016069,0.5615101859519905,0.4384898140480095,0.29999999687482143,1
234.5,0.42753371940069834,0.5724662805993017,0.5774508743760514,0.4225491256239487,0.29999999687348816,1
234.6,0.44436533372211146,0.5556346662778886,0.5903038408571838,0.40969615914281615,0.29999999687215484,1
234.70000000000002,0.4634149266166286,0.5365850733833715,0.5995566781830579,0.4004433218169421,0.29999999687082174,1
234.8,0.48392305093201377,0.5160769490679862,0.6048405049295216,0.3951594950704785,0.2999999968694887,1
234.9,0.5050721124711047,0.4949278875288952,0.6059446715988687,0.39405532840113133,0.29999999686815554,1
235,0.5260189648922996,0.4739810351077004,0.6028251585505462,0.3971748414494539,0.29999999686682227,1
235.1,0.545928523293405,0.45407147670659503,0.5956063309253044,0.4043936690746956,0.2999999968654887,1
235.20000000000002,0.5640070564113357,0.4359929435886643,0.5845759805995043,0.4154240194004956,0.2999999968641553,1
235.3,0.5795338301827249,0.4204661698172751,0.5701738528312159,0.42982614716878415,0.2999999968628222,1
235.4,0.5918898411365455,0.4081101588634545,0.5529741150045198,0.44702588499548024,0.29999999686148876,1
235.5,0.6005824941090557,0.3994175058909443,0.5336624663878546,0.4663375336121453,0.29999999686015555,1
235.6,0.605265240458449,0.39473475954155096,0.5130088014681052,0.4869911985318948,0.29999999685882217,1
235.70000000000002,0.6057513938655685,0.3942486061344314,0.4918365166870334,0.5081634833129667,0.2999999968574893,1
235.8,0.6020215729283069,0.39797842707169306,0.47098968422361004,0.5290103157763899,0.2999999968561561,1
235.9,0.594224473836944,0.4057755261630561,0.4512994014999528,0.5487005985000472,0.29999999685482304,1
236,0.5826709423262918,0.4173290576737083,0.43355065794987385,0.5664493420501262,0.2999999968534896,1
236.1,0.5678215812372105,0.43217841876278945,0.4184510399674149,0.5815489600325852,0.29999999685215617,1
236.20000000000002,0.5502683877349069,0.4497316122650931,0.40660252167031063,0.5933974783296895,0.29999999685082324,1
236.3,0.5307111522501735,0.46928884774982643,0.3984774660916188,0.6015225339083812,0.2999999968494899,1
236.4,0.5099295600433039,0.4900704399566962,0.394399793556271,0.605600206443729,0.2999999968481568,1
236.5,0.48875210761328475,0.5112478923867152,0.394532067999943,0.605467932000057,0.2999999968468236,1
236.6,0.46802307315694164,0.5319769268430583,0.3988690160579585,0.6011309839420416,0.2999999968454902,1
236.70000000000002,0.4485688578615943,0.5514311421384057,0.407237737297698,0.5927622627023019,0.29999999684415696,1
236.8,0.43116503989766586,0.5688349601023343,0.4193045972132127,0.5806954027867872,0.2999999968428236,1
236.9,0.4165054545645896,0.5834945454354104,0.434588528180097,0.565411471819903,0.29999999684149026,1
237,0.40517453326701863,0.5948254667329814,0.4524802081035277,0.5475197918964724,0.2999999968401573,1
237.1,0.39762400407906534,0.6023759959209347,0.472266352167294,0.527733647832706,0.2999999968388239,1
237.20000000000002,0.3941548827715456,0.6058451172284545,0.49315814924844464,0.5068418507515553,0.2999999968374909,1
237.3,0.39490547226314066,0.6050945277368595,0.5143227093274396,0.48567729067256044,0.2999999968361578,1
237.4,0.3998458489194848,0.6001541510805152,0.5349162681848043,0.46508373181519574,0.2999999968348244,1
237.5,0.40877905551403676,0.5912209444859632,0.554117825617819,0.4458821743821811,0.2999999968334912,1
237.6,0.4213489532911478,0.5786510467088523,0.5711618761276979,0.42883812387230225,0.29999999683215817,1
237.70000000000002,0.43705442009435225,0.5629455799056478,0.5853689272080514,0.41463107279194855,0.29999999683082496,1
237.8,0.45526932852531177,0.5447306714746882,0.5961725885667813,0.40382741143321876,0.29999999682949174,1
237.9,0.4752675076672619,0.5247324923327382,0.6031421523196164,0.39685784768038357,0.2999999968281588,1
238,0.4962516932278231,0.503748306772177,0.6059997639542352,0.3940002360457648,0.29999999682682565,1
238.1,0.5173853119503408,0.4826146880496592,0.6046314995128201,0.39536850048717986,0.29999999682549255,1
238.20000000000002,0.5378258331495799,0.4621741668504201,0.5990919073807347,0.4009080926192653,0.29999999682415945,1
238.3,0.5567583577512966,0.4432416422487034,0.5896018336145403,0.4103981663854596,0.2999999968228259,1
238.4,0.5734281057466794,0.4265718942533206,0.5765396175066639,0.423460382493336,0.29999999682149264,1
238.5,0.587170506889373,0.412829493110627,0.5604260083917656,0.4395739916082344,0.2999999968201594,1
238.6,0.5974376950139573,0.40256230498604273,0.5419034050141393,0.4580965949858607,0.29999999681882594,1
238.70000000000002,0.6038203497310111,0.3961796502689889,0.5217102451170518,0.4782897548829482,0.29999999681749234,1
238.8,0.6060640147393093,0.3939359852606908,0.5006515662602711,0.4993484337397289,0.2999999968161591,1
238.9,0.6040792421955401,0.3959207578044599,0.4795669115130859,0.520433088486914,0.29999999681482603,1
239,0.5979451587175386,0.4020548412824614,0.45929685952155364,0.5407031404784464,0.2999999968134929,1
239.1,0.5879063108557389,0.4120936891442612,0.44064951329057034,0.5593504867094297,0.2999999968121596,1
239.20000000000002,0.5743629157939439,0.4256370842060561,0.4243682836672683,0.5756317163327317,0.29999999681082645,1
239.3,0.5578549059532069,0.44214509404679314,0.4111022518965886,0.5888977481034113,0.29999999680949313,1
239.4,0.5390404035901148,0.46095959640988515,0.4013802928004097,0.5986197071995903,0.29999999680815964,1
239.5,0.518669483539313,0.48133051646068703,0.39558999020741686,0.6044100097925832,0.2999999968068265,1
239.6,0.4975542700969232,0.5024457299030769,0.3939621852089869,0.606037814791013,0.2999999968054932,1
239.70000000000002,0.47653656018775015,0.5234634398122499,0.3965617732533619,0.603438226746638,0.2999999968041598,1
239.8,0.45645426357842256,0.5435457364215774,0.40328511696892516,0.5967148830310748,0.29999999680282635,1
239.9,0.43810799805926304,0.5618920019407371,0.4138641778591522,0.5861358221408478,0.2999999968014928,1
240,0.42222917133956933,0.5777708286604306,0.42787720215159497,0.572122797848405,0.29999999680015943,1
240.1,0.40945082213041356,0.5905491778695865,0.44476553478982556,0.5552344652101745,0.29999999679882644,1
240.20000000000002,0.4002823828889684,0.5997176171110317,0.46385589124753995,0.53614410875246,0.2999999967974929,1
240.3,0.39508937035410174,0.6049106296458983,0.4843871992578788,0.5156128007421211,0.2999999967961601,1
240.4,0.39407881354749413,0.6059211864525059,0.5055409403629251,0.49445905963707504,0.29999999679482675,1
240.5,0.397291000179884,0.602708999820116,0.5264737816615498,0.47352621833845016,0.2999999967934934,1
240.6,0.4045978705071823,0.5954021294928178,0.546351196830801,0.4536488031691991,0.2999999967921602,1
240.70000000000002,0.41570812266834134,0.5842918773316588,0.56438073605681,0.43561926394319,0.2999999967908271,1
240.8,0.43017882597126905,0.5698211740287309,0.5798436185080669,0.4201563814919331,0.299999996789494,1
240.9,0.4474330791417287,0.5525669208582714,0.592123387858851,0.407876612141149,0.29999999678816075,1
241,0.4667830095565644,0.5332169904434356,0.600730488457531,0.3992695115424691,0.29999999678682754,1
241.1,0.48745719655440806,0.512542803445592,0.60532178236546,0.39467821763454003,0.2999999967854942,1
241.20000000000002,0.5086314255430076,0.49136857445699245,0.6057142291837176,0.39428577081628247,0.29999999678416067,1
241.3,0.5294615468339735,0.47053845316602655,0.6018921832961766,0.3981078167038234,0.29999999678282746,1
241.4,0.5491171292268973,0.4508828707731027,0.5940080176108418,0.4059919823891583,0.2999999967814941,1
241.5,0.5668145666806468,0.4331854333193532,0.5823760489328632,0.41762395106713684,0.29999999678016087,1
241.6,0.5818483182133296,0.41815168178667034,0.5674600071454311,0.432539992854569,0.29999999677882766,1
241.70000000000002,0.5936190355947031,0.406380964405297,0.5498545477627648,0.4501454522372352,0.2999999967774943,1
241.8,0.6016574574686965,0.3983425425313035,0.5302615448913671,0.4697384551086328,0.2999999967761608,1
241.9,0.6056431173227872,0.3943568826772128,0.5094621097243635,0.4905378902756366,0.29999999677482764,1
242,0.6054171194765283,0.3945828805234716,0.48828545010325225,0.5117145498967478,0.2999999967734939,1
242.1,0.6009884737508866,0.39901152624911335,0.46757581261806946,0.5324241873819306,0.2999999967721608,1
242.20000000000002,0.5925337362751107,0.40746626372488925,0.44815882516010747,0.5518411748398926,0.2999999967708274,1
242.3,0.5803899707510316,0.41961002924896834,0.43080858174339604,0.569191418256604,0.29999999676949374,1
242.4,0.5650413107869703,0.43495868921302966,0.4162167818192403,0.5837832181807596,0.2999999967681604,1
242.5,0.5470996590185963,0.4529003409814038,0.4049651544019562,0.5950348455980438,0.2999999967668274,1
242.6,0.5272802924818772,0.4727197075181228,0.3975022663688835,0.6024977336311165,0.2999999967654943,1
242.70000000000002,0.5063733467749181,0.493626653225082,0.39412563951457025,0.6058743604854298,0.2999999967641611,1
242.8,0.4852123158451637,0.5147876841548363,0.39496988929574106,0.6050301107042589,0.29999999676282774,1
242.9,0.46464082321604583,0.5353591767839542,0.4000013581378568,0.5999986418621431,0.2999999967614946,1
243,0.4454789893793999,0.5545210106206002,0.40901945725639743,0.5909805427436027,0.2999999967601613,1
243.1,0.42849073617958366,0.5715092638204163,0.42166466349868537,0.5783353365013147,0.29999999675882816,1
243.20000000000002,0.41435333166031885,0.5856466683396812,0.4374328523974062,0.5625671476025939,0.2999999967574947,1
243.3,0.40363038952510294,0.596369610474897,0.45569539602221104,0.544304603977789,0.2999999967561613,1
243.4,0.3967493996374981,0.6032506003625019,0.4757242243914837,0.5242757756085162,0.2999999967548281,1
243.5,0.39398468534933956,0.6060153146506604,0.4967208513248739,0.503279148675126,0.2999999967534948,1
243.6,0.3954464670944058,0.6045535329055943,0.5178482075674549,0.48215179243254513,0.2999999967521618,1
243.70000000000002,0.40107646824755755,0.5989235317524425,0.5382640120993035,0.4617359879006964,0.29999999675082856,1
243.8,0.4106502384298752,0.5893497615701248,0.5571543512217049,0.4428456487782951,0.2999999967494953,1
243.9,0.42378610163694946,0.5762138983630505,0.573766126727779,0.42623387327222095,0.29999999674816197,1
244,0.43996037245669006,0.5600396275433099,0.5874370795513708,0.41256292044862913,0.2999999967468284,1
244.1,0.4585282337540663,0.5414717662459337,0.5976221919460672,0.40237780805393286,0.2999999967454954,1
244.20000000000002,0.47874944349537574,0.5212505565046243,0.603915415622784,0.3960845843772161,0.29999999674416206,1
244.3,0.4998178458620807,0.5001821541379192,0.6060658596136486,0.3939341403863515,0.29999999674282873,1
244.4,0.5208935101392373,0.47910648986076265,0.6039877925031287,0.3960122074968713,0.29999999674149547,1
244.5,0.5411362161024563,0.4588637838975436,0.597764060269018,0.4022359397309821,0.29999999674016214,1
244.6,0.5597389509466923,0.44026104905330765,0.587642783474744,0.41235721652525614,0.29999999673882877,1
244.70000000000002,0.575960082340019,0.42403991765998106,0.5740274654855191,0.42597253451448097,0.2999999967374957,1
244.8,0.589152924964267,0.41084707503573314,0.5574609060625394,0.4425390939374607,0.29999999673616234,1
244.9,0.5987915218178568,0.4012084781821432,0.5386035616494659,0.46139643835053407,0.29999999673482913,1
245,0.6044916124616417,0.3955083875383583,0.5182072150582757,0.48179278494172434,0.2999999967334962,1
245.1,0.6060259522699698,0.39397404773003014,0.497085004261015,0.502914995738985,0.29999999673216293,1
245.20000000000002,0.6033333719567724,0.3966666280432276,0.4760790051449451,0.523920994855055,0.29999999673082983,1
245.3,0.5965212162019599,0.40347878379804025,0.45602666060433006,0.54397333939567,0.2999999967294967,1
245.4,0.5858610641577896,0.41413893584221045,0.43772739433503527,0.5622726056649647,0.29999999672816335,1
245.5,0.5717779024451107,0.42822209755488927,0.42191074033458614,0.5780892596654139,0.29999999672683025,1
245.6,0.554833182277957,0.44516681772204314,0.40920725868394203,0.5907927413160581,0.29999999672549704,1
245.70000000000002,0.5357024361754633,0.4642975638245368,0.40012339710698375,0.5998766028930164,0.299999996724164,1
245.8,0.515148346612165,0.48485165338783504,0.39502130049800577,0.6049786995019943,0.29999999672283073,1
245.9,0.4939903402746018,0.5060096597253981,0.3941043733476342,0.6058956266523657,0.29999999672149746,1
246,0.47307192010526294,0.5269280798947371,0.3974091706476891,0.602590829352311,0.29999999672016436,1
246.1,0.45322703750218546,0.5467729624978146,0.4048039405590212,0.5951960594409788,0.2999999967188311,1
246.20000000000002,0.4352468453084903,0.5647531546915098,0.41599387694156015,0.5840061230584398,0.29999999671749766,1
246.3,0.419848157045238,0.5801518429547621,0.43053287234477383,0.5694671276552261,0.2999999967161643,1
246.4,0.40764486981845627,0.5923551301815437,0.44784130290390256,0.5521586970960974,0.2999999967148311,1
246.5,0.399123490178854,0.600876509821146,0.4672291361142771,0.532770863885723,0.299999996713498,1
246.6,0.3946237386409567,0.6053762613590433,0.4879234402496842,0.5120765597503159,0.2999999967121647,1
246.70000000000002,0.3943250060982799,0.6056749939017202,0.5090991987110829,0.49090080128891717,0.29999999671083144,1
246.8,0.39823920207452596,0.601760797925474,0.52991220083483,0.47008779916517,0.2999999967094982,1
246.9,0.4062102799284597,0.5937897200715403,0.54953269790769,0.45046730209231006,0.2999999967081648,1
247,0.41792045794104526,0.5820795420589547,0.5671784826295195,0.4328215173704806,0.2999999967068316,1
247.1,0.43290288826973394,0.567097111730266,0.5821460732498429,0.4178539267501571,0.29999999670549815,1
247.20000000000002,0.45056026869867466,0.5494397313013253,0.5938387591652038,0.40616124083479616,0.29999999670416494,1
247.3,0.4701886551931019,0.5298113448068981,0.6017903898878308,0.3982096101121692,0.2999999967028317,1
247.4,0.49100552592650343,0.5089944740734966,0.6056839589945116,0.39431604100548856,0.2999999967014985,1
247.5,0.5121809779563715,0.4878190220436286,0.6053642421722796,0.3946357578277204,0.29999999670016514,1
247.6,0.5328708128355222,0.4671291871644778,0.6008439855219163,0.39915601447808374,0.2999999966988319,1
247.70000000000002,0.5522501921400732,0.4477498078599268,0.5923033974111345,0.4076966025888655,0.2999999966974986,1
247.8,0.569546521174388,0.43045347882561197,0.5800829641356561,0.4199170358643439,0.299999996696165,1
247.9,0.5840702498834451,0.4159297501165548,0.5646698758051033,0.43533012419489675,0.2999999966948319,1
248,0.5952423630374567,0.40475763696254335,0.546678603610795,0.45332139638920504,0.29999999669349886,1
248.1,0.6026174637418292,0.39738253625817077,0.5268264027984894,0.4731735972015106,0.29999999669216576,1
248.20000000000002,0.605901530005772,0.3940984699942281,0.5059047179652406,0.49409528203475933,0.2999999966908326,1
248.3,0.6049636364711967,0.39503636352880334,0.48474763066094534,0.5152523693390547,0.2999999966894995,1
248.4,0.5998411739935707,0.40015882600642927,0.4641986071891328,0.5358013928108671,0.29999999668816635,1
248.5,0.5907383589865054,0.40926164101349455,0.44507687226724496,0.554923127732755,0.2999999966868327,1
248.6,0.5780180919578083,0.42198190804219177,0.42814474912245154,0.5718552508775484,0.2999999966854993,1
248.70000000000002,0.5621874898114718,0.4378125101885283,0.4140772680703148,0.5859227319296852,0.29999999668416605,1
248.8,0.5438776686970641,0.45612233130293584,0.4034352551863614,0.5965647448136386,0.2999999966828329,1
248.9,0.5238185834005141,0.47618141659948593,0.3966429739403014,0.6033570260596985,0.29999999668149935,1
249,0.5028099263503778,0.49719007364962214,0.3939712111503772,0.6060287888496229,0.29999999668016597,1
249.1,0.48168924640437233,0.5183107535956276,0.39552648156746767,0.6044735184325323,0.29999999667883276,1
249.20000000000002,0.46129855841954476,0.5387014415804553,0.40124678146811077,0.5987532185318893,0.2999999966774996,1
249.3,0.4424507747771429,0.5575492252228572,0.4109040605472879,0.5890959394527121,0.29999999667616634,1
249.4,0.42589729713135477,0.5741027028686452,0.4241133135644086,0.5758866864355914,0.2999999966748331,1
249.5,0.4122980603966216,0.5877019396033784,0.4403479292872588,0.5596520707127411,0.2999999966735,1
249.6,0.4021952232252146,0.5978047767747855,0.45896068481995705,0.5410393151800429,0.29999999667216676,1
249.70000000000002,0.3959915538527083,0.6040084461472918,0.47920954833731494,0.5207904516626851,0.2999999966708337,1
249.8,0.3939343729994808,0.6060656270005191,0.5002872615520136,0.4997127384479864,0.29999999666950034,1
249.9,0.3961056939740855,0.6038943060259145,0.521353522554983,0.4786464774450169,0.29999999666816723,1
250,0.4024189530614572,0.5975810469385427,0.5415684860007012,0.4584315139992988,0.29999999666683436,1
250.1,0.4126224605450569,0.5873775394549431,0.5601262450907458,0.4398737549092541,0.299999996665501,1
250.20000000000002,0.42630943478159133,0.5736905652184087,0.5762869605345766,0.4237130394654234,0.2999999966641679,1
250.3,0.44293421930141635,0.5570657806985836,0.5894063556072707,0.4105936443927292,0.29999999666283456,1
250.4,0.46183403641000587,0.5381659635899941,0.5989614014293444,0.4010385985706557,0.29999999666150123,1
250.5,0.48225541004304745,0.5177445899569525,0.6045711684776077,0.39542883152239233,0.2999999966601679,1
250.6,0.5033842044793164,0.4966157955206835,0.6060120130431207,0.3939879869568794,0.2999999966588347,1
250.70000000000002,0.5243780813626413,0.47562191863735875,0.603226493200094,0.3967735067999059,0.2999999966575016,1
250.8,0.5444000810739223,0.45559991892607765,0.5963256588341952,0.40367434116580486,0.29999999665616844,1
250.9,0.562651989669878,0.4373480103301221,0.5855846244340546,0.4144153755659455,0.29999999665483534,1
251,0.5784061611539683,0.42159383884603185,0.5714316011448058,0.42856839885519415,0.29999999665350213,1
251.1,0.5910345264259794,0.4089654735740206,0.5544308253410722,0.44556917465892776,0.29999999665216875,1
251.20000000000002,0.6000336324149956,0.3999663675850044,0.5352600643033194,0.46473993569668054,0.2999999966508357,1
251.3,0.6050447131645429,0.3949552868354572,0.5146835957752729,0.4853164042247272,0.2999999966495025,1
251.4,0.6058679926990839,0.39413200730091613,0.49352173862217313,0.5064782613778269,0.29999999664816956,1
251.5,0.6024706494617098,0.3975293505382903,0.47261814930637197,0.527381850693628,0.2999999966468364,1
251.6,0.5949881248060351,0.4050118751939649,0.45280618796657934,0.5471938120334207,0.2999999966455032,1
251.70000000000002,0.5837187233768519,0.416281276623148,0.43487569497904105,0.565124305020959,0.29999999664417015,1
251.8,0.5691117206453269,0.43088827935467305,0.4195415025143083,0.5804584974856917,0.29999999664283683,1
251.9,0.5517494517137829,0.4482505482862172,0.407414936434457,0.592585063565543,0.2999999966415037,1
252,0.5323240954528943,0.46767590454710567,0.3989794446601834,0.6010205553398166,0.2999999966401702,1
252.1,0.5116100795144836,0.4883899204855164,0.3945713236278661,0.6054286763721339,0.29999999663883703,1
252.20000000000002,0.49043320634497123,0.5095667936550288,0.3943663112119298,0.6056336887880703,0.29999999663750376,1
252.3,0.4696377310478947,0.5303622689521053,0.39837258061038444,0.6016274193896156,0.2999999966361705,1
252.4,0.45005270359722116,0.5499472964027788,0.40643041450521566,0.5935695854947843,0.29999999663483734,1
252.5,0.4324589172311916,0.5675410827688083,0.41821857248782096,0.5817814275121791,0.29999999663350424,1
252.6,0.4175577806899318,0.5824422193100682,0.43326709790033535,0.5667329020996648,0.29999999663217086,1
252.70000000000002,0.4059433552624808,0.5940566447375193,0.4509760535244976,0.5490239464755023,0.29999999663083765,1
252.8,0.3980786714379305,0.6019213285620696,0.47063943918526924,0.5293605608147307,0.29999999662950444,1
252.9,0.3942772693410527,0.6057227306589473,0.49147333774982627,0.5085266622501738,0.2999999966281714,1
253,0.39469069887699254,0.6053093011230074,0.5126471674297689,0.4873528325702311,0.29999999662683813,1
253.1,0.39930247791481094,0.6006975220851891,0.5333167944558854,0.4666832055441147,0.29999999662550475,1
253.20000000000002,0.4079287493780322,0.5920712506219677,0.5526581860276222,0.4473418139723778,0.29999999662417154,1
253.3,0.4202256110460715,0.5797743889539285,0.5699002619003691,0.43009973809963087,0.2999999966228382,1
253.4,0.4357028258504872,0.5642971741495127,0.5843556349214449,0.4156443650785551,0.2999999966215049,1
253.5,0.4537433660798171,0.5462566339201829,0.5954480149866253,0.4045519850133747,0.2999999966201714,1
253.6,0.473628012327226,0.5263719876727739,0.6027351839079481,0.39726481609205183,0.29999999661883825,1
253.70000000000002,0.49456402649855374,0.5054359735014463,0.6059266252573188,0.3940733747426813,0.29999999661750487,1
253.8,0.5157167557784147,0.48428324422158536,0.6048951063396883,0.3951048936603116,0.2999999966161715,1
253.9,0.5362429076039611,0.4637570923960389,0.5996817505590849,0.4003182494409152,0.29999999661483834,1
254,0.5553241690781098,0.44467583092189017,0.5904943979582693,0.40950560204173075,0.2999999966135052,1
254.1,0.5721998305223269,0.4278001694776731,0.5776993192921287,0.42230068070787125,0.29999999661217197,1
254.20000000000002,0.5861971125708711,0.41380288742912896,0.5618066139685509,0.43819338603144914,0.29999999661083854,1
254.3,0.5967579877609555,0.4032420122390445,0.5434498739947963,0.45655012600520384,0.29999999660950505,1
254.4,0.6034614273266719,0.39653857267332826,0.5233609246636493,0.4766390753363507,0.29999999660817184,1
254.5,0.6060401862872071,0.3939598137127928,0.502340648988481,0.49765935101151904,0.2999999966068383,1
254.6,0.60439145766086,0.39560854233914006,0.48122705902492224,0.5187729409750778,0.29999999660550497,1
254.70000000000002,0.5985809710549612,0.4014190289450387,0.4608618869747944,0.5391381130252056,0.2999999966041717,1
254.8,0.5888403722338578,0.4111596277661423,0.44205702797955143,0.5579429720204485,0.29999999660283844,1
254.9,0.575557988133311,0.424442011866689,0.42556217242316025,0.5744378275768398,0.2999999966015053,1
255,0.559263345491045,0.440736654508955,0.4120349181423564,0.5879650818576436,0.299999996600172,1
255.1,0.540606060286786,0.459393939713214,0.4020145540761343,0.5979854459238658,0.29999999659883897,1
255.20000000000002,0.520329939603201,0.479670060396799,0.3959005605176323,0.6040994394823677,0.29999999659750576,1
255.3,0.49924332838480834,0.5007566716151918,0.39393668309552216,0.6060633169044779,0.2999999965961725,1
255.4,0.478186883276005,0.521813116723995,0.3962012154050044,0.6037987845949957,0.2999999965948391,1
255.5,0.4580000582935895,0.5419999417064105,0.4026038776892476,0.5973961223107523,0.2999999965935055,1
255.6,0.43948763844425065,0.5605123615557495,0.4128894160083909,0.5871105839916092,0.2999999965921724,1
255.70000000000002,0.4233876554860831,0.5766123445139169,0.4266477784086001,0.5733522215914,0.29999999659083904,1
255.8,0.41034196493146485,0.5896580350685351,0.4433304623994312,0.5566695376005688,0.29999999658950605,1
255.9,0.4008706572933399,0.5991293427066601,0.46227238201716786,0.5377276179828321,0.299999996588173,1
256,0.3953513237177639,0.6046486762822361,0.48271838270332496,0.517281617296675,0.29999999658683973,1
256.1,0.39400400261650986,0.6059959973834901,0.503853346933788,0.4961466530662121,0.2999999965855063,1
256.2,0.39688240742998715,0.603117592570013,0.5248346903821612,0.47516530961783887,0.2999999965841732,1
256.3,0.40387178524188183,0.5961282147581182,0.544825953097844,0.45517404690215596,0.29999999658284,1
256.4,0.41469349161579616,0.5853065083842038,0.5630301465245701,0.43696985347543005,0.2999999965815067,1
256.5,0.42891609926958557,0.5710839007304145,0.5787215269190177,0.42127847308098243,0.2999999965801738,1
256.6,0.44597259771960646,0.5540274022803935,0.591274528463562,0.408725471536438,0.29999999657884074,1
256.7,0.46518299819933484,0.5348170018006652,0.6001887026012691,0.399811297398731,0.2999999965775074,1
256.8,0.48578144266558754,0.5142185573344125,0.6051086693405501,0.3948913306594499,0.29999999657617415,1
256.9,0.506946736141819,0.4930532638581811,0.6058382851339204,0.3941617148660797,0.29999999657484094,1
257,0.5278350851703186,0.47216491482968137,0.6023484625022486,0.39765153749775134,0.2999999965735078,1
257.1,0.5476137371945367,0.4523862628054634,0.5947783296607548,0.4052216703392453,0.2999999965721748,1
257.2,0.5654941797755219,0.43450582022447815,0.5834296839161264,0.4165703160838736,0.29999999657084175,1
257.3,0.5807635760944841,0.4192364239055159,0.5687549599603083,0.4312450400396916,0.29999999656950843,1
257.4,0.5928131835071966,0.40718681649280347,0.5513391927271223,0.44866080727287766,0.29999999656817533,1
257.5,0.6011626221921565,0.3988373778078434,0.5318766938956999,0.46812330610430003,0.2999999965668422,1
257.6,0.6054790263780913,0.39452097362190885,0.5111433718749363,0.4888566281250638,0.299999996565509,1
257.7,0.6055903146518021,0.3944096853481978,0.48996579878382907,0.5100342012161709,0.29999999656417586,1
257.8,0.6014920503010562,0.3985079496989438,0.4691882576295811,0.530811742370419,0.29999999656284254,1
257.9,0.5933476181922991,0.40665238180770086,0.44963908340848097,0.5503609165915191,0.2999999965615092,1
258,0.581481711131637,0.418518288868363,0.4320976400036519,0.5679023599963482,0.29999999656017595,1
258.1,0.5663673853873175,0.43363261461268265,0.4172632494065395,0.5827367505934605,0.29999999655884263,1
258.2,0.5486072014291781,0.4513927985708219,0.4057273119560257,0.5942726880439743,0.29999999655750914,1
258.3,0.5289092017442675,0.47109079825573247,0.39794972907325327,0.6020502709267468,0.29999999655617565,1
258.4,0.5080586834173175,0.4919413165826825,0.39424056844331745,0.6057594315566827,0.2999999965548424,1
258.5,0.48688689081420566,0.5131131091857943,0.3947477025951708,0.6052522974048292,0.2999999965535091,1
258.6,0.4662378764923191,0.5337621235076809,0.3994509136905497,0.6005490863094504,0.29999999655217585,1
258.7,0.4469348514887428,0.5530651485112572,0.40816269954538403,0.591837300454616,0.29999999655084253,1
258.8,0.429747366494091,0.5702526335059089,0.4205357487501604,0.5794642512498396,0.2999999965495092,1
258.9,0.4153606322950126,0.5846393677049875,0.4360767868797795,0.5639232131202204,0.29999999654817594,1
259,0.40434820258250787,0.5956517974174922,0.4541662417882164,0.5458337582117836,0.2999999965468427,1
259.1,0.3971491081762844,0.6028508918237157,0.4740829439947445,0.5259170560052556,0.2999999965455094,1
259.2,0.39405035425146434,0.6059496457485356,0.495032877435275,0.504967122564725,0.2999999965441759,1
259.3,0.3951754783479815,0.6048245216520185,0.5161808343770862,0.4838191656229138,0.2999999965428425,1
259.4,0.4004796253187239,0.5995203746812761,0.5366837125153877,0.46331628748461223,0.2999999965415092,1
259.5,0.40975133556269755,0.5902486644373024,0.5557241268015602,0.44427587319843975,0.29999999654017573,1
259.6,0.4226209752519973,0.5773790247480026,0.5725429960055497,0.42745700399445036,0.2999999965388427,1
259.7,0.43857547246604145,0.5614245275339586,0.5864698048890082,0.4135301951109917,0.2999999965375092,1
259.8,0.4569787717498987,0.5430212282501014,0.596949335531843,0.403050664468157,0.2999999965361759,1
259.9,0.47709719163802206,0.522902808361978,0.6035638021185381,0.3964361978814619,0.2999999965348427,1
260,0.4981286742189371,0.5018713257810629,0.6060495067401747,0.3939504932598254,0.29999999653350956,1
260.1,0.5192347606530476,0.48076523934695237,0.6043073521978829,0.39569264780211716,0.29999999653217607,1
260.2,0.5395740178805719,0.4604259821194281,0.5984067926954304,0.4015932073045697,0.299999996530843,1
260.3,0.5583355839022517,0.4416644160977483,0.5885830649192982,0.4114169350807018,0.2999999965295099,1
260.4,0.5747714942883527,0.4252285057116474,0.5752278098943475,0.4247721901056525,0.2999999965281766,1
260.5,0.5882265011600605,0.4117734988399396,0.558873459492093,0.44112654050790706,0.29999999652684345,1
260.6,0.5981641958545838,0.4018358041454162,0.5401720100522265,0.45982798994777346,0.2999999965255103,1
260.7,0.604188393845747,0.395811606154253,0.5198690293461155,0.4801309706538846,0.2999999965241771,1
260.8,0.6060589293707724,0.39394107062922756,0.4987739331426116,0.5012260668573885,0.29999999652284376,1
260.9,0.603701230081329,0.3962987699186709,0.47772771635569133,0.5222722836443088,0.2999999965215105,1
261,0.597209290007724,0.4027907099922759,0.45756942523123795,0.5424305747687621,0.2999999965201775,1
261.1,0.5868419223135382,0.4131580776864618,0.43910270722107003,0.56089729277893,0.29999999651884424,1
261.2,0.5730124412315524,0.4269875587684477,0.42306377209517976,0.5769362279048202,0.29999999651751097,1
261.3,0.5562721845296174,0.44372781547038276,0.41009204158152596,0.589907958418474,0.299999996516178,1
261.4,0.5372885334137537,0.46271146658624623,0.40070465763962176,0.5992953423603782,0.2999999965148446,1
261.5,0.5168183061455813,0.48318169385441867,0.3952758656425996,0.6047241343574005,0.2999999965135114,1
261.6,0.49567758608658535,0.5043224139134147,0.3940220943952255,0.6059779056047745,0.2999999965121783,1
261.7,0.4747091870298805,0.5252908129701195,0.3969933278004584,0.6030066721995416,0.29999999651084513,1
261.8,0.4547490528740214,0.5452509471259787,0.4040711121589785,0.5959288878410215,0.2999999965095119,1
261.9,0.43659293117782927,0.5634070688221707,0.4149732785443665,0.5850267214556335,0.2999999965081784,1
262,0.42096464921643334,0.5790353507835666,0.4292651919877351,0.570734808012265,0.2999999965068454,1
262.1,0.4084872572720581,0.591512742727942,0.4463770790023249,0.5536229209976751,0.2999999965055119,1
262.2,0.39965818958548627,0.6003418104145137,0.4656267426543369,0.5343732573456631,0.29999999650417863,1
262.3,0.3948294332226779,0.6051705667773221,0.4862467596018156,0.5137532403981845,0.29999999650284553,1
262.4,0.3941934954612485,0.6058065045387515,0.5074150748414673,0.49258492515853264,0.29999999650151205,1
262.5,0.3977757291328236,0.6022242708671764,0.5282877744474104,0.47171222555258974,0.29999999650017883,1
262.6,0.40543332188565234,0.5945666781143477,0.5480327297561858,0.4519672702438143,0.29999999649884557,1
262.7,0.4168609896623871,0.5831390103376128,0.5658627717105477,0.4341372282894524,0.29999999649751213,1
262.8,0.4316031474120397,0.5683968525879604,0.5810670728056357,0.41893292719436426,0.2999999964961789,1
262.9,0.4490720718282354,0.5509279281717646,0.5930394855383724,0.4069605144616276,0.29999999649484554,1
263,0.4685713320227088,0.5314286679772913,0.6013027075955357,0.3986972924044642,0.29999999649351233,1
263.1,0.48932355402703126,0.5106764459729687,0.6055273103907217,0.3944726896092784,0.29999999649217907,1
263.2,0.5105014122395051,0.4894985877604949,0.6055448723424753,0.3944551276575247,0.2999999964908458,1
263.3,0.5312606122860387,0.46873938771396134,0.6013546933112395,0.3986453066887605,0.2999999964895126,1
263.4,0.5507735503724273,0.4492264496275727,0.5931238225117077,0.40687617748829236,0.2999999964881792,1
263.5,0.5682623072358853,0.4317376927641147,0.581180398787805,0.418819601212195,0.299999996486846,1
263.6,0.5830296613311042,0.4169703386688957,0.5660005687525158,0.43399943124748414,0.2999999964855125,1
263.7,0.5944868848529798,0.4055131151470202,0.5481895043250414,0.45181049567495857,0.29999999648417935,1
263.8,0.6021772144562996,0.3978227855437005,0.5284572764361745,0.47154272356382554,0.29999999648284636,1
263.9,0.605794060968867,0.39420593903113305,0.5075905467411213,0.4924094532588788,0.29999999648151315,1
264,0.6051932321342652,0.3948067678657347,0.48642120590184584,0.5135787940981542,0.2999999964801798,1
264.1,0.6003986811020787,0.3996013188979212,0.4657932087316483,0.5342067912683517,0.29999999647884645,1
264.2,0.5916015514914085,0.4083984485085916,0.4465289283801014,0.5534710716198986,0.299999996477513,1
264.3,0.5791525570979861,0.4208474429020139,0.4293963709108128,0.5706036290891872,0.2999999964761795,1
264.4,0.5635480000419153,0.4364519999580847,0.41507855732333443,0.5849214426766657,0.29999999647484626,1
264.5,0.5454099847683662,0.4545900152316338,0.40414629366138094,0.5958537063386191,0.299999996473513,1
264.6,0.525461616706576,0.47453838329342407,0.39703541477721144,0.6029645852227885,0.2999999964721796,1
264.7,0.5044981743383516,0.49550182566164835,0.3940294089714733,0.6059705910285268,0.29999999647084635,1
264.8,0.4833554039547309,0.5166445960452691,0.39524811620928585,0.6047518837907142,0.299999996469513,1
264.9,0.46287620108879646,0.5371237989112035,0.40064295047902243,0.5993570495209776,0.2999999964681795,1
265,0.4438770069307722,0.5561229930692279,0.4099988367632679,0.590001163236732,0.29999999646684644,1
265.1,0.4271152593942851,0.5728847406057149,0.42294278540103375,0.5770572145989663,0.2999999964655132,1
265.2,0.41325919645706316,0.5867408035429369,0.4389587620084657,0.5610412379915343,0.29999999646417996,1
265.3,0.4028612156215821,0.5971387843784178,0.45740826014123465,0.5425917398587653,0.29999999646284664,1
265.4,0.39633585156989243,0.6036641484301075,0.4775557565314814,0.5224442434685186,0.29999999646151343,1
265.5,0.39394324997403113,0.6060567500259689,0.49859803407935127,0.5014019659206487,0.29999999646018016,1
265.6,0.39577879630904356,0.6042212036909564,0.5196962035839823,0.4803037964160178,0.2999999964588468,1
265.7,0.4017693131351115,0.5982306868648886,0.5400091476085871,0.4599908523914129,0.29999999645751324,1
265.8,0.4116759774511472,0.5883240225488529,0.5587270531782691,0.44127294682173096,0.2999999964561801,1
265.9,0.42510384181417393,0.5748961581858261,0.575103696467732,0.4248963035322681,0.29999999645484654,1
266,0.441517579647508,0.5584824203524921,0.5884861923902702,0.4115138076097299,0.29999999645351305,1
266.1,0.4602628270219942,0.5397371729780057,0.5983410230658068,0.4016589769341932,0.29999999645217995,1
266.2,0.48059227008082944,0.5194077299191706,0.6042753074951017,0.3957246925048983,0.29999999645084646,1
266.3,0.5016954380846683,0.4983045619153316,0.6060524644853411,0.39394753551465894,0.29999999644951303,1
266.4,0.5227310143223282,0.4772689856776719,0.6036016443956929,0.3963983556043072,0.29999999644817965,1
266.5,0.5428603767530457,0.45713962324695434,0.5970205536888986,0.40297944631110133,0.2999999964468464,1
266.6,0.5612810312207287,0.43871896877927125,0.5865715596829442,0.4134284403170559,0.2999999964455132,1
266.7,0.5772586043634576,0.4227413956365424,0.5726712307940648,0.4273287692059352,0.29999999644417996,1
266.8,0.5901561207618964,0.4098438792381037,0.5558737292685917,0.4441262707314084,0.29999999644284675,1
266.9,0.599459397139102,0.40054060286089804,0.5368487184830069,0.4631512815169931,0.2999999964415133,1
267,0.6047975412251209,0.3952024587748791,0.5163546655784397,0.48364533442156027,0.29999999644018016,1
267.1,0.6059577380613329,0.39404226193866704,0.49520860376930936,0.5047913962306907,0.2999999964388469,1
267.2,0.6028937342612515,0.3971062657387486,0.474253559807451,0.5257464401925491,0.2999999964375138,1
267.3,0.5957276819870748,0.40427231801292524,0.4543249451659333,0.5456750548340666,0.29999999643618025,1
267.4,0.584745269128465,0.41525473087153497,0.4362172508200096,0.5637827491799904,0.2999999964348471,1
267.5,0.5703843298279554,0.4296156701720446,0.4206523733991801,0.5793476266008198,0.29999999643351394,1
267.6,0.5532173894153987,0.4467826105846014,0.4082508354467281,0.591749164553272,0.2999999964321807,1
267.7,0.5339288396298335,0.46607116037016655,0.3995070471441574,0.6004929528558427,0.29999999643084757,1
267.8,0.5132876540806436,0.48671234591935636,0.3947695957375117,0.6052304042624883,0.2999999964295142,1
267.9,0.4921167316964693,0.5078832683035307,0.3942273484639432,0.6057726515360567,0.2999999964281806,1
268,0.47126009034181676,0.5287399096581833,0.3979019230109939,0.6020980769890061,0.2999999964268473,1
268.1,0.451549218488342,0.5484507815116579,0.4056468256876159,0.5943531743123841,0.29999999642551406,1
268.2,0.4337699263934882,0.5662300736065118,0.4171532916653317,0.5828467083346683,0.2999999964241809,1
268.3,0.41863101832537264,0.5813689816746274,0.4319625944575506,0.5680374055424494,0.2999999964228476,1
268.4,0.40673603477345405,0.5932639652265459,0.4494843338969464,0.5505156661030536,0.2999999964215142,1
268.5,0.3985591911938651,0.6014408088061349,0.46901997352695185,0.5309800264730481,0.29999999642018105,1
268.6,0.39442647253570123,0.6055735274642988,0.4897906890458496,0.5102093109541503,0.2999999964188478,1
268.7,0.394502637249841,0.6054973627501591,0.5109684175738776,0.48903158242612244,0.29999999641751446,1
268.8,0.3987846488894541,0.601215351110546,0.531708869907054,0.46829113009294593,0.299999996416181,1
268.9,0.4071017971635551,0.5928982028364449,0.5511851896633422,0.44881481033665793,0.29999999641484754,1
269,0.4191225036175816,0.5808774963824185,0.5686209174372179,0.43137908256278223,0.29999999641351427,1
269.1,0.434367540619987,0.565632459380013,0.5833209457858258,0.4166790542141741,0.2999999964121812,1
269.2,0.45222913665557074,0.5477708633444293,0.5946992309691133,0.4053007690308868,0.29999999641084785,1
269.3,0.471995206257792,0.528004793742208,0.6023021566643147,0.39769784333568536,0.29999999640951464,1
269.4,0.4928777386091306,0.5071222613908695,0.6058266182172223,0.39417338178277767,0.29999999640818126,1
269.5,0.5140442130455862,0.4859557869544139,0.6051321064682137,0.39486789353178636,0.2999999964068483,1
269.6,0.5346507890282935,0.4653492109717064,0.6002463094090268,0.39975369059097327,0.29999999640551517,1
269.7,0.5538759474028249,0.4461240525971751,0.591364008349906,0.40863599165009395,0.29999999640418196,1
269.8,0.5709532417753352,0.42904675822466476,0.5788393126034496,0.4211606873965504,0.2999999964028483,1
269.9,0.5852018543115429,0.4147981456884571,0.5631715422638092,0.4368284577361909,0.29999999640151476,1
270,0.5960537377952636,0.4039462622047365,0.544985321890283,0.45501467810971696,0.29999999640018155,1
270.1,0.6030762618782814,0.3969237381217185,0.5250056786973191,0.474994321302681,0.2999999963988482,1
270.2,0.6059894606870423,0.39401053931295776,0.5040291380075064,0.4959708619924937,0.2999999963975148,1
270.3,0.604677194178517,0.39532280582148316,0.4828919683006287,0.5171080316993713,0.29999999639618163,1
270.4,0.599191778277202,0.40080822172279795,0.46243684182846134,0.5375631581715387,0.2999999963948486,1
270.5,0.5897518992043073,0.41024810079569285,0.44347923993138866,0.5565207600686114,0.2999999963935154,1
270.6,0.576733895148241,0.4232661048517589,0.42677494237084956,0.5732250576291505,0.29999999639218217,1
270.7,0.560656752848682,0.43934324715131806,0.4129898967753308,0.5870101032246692,0.29999999639084896,1
270.8,0.5421614172330781,0.4578385827669219,0.40267366941001026,0.5973263305899899,0.2999999963895157,1
270.9,0.5219852389650758,0.4780147610349243,0.3962375357040794,0.6037624642959206,0.2999999963881825,1
271,0.5009325786004817,0.49906742139951826,0.393938083997282,0.606061916002718,0.2999999963868491,1
271.1,0.4798427392702946,0.5201572607297055,0.3958669861725476,0.6041330138274523,0.2999999963855161,1
271.2,0.45955650631353445,0.5404434936864655,0.4019473429873186,0.5980526570126814,0.29999999638418284,1
271.3,0.44088262781911763,0.5591173721808823,0.41193674980367373,0.5880632501963263,0.29999999638284963,1
271.4,0.4245655723917894,0.5754344276082107,0.42543696049626634,0.5745630395037337,0.2999999963815163,1
271.5,0.4112558495382385,0.5887441504617614,0.44190976426856254,0.5580902357314375,0.29999999638018304,1
271.6,0.40148407590593777,0.5985159240940622,0.460698442418821,0.539301557581179,0.29999999637885005,1
271.7,0.39563982127192393,0.6043601787280761,0.4810539496422665,0.5189460503577334,0.29999999637751673,1
271.8,0.39395607762518775,0.6060439223748123,0.5021647761035641,0.4978352238964358,0.29999999637618363,1
271.9,0.3964999705113488,0.6035000294886512,0.5231892997730008,0.4768107002269992,0.2999999963748502,1
272,0.40317008294898626,0.5968299170510137,0.543289339240829,0.45671066075917094,0.29999999637351704,1
272.1,0.41370049860463987,0.5862995013953601,0.5616635693649501,0.4383364306350499,0.29999999637218366,1
272.2,0.42767140303784984,0.5723285969621502,0.5775794675755167,0.4224205324244833,0.2999999963708508,1
272.3,0.4445258203780547,0.5554741796219453,0.5904025172381056,0.4095974827618945,0.2999999963695176,1
272.4,0.463591818194853,0.536408181805147,0.5996215038295307,0.4003784961704693,0.29999999636818453,1
272.5,0.4841092953235278,0.5158907046764722,0.6048688954475968,0.39513110455240313,0.2999999963668514,1
272.6,0.5052602846997666,0.4947397153002335,0.6059354951481857,0.39406450485181443,0.29999999636551805,1
272.7,0.5262015631251842,0.47379843687481576,0.6027787809672349,0.397221219032765,0.2999999963641849,1
272.8,0.5460982679152089,0.4539017320847912,0.5955246011372541,0.40447539886274586,0.2999999963628515,1
272.9,0.5641571802396658,0.4358428197603343,0.584462156915443,0.415537843084557,0.2999999963615183,1
273,0.5796583482543048,0.42034165174569527,0.5700324730422237,0.42996752695777635,0.2999999963601852,1
273.1,0.5919837893088143,0.4080162106911856,0.5528108154766191,0.44718918452338086,0.29999999635885155,1
273.2,0.600642126964866,0.3993578730351341,0.5334837573578847,0.46651624264211544,0.29999999635751845,1
273.3,0.6052881806240284,0.3947118193759716,0.5128218075011228,0.4871781924988772,0.2999999963561851,1
273.40000000000003,0.60573672678891,0.39426327321109,0.4916486926423889,0.5083513073576111,0.2999999963548518,1
273.5,0.6019698833394711,0.39803011666052895,0.47080851805323054,0.5291914819467695,0.29999999635351876,1
273.6,0.5941378224367165,0.4058621775632836,0.4511321157273291,0.5488678842726709,0.2999999963521855,1
273.7,0.5825527836325467,0.4174472163674533,0.43340392173084186,0.5665960782691581,0.29999999635085206,1
273.8,0.5676766258641839,0.4323233741358161,0.4183307032119587,0.5816692967880414,0.2999999963495186,1
273.90000000000003,0.550102414595873,0.4498975854041271,0.40651338182511265,0.5934866181748873,0.2999999963481855,1
274,0.5305307781704096,0.46946922182959033,0.39842307688100037,0.6015769231189997,0.29999999634685237,1
274.1,0.5097419759681479,0.4902580240318522,0.39438232330641826,0.6056176766935817,0.29999999634551894,1
274.2,0.4885647919278374,0.5114352080721626,0.39455221319458494,0.6054477868054151,0.2999999963441856,1
274.3,0.46784349354645316,0.5321565064535468,0.3989259735717582,0.6010740264282419,0.29999999634285246,1
274.40000000000003,0.4484041735984194,0.5515958264015806,0.407329236414326,0.5926707635856739,0.29999999634151886,1
274.5,0.43102181642366866,0.5689781835763313,0.41942699015164037,0.5805730098483597,0.2999999963401857,1
274.6,0.4163894017476951,0.5836105982523049,0.4347369355201152,0.5652630644798848,0.2999999963388524,1
274.7,0.40509027776679796,0.594909722233202,0.4526487133128319,0.547351286687168,0.2999999963375192,1
274.8,0.3975749048964194,0.6024250951035806,0.47244823747495607,0.527551762525044,0.2999999963361859,1
274.90000000000003,0.39414289733593966,0.6058571026640603,0.4933461634612395,0.5066538365387606,0.29999999633485275,1
275,0.39493107839606845,0.6050689216039316,0.514509356912036,0.48549064308796397,0.2999999963335195,1
275.1,0.3999080257852337,0.6000919742147663,0.535094108091025,0.4649058919089751,0.2999999963321865,1
275.2,0.408875324317186,0.591124675682814,0.554279767929828,0.4457202320701719,0.29999999633085367,1
275.3,0.42147547609831965,0.5785245239016804,0.5713014647165712,0.4286985352834288,0.29999999632952024,1
275.40000000000003,0.4372061528405037,0.5627938471594963,0.5854805971172631,0.414519402882737,0.29999999632818697,1
275.5,0.4554402221046899,0.5445597778953101,0.5962518878694578,0.4037481121305423,0.2999999963268538,1
275.6,0.4754507490921608,0.5245492509078392,0.6031859196028121,0.3968140803971879,0.29999999632552055,1
275.7,0.49643997724090316,0.5035600227590968,0.6060062543544896,0.3939937456455104,0.2999999963241871,1
275.8,0.5175711322621849,0.4824288677378151,0.604600454278358,0.3953995457216421,0.29999999632285385,1
275.90000000000003,0.5380017816907645,0.46199821830923543,0.5990245641870819,0.400975435812918,0.2999999963215206,1
276,0.5569174200087411,0.44308257999125883,0.5895008772223077,0.4104991227776923,0.29999999632018726,1
276.1,0.5735639404101466,0.4264360595898534,0.5764090727286129,0.4235909272713871,0.299999996318854,1
276.2,0.5872776986594961,0.41272230134050386,0.5602710796362255,0.43972892036377453,0.29999999631752056,1
276.3,0.5975119704931364,0.40248802950686363,0.5417302688016713,0.4582697311983287,0.29999999631618723,1
276.40000000000003,0.6038587477902895,0.39614125220971047,0.5215258038420659,0.478474196157934,0.2999999963148542,1
276.5,0.6060650045692397,0.39393499543076027,0.5004631730143435,0.49953682698565643,0.2999999963135208,1
276.6,0.6040427843347274,0.39595721566527264,0.4793820769404025,0.5206179230595975,0.2999999963121876,1
276.7,0.5978727066258404,0.4021272933741597,0.4591229523932285,0.5408770476067716,0.29999999631085433,1
276.8,0.5878007529694079,0.412199247030592,0.4404934667349955,0.5595065332650044,0.29999999630952107,1
276.90000000000003,0.5742284603727903,0.4257715396272097,0.4242363187681644,0.5757636812318355,0.29999999630818786,1
277,0.5576969133105594,0.4423030866894406,0.4109996296780294,0.5890003703219706,0.2999999963068548,1
277.1,0.5388651723940447,0.4611348276059553,0.4013111044863948,0.5986888955136053,0.29999999630552143,1
277.2,0.5184839997046149,0.4815160002953851,0.395556994117682,0.604443005882318,0.2999999963041882,1
277.3,0.4973659282787389,0.5026340717212611,0.39396669679350094,0.6060333032064991,0.2999999963028548,1
277.40000000000003,0.47635286898000384,0.5236471310199963,0.39660361264948735,0.6033963873505127,0.2999999963015217,1
277.5,0.4562825461698762,0.5437174538301239,0.4033626161719746,0.5966373838280254,0.29999999630018825,1
277.6,0.43795510028109147,0.5620448997189085,0.41397424722047066,0.5860257527795294,0.2999999962988549,1
277.7,0.42210118874367525,0.5778988112563248,0.4280154535531021,0.571984546446898,0.29999999629752155,1
277.8,0.40935285697900875,0.5906471430209912,0.44492645658443525,0.5550735434155648,0.29999999629618845,1
277.90000000000003,0.40021834074348184,0.5997816592565182,0.46403306799113614,0.5359669320088638,0.2999999962948551,1
278,0.39506180437277044,0.6049381956272295,0.48457356747282654,0.5154264325271735,0.2999999962935217,1
278.1,0.39408882269900086,0.6059111773009992,0.5057290701366327,0.49427092986336724,0.2999999962921885,1
278.2,0.39733818543094457,0.6026618145690555,0.5266561728536376,0.47334382714636236,0.29999999629085516,1
278.3,0.4046803507307432,0.5953196492692567,0.5465205780800285,0.45347942191997154,0.29999999628952195,1
278.40000000000003,0.41582260963817935,0.5841773903618207,0.5645303546673021,0.43546964533269794,0.2999999962881884,1
278.5,0.4303207554531931,0.5696792445468069,0.5799675096579879,0.42003249034201207,0.29999999628685475,1
278.6,0.44759679285519355,0.5524032071448065,0.5922166123990282,0.4077833876009718,0.2999999962855213,1
278.7,0.46696198075245976,0.5330380192475402,0.6007893298197446,0.3992106701802554,0.299999996284188,1
278.8,0.4876442902159488,0.5123557097840512,0.6053438947302898,0.3946561052697101,0.2999999962828545,1
278.90000000000003,0.508819182836336,0.491180817163664,0.6056987310009603,0.3943012689990398,0.299999996281521,1
279,0.5296424824683269,0.4703575175316731,0.6018396924294699,0.3981603075705301,0.2999999962801879,1
279.1,0.5492840298695288,0.4507159701304711,0.5939206267053914,0.4060793732946087,0.29999999627885443,1
279.2,0.5669607785296379,0.4330392214703622,0.5822572419882825,0.41774275801171745,0.29999999627752105,1
279.3,0.5819680122636748,0.4180319877363253,0.5673145206196715,0.4326854793803286,0.29999999627618806,1
279.40000000000003,0.5937074400223443,0.40629255997765573,0.5496881817444838,0.4503118182555163,0.29999999627485463,1
279.5,0.6017110478680898,0.3982889521319102,0.5300809318686976,0.4699190681313024,0.29999999627352114,1
279.6,0.605659757213829,0.394340242786171,0.509274450168543,0.4907255498314571,0.29999999627218765,1
279.7,0.6053961454792754,0.39460385452072466,0.48809822540855746,0.5119017745914425,0.2999999962708545,1
279.8,0.60093072203242,0.39906927796757996,0.46739648684223645,0.5326035131577636,0.29999999626952134,1
279.90000000000003,0.592441509214194,0.4075584907858061,0.4479945474559042,0.5520054525440957,0.299999996268188,1
280,0.5802669451495346,0.41973305485046536,0.4306659013444632,0.5693340986555369,0.2999999962668548,1
280.1,0.5648923912873822,0.43510760871261783,0.4161013869428141,0.5838986130571859,0.2999999962655216,1
280.2,0.5469307825714074,0.45306921742859274,0.4048816454775977,0.5951183545224024,0.29999999626418833,1
280.3,0.5270981916580988,0.4729018083419012,0.39745397263387006,0.6025460273661299,0.299999996262855,1
280.40000000000003,0.5061852813597226,0.4938147186402775,0.3941144862877117,0.6058855137122883,0.29999999626152163,1
280.5,0.48502578341316044,0.5149742165868396,0.3949963212209946,0.6050036787790054,0.29999999626018836,1
280.6,0.46446326022664164,0.5355367397733584,0.40006432145777593,0.5999356785422241,0.2999999962588551,1
280.7,0.44531747470863103,0.554682525291369,0.4091164418221154,0.5908835581778846,0.2999999962575219,1
280.8,0.42835170890766755,0.5716482910923325,0.4217918028416296,0.5782081971583705,0.2999999962561887,1
280.90000000000003,0.4142423343658456,0.5857576656341543,0.4375850778731981,0.5624149221268019,0.29999999625485546,1
281,0.40355184731991917,0.5964481526800808,0.4558666388815221,0.5441333611184779,0.299999996253522,1
281.1,0.3967064437514615,0.6032935562485385,0.47590765772191923,0.5240923422780808,0.2999999962521891,1
281.2,0.39397902829806636,0.6060209717019336,0.4969091622184262,0.5030908377815738,0.29999999625085616,1
281.3,0.3954783344066776,0.6045216655933223,0.5180338886630672,0.4819661113369328,0.2999999962495228,1
281.40000000000003,0.4011445894742004,0.5988554105257997,0.5384396608776643,0.4615603391223358,0.2999999962481895,1
281.5,0.4107518977925586,0.5892481022074414,0.557312965120331,0.44268703487966904,0.29999999624685575,1
281.6,0.4239172462976982,0.5760827537023018,0.5739013823110846,0.42609861768891544,0.2999999962455226,1
281.7,0.4401157740917446,0.5598842259082555,0.5875435846060878,0.41245641539391226,0.29999999624418955,1
281.8,0.4587016969906516,0.5412983030093483,0.5976957004517713,0.4023042995482286,0.2999999962428559,1
281.90000000000003,0.47893405290166224,0.5210659470983378,0.6039529970273309,0.39604700297266926,0.2999999962415228,1
282,0.5000062416436281,0.49999375835637194,0.606066015665038,0.393933984334962,0.29999999624018936,1
282.1,0.5210781815507723,0.4789218184492277,0.6039505169800846,0.3960494830199153,0.29999999623885576,1
282.2,0.5413098008775852,0.45869019912241493,0.5976908392290109,0.4023091607709891,0.29999999623752244,1
282.3,0.5598945288082275,0.4401054711917724,0.5875365360095691,0.41246346399043093,0.2999999962361891,1
282.40000000000003,0.5760914508895921,0.4239085491104078,0.5738924273463186,0.4261075726536813,0.2999999962348559,1
282.5,0.5892548469523782,0.41074515304762194,0.5573024607937718,0.4426975392062283,0.29999999623352247,1
282.6,0.5988599339364845,0.40114006606351543,0.5384280259639773,0.46157197403602274,0.2999999962321893,1
282.7,0.6045237873355106,0.39547621266448935,0.5180215870098932,0.4819784129901068,0.299999996230856,1
282.8,0.6060206071883962,0.3939793928116037,0.496896684254225,0.503103315745775,0.29999999622952256,1
282.90000000000003,0.603290720011291,0.396709279988709,0.4758955009041201,0.52410449909588,0.29999999622818924,1
283,0.5964429577910368,0.40355704220896316,0.4558552878644511,0.5441447121355489,0.2999999962268559,1
283.1,0.5857503191973018,0.4142496808026982,0.4375749851864251,0.5624250148135749,0.2999999962255225,1
283.2,0.5716390859871454,0.42836091401285453,0.42178337084902867,0.5782166291509713,0.2999999962241892,1
283.3,0.5546718284966179,0.44532817150338205,0.40911000668087505,0.590889993319125,0.2999999962228557,1
283.40000000000003,0.5355249777368144,0.46447502226318566,0.40006013971686266,0.5999398602831374,0.29999999622152235,1
283.5,0.5149618582241342,0.4850381417758659,0.3949945595933474,0.6050054404066527,0.29999999622018897,1
283.6,0.49380225664070204,0.5061977433592979,0.3941152150039183,0.6058847849960818,0.29999999621885576,1
283.7,0.4728897395264256,0.5271102604735743,0.39745716264229314,0.602542837357707,0.2999999962175224,1
283.8,0.4530580229431653,0.5469419770568347,0.40488716960257265,0.5951128303974274,0.299999996216189,1
283.90000000000003,0.435097734846381,0.5649022651536191,0.4161090249547455,0.5838909750452546,0.2999999962148559,1
284,0.4197248952436024,0.5802751047563977,0.43067534873969,0.5693246512603101,0.2999999962135229,1
284.1,0.4075523707363375,0.5924476292636625,0.44800542759630924,0.5519945724036909,0.2999999962121897,1
284.2,0.3990654414627483,0.6009345585372516,0.4674083659706307,0.5325916340293694,0.2999999962108564,1
284.3,0.3946024545099854,0.6053975454900147,0.4881106299412234,0.5118893700587765,0.29999999620952317,1
284.40000000000003,0.3943413350835762,0.6056586649164238,0.5092868855755371,0.4907131144244629,0.29999999620818996,1
284.5,0.39829249319097665,0.6017075068090233,0.5300929023892136,0.4699070976107865,0.29999999620685674,1
284.6,0.4062984086274271,0.593701591372573,0.5496992101512854,0.45030078984871463,0.2999999962055234,1
284.7,0.4180399108094168,0.5819600891905833,0.5673241672446523,0.43267583275534777,0.2999999962041902,1
284.8,0.4330489030986154,0.5669510969013846,0.5822651222506579,0.4177348777493422,0.2999999962028569,1
284.90000000000003,0.4507270243376302,0.5492729756623698,0.593926426443732,0.4060735735562681,0.2999999962015235,1
285,0.4703695036210516,0.5296304963789483,0.6018431804263369,0.39815681957366317,0.2999999962001903,1
285.1,0.49119325728734436,0.5088067427126556,0.6056997682008214,0.39430023179917867,0.29999999619885703,1
285.2,0.5123681079931873,0.4876318920068127,0.6053424397832285,0.39465756021677145,0.29999999619752366,1
285.3,0.5330498812642879,0.4669501187357122,0.6007854407299524,0.3992145592700476,0.2999999961961903,1
285.40000000000003,0.552414060067636,0.447585939932364,0.5922104442123587,0.40778955578764126,0.299999996194857,1
285.5,0.5696886557036087,0.4303113442963913,0.5799593082807635,0.4200406917192366,0.29999999619352374,1
285.6,0.5841849845591904,0.4158150154408095,0.5645204470627967,0.4354795529372034,0.29999999619219037,1
285.7,0.5953251237502832,0.4046748762497167,0.5465093592334648,0.4534906407665352,0.2999999961908572,1
285.8,0.6026649510832922,0.3973350489167079,0.5266440900253607,0.4733559099746394,0.2999999961895239,1
285.90000000000003,0.6059118508054275,0.39408814919457247,0.5057166050312376,0.49428339496876245,0.2999999961881908,1
286,0.6049363792713333,0.3950636207286667,0.484561217035102,0.515438782964898,0.2999999961868577,1
286.1,0.5997774254527293,0.4002225745472708,0.46402132459442974,0.5359786754055703,0.29999999618552436,1
286.2,0.5906406605578328,0.4093593394421672,0.44491578840126617,0.5550842115987338,0.2999999961841913,1
286.3,0.5778903385693401,0.42210966143065987,0.428006285890587,0.571993714109413,0.2999999961828577,1
286.40000000000003,0.562034774587644,0.43796522541235605,0.4139669455646579,0.5860330544353421,0.29999999618152445,1
286.5,0.543706079911914,0.4562939200880861,0.40335747161705815,0.5966425283829419,0.299999996180191,1
286.6,0.5236349617574076,0.4763650382425924,0.3966008302927909,0.6033991697072091,0.2999999961788579,1
286.7,0.5026215922647549,0.49737840773524516,0.3939663875588891,0.606033612441111,0.29999999617752454,1
286.8,0.4815037081618841,0.518496291838116,0.395559170333372,0.6044408296666279,0.2999999961761913,1
286.90000000000003,0.46112321284439967,0.5388767871556004,0.4013156793934695,0.5986843206065304,0.2999999961748579,1
287,0.44229261234406847,0.5577073876559315,0.41100642088924394,0.5889935791107561,0.29999999617352474,1
287.1,0.42576262327743036,0.5742373767225697,0.4242450555391554,0.5757549444608446,0.2999999961721917,1
287.2,0.4121922441434007,0.5878077558565993,0.4405038007580129,0.5594961992419871,0.29999999617085826,1
287.3,0.40212248313277915,0.5978775168672208,0.4591344716830763,0.5408655283169237,0.29999999616952516,1
287.40000000000003,0.395954789838991,0.6040452101610091,0.4793943222590014,0.5206056777409986,0.2999999961681923,1
287.5,0.39393505072968876,0.6060649492703113,0.5004756561791172,0.49952434382088284,0.29999999616685913,1
287.6,0.3961437864292538,0.6038562135707461,0.5215380271882544,0.4784619728117456,0.2999999961655257,1
287.7,0.4024929416156098,0.5975070583843902,0.5417417450226695,0.4582582549773305,0.29999999616419243,1
287.8,0.4127293955080314,0.5872706044919687,0.5602813512109744,0.4397186487890256,0.2999999961628595,1
287.90000000000003,0.4264450529938779,0.5735549470061221,0.5764177301615342,0.4235822698384658,0.2999999961615264,1
288,0.4430931140928733,0.5569068859071268,0.589507575368612,0.4104924246313881,0.2999999961601932,1
288.1,0.4620098731467358,0.5379901268532642,0.5990290360126129,0.4009709639873871,0.29999999615885986,1
288.2,0.4824411786692606,0.5175588213307395,0.6046025215054095,0.39539747849459045,0.29999999615752654,1
288.3,0.5035724989861321,0.496427501013868,0.606005834569181,0.39399416543081894,0.2999999961561932,1
288.40000000000003,0.5245613950422902,0.47543860495770984,0.6031830295406713,0.3968169704593287,0.29999999615485967,1
288.5,0.5445711057884962,0.45542889421150384,0.5962466427482287,0.40375335725177125,0.29999999615352646,1
288.6,0.5628039072037246,0.4371960927962753,0.5854732060435343,0.4145267939564658,0.29999999615219347,1
288.7,0.5785329150344332,0.4214670849655668,0.5712922223493492,0.42870777765065077,0.29999999615086065,1
288.8,0.5911310633758571,0.40886893662414286,0.5542690427334042,0.4457309572665958,0.2999999961495271,1
288.90000000000003,0.6000961038107447,0.39990389618925526,0.5350823276454563,0.46491767235454373,0.2999999961481938,1
289,0.6050706284687618,0.39492937153123825,0.5144969908668644,0.4855030091331356,0.29999999614686024,1
289.1,0.6058563187503769,0.394143681249623,0.4933337048120321,0.506666295187968,0.2999999961455271,1
289.2,0.6024218516635719,0.39757814833642824,0.4724361829091137,0.5275638170908863,0.2999999961441939,1
289.3,0.5949041485726826,0.40509585142731735,0.45263754340821494,0.5473624565917851,0.29999999614286055,1
289.40000000000003,0.5836029165756978,0.41639708342430226,0.43472709558590594,0.5652729044140942,0.29999999614152734,1
289.5,0.5689687001280717,0.4310312998719283,0.4194188724752583,0.5805811275247417,0.29999999614019407,1
289.6,0.5515849192571071,0.44841508074289294,0.40732316462215434,0.5926768353778457,0.2999999961388608,1
289.7,0.5321446104466163,0.4678553895533836,0.3989221897271718,0.6010778102728281,0.2999999961375275,1
289.8,0.5114227974593871,0.4885772025406129,0.39455086814764023,0.6054491318523598,0.2999999961361939,1
289.90000000000003,0.4902455935855704,0.5097544064144296,0.3943834706799325,0.6056165293200675,0.2999999961348605,1
290,0.46945726711284075,0.5305427328871594,0.39842667093277795,0.601573329067222,0.2999999961335272,1
290.1,0.44988658301409845,0.5501134169859015,0.4065192792715433,0.5934807207284567,0.29999999613219414,1
290.2,0.4323137627034079,0.5676862372965922,0.4183386689402873,0.5816613310597126,0.299999996130861,1
290.3,0.4174393790704325,0.5825606209295676,0.43341363817237943,0.5665863618276206,0.2999999961295274,1
290.40000000000003,0.4058564268501846,0.5941435731498155,0.45114319551792287,0.5488568044820771,0.2999999961281941,1
290.5,0.39802668179430767,0.6019733182056923,0.4708205194762624,0.5291794805237376,0.29999999612686085,1
290.6,0.394262291129126,0.605737708870874,0.4916611372386364,0.5083388627613636,0.29999999612552747,1
290.7,0.3947133292308031,0.605286670769197,0.5128341991434326,0.4871658008565673,0.29999999612419403,1
290.8,0.39936181463356835,0.6006381853664317,0.5334956020302115,0.4665043979697886,0.2999999961228608,1
290.90000000000003,0.40802242689401375,0.5919775731059862,0.5528216409689012,0.44717835903109887,0.29999999612152717,1
291,0.42034989473234086,0.5796501052676593,0.5700418477759215,0.4299581522240785,0.29999999612019396,1
291.1,0.4358527609086855,0.5641472390913145,0.5844697071492276,0.4155302928507723,0.2999999961188606,1
291.2,0.45391297507233724,0.5460870249276627,0.5955300258669051,0.40446997413309504,0.29999999611752726,1
291.3,0.4738105334787864,0.5261894665212136,0.6027818639257373,0.39721813607426276,0.2999999961161938,1
291.40000000000003,0.49475218326683934,0.5052478167331607,0.6059361134276207,0.39406388657237934,0.2999999961148606,1
291.5,0.5159030469468572,0.48409695305314293,0.604867024399096,0.39513297560090394,0.29999999611352723,1
291.6,0.53641990633157,0.46358009366843006,0.5996172180459494,0.4003827819540506,0.299999996112194,1
291.7,0.5554848189841861,0.4445151810158139,0.5903959875802388,0.4096040124197613,0.29999999611086103,1
291.8,0.5723377270020926,0.4276622729979073,0.5775709543604132,0.42242904563958683,0.2999999961095278,1
291.90000000000003,0.5863067581268502,0.4136932418731499,0.5616534119878857,0.43834658801211446,0.2999999961081942,1
292,0.5968350111708497,0.40316498882915025,0.5432779426446773,0.45672205735532273,0.29999999610686084,1
292.1,0.6035027579101986,0.39649724208980147,0.5231771183044271,0.4768228816955728,0.29999999610552774,1
292.2,0.6060441763244322,0.3939558236755678,0.502152295399644,0.497847704600356,0.2999999961041946,1
292.3,0.604357948081591,0.39564205191840895,0.4810416672696531,0.5189583327303469,0.29999999610286127,1
292.40000000000003,0.5985112977803752,0.40148870221962485,0.4606868480373185,0.5393131519626815,0.29999999610152844,1
292.5,0.5887373129175382,0.4112626870824618,0.44189932010992006,0.5581006798900799,0.29999999610019507,1
292.6,0.5754256514249665,0.42457434857503346,0.4254280829364426,0.5745719170635574,0.2999999960988618,1
292.7,0.5591070072376109,0.4408929927623891,0.41192979276322983,0.5880702072367702,0.2999999960975284,1
292.8,0.5404319532010566,0.4595680467989435,0.4019425838217107,0.5980574161782892,0.2999999960961953,1
292.90000000000003,0.5201450047852392,0.4798549952147609,0.39586461461483247,0.6041353853851675,0.2999999960948623,1
293,0.4990549386021911,0.5009450613978089,0.39393819459405266,0.6060618054059475,0.29999999609352906,1
293.1,0.4780025490348471,0.5219974509651528,0.39624012404618836,0.6037598759538116,0.29999999609219574,1
293.2,0.4578271284183658,0.5421728715816342,0.4026786323083482,0.5973213676916519,0.2999999960908627,1
293.3,0.4393330071033562,0.5606669928966438,0.41299703637465396,0.587002963625346,0.29999999608952943,1
293.40000000000003,0.4232574873430954,0.5767425126569046,0.42678397403764984,0.5732160259623501,0.29999999608819583,1
293.5,0.41024144937946166,0.5897585506205384,0.4434898036013418,0.5565101963986583,0.2999999960868623,1
293.6,0.4008038015701733,0.5991961984298267,0.4624485163610659,0.5375514836389341,0.29999999608552924,1
293.7,0.3953207931501337,0.6046792068498663,0.4829042882687618,0.5170957117312381,0.29999999608419586,1
293.8,0.39401101436179903,0.6059889856382009,0.5040416122525481,0.4959583877474519,0.2999999960828628,1
293.90000000000003,0.3969266819520383,0.6030733180479617,0.5250178099101113,0.47498219008988873,0.2999999960815297,1
294,0.40395155745522154,0.5960484425447784,0.5449966264372913,0.4550033735627087,0.29999999608019656,1
294.1,0.4148055812540225,0.5851944187459776,0.5631815694680798,0.4368184305319202,0.29999999607886346,1
294.2,0.42905603767255346,0.5709439623274466,0.5788476627116912,0.42115233728830875,0.29999999607753036,1
294.3,0.44613480598480526,0.5538651940151947,0.5913703484694034,0.40862965153059655,0.2999999960761971,1
294.40000000000003,0.4653610095951259,0.5346389904048741,0.6002503867790336,0.39974961322096636,0.299999996074864,1
294.5,0.48596816043938684,0.5140318395606132,0.6051337585367328,0.39486624146326726,0.2999999960735309,1
294.6,0.5071347164452269,0.4928652835547732,0.6058257791214459,0.39417422087855425,0.29999999607219763,1
294.7,0.5280168338218645,0.4719831661781355,0.6022988598563682,0.3977011401436318,0.2999999960708644,1
294.8,0.5477820084490435,0.4522179915509565,0.5946936078824245,0.4053063921175755,0.2999999960695311,1
294.90000000000003,0.5656422651891011,0.4343577348108989,0.5833132205952846,0.4166867794047154,0.29999999606819766,1
295,0.5808855719690229,0.41911442803097715,0.5686113981220238,0.4313886018779762,0.2999999960668644,1
295.1,0.5929042262521704,0.4070957737478297,0.5511742557288368,0.4488257442711632,0.29999999606553135,1
295.2,0.6012190822206354,0.3987809177793647,0.531696957255029,0.46830304274497103,0.29999999606419825,1
295.3,0.6054986528069156,0.39450134719308444,0.5109560011245328,0.4890439988754672,0.2999999960628651,1
295.40000000000003,0.6055723250371922,0.39442767496280784,0.4897782638042092,0.5102217361957908,0.2999999960615318,1
295.5,0.6014371618321752,0.39856283816782484,0.4690080348485616,0.5309919651514384,0.2999999960601983,1
295.6,0.5932580190991853,0.40674198090081465,0.4494733577395959,0.550526642260404,0.29999999605886485,1
295.7,0.5813609734473776,0.41863902655262253,0.43195301840632444,0.5680469815936755,0.2999999960575318,1
295.8,0.5662203225423612,0.4337796774576388,0.41714549748745977,0.5828545025125403,0.2999999960561986,1
295.90000000000003,0.5484396763550545,0.4515603236449454,0.40564112411260683,0.5943588758873932,0.2999999960548654,1
296,0.5287278931370085,0.4712721068629915,0.39789854134282154,0.6021014586571785,0.299999996053532,1
296.1,0.5078708194789229,0.4921291805210772,0.3942264215191473,0.6057735784808528,0.29999999605219874,1
296.2,0.4866999610870404,0.5133000389129596,0.3947711604704838,0.6052288395295162,0.2999999960508655,1
296.3,0.4660593332746946,0.5339406667253055,0.39951104117388486,0.6004889588261152,0.2999999960495323,1
296.40000000000003,0.4467718127353008,0.5532281872646991,0.4082570995437301,0.59174290045627,0.29999999604819916,1
296.5,0.4296063320454154,0.5703936679545846,0.42066065783348944,0.5793393421665105,0.29999999604686595,1
296.6,0.4152472247494969,0.5847527752505031,0.43622722531712577,0.5637727746828742,0.2999999960455324,1
296.7,0.40426694314110134,0.5957330568588987,0.45433621207383446,0.5456637879261655,0.29999999604419925,1
296.8,0.3971032363964781,0.6028967636035218,0.4742656699497368,0.5257343300502633,0.2999999960428659,1
296.90000000000003,0.39404169889635715,0.6059583011036428,0.4952210743524605,0.5047789256475396,0.2999999960415326,1
297,0.39520438447926676,0.6047956155207332,0.5163669994392863,0.48363300056071373,0.2999999960401992,1
297.1,0.4005449405401685,0.5994550594598315,0.5368604239090701,0.46313957609092987,0.2999999960388662,1
297.2,0.40985045596254327,0.5901495440374567,0.5558843396011228,0.44411566039887723,0.29999999603753286,1
297.3,0.4227499492127052,0.5772500507872947,0.5726803230322715,0.4273196769677285,0.29999999603619937,1
297.40000000000003,0.43872915820281205,0.561270841797188,0.5865787713477094,0.4134212286522907,0.2999999960348663,1
297.5,0.4571510422974066,0.5428489577025934,0.5970255972736903,0.4029744027263097,0.29999999603353306,1
297.6,0.4772811791131874,0.5227188208868127,0.6036043188285503,0.3963956811714498,0.29999999603219946,1
297.7,0.49831704362175044,0.5016829563782496,0.6060526631449861,0.393947336855014,0.29999999603086625,1
297.8,0.5194200022898728,0.48057999771012727,0.6042730224615952,0.3957269775384048,0.2999999960295333,1
297.90000000000003,0.5397487467519323,0.46025125324806776,0.5983363454362921,0.4016636545637079,0.29999999602820016,1
298,0.5584928341194535,0.4415071658805465,0.5884793086472149,0.4115206913527851,0.2999999960268669,1
298.1,0.5749049967814847,0.4250950032185154,0.5750948810444546,0.4249051189555454,0.29999999602553346,1
298.2,0.5883309336060272,0.4116690663939728,0.5587166575181406,0.44128334248185946,0.2999999960241999,1
298.3,0.5982353948613317,0.40176460513866835,0.5399975861540824,0.4600024138459176,0.2999999960228666,1
298.40000000000003,0.6042235209335663,0.39577647906643365,0.5196839372541538,0.4803160627458461,0.29999999602153343,1
298.5,0.6060565841335259,0.39394341586647413,0.4985855518944276,0.5014144481055723,0.29999999602020017,1
298.6,0.6036615060162249,0.39633849398377513,0.4775435561171589,0.5224564438828412,0.29999999601886695,1
298.7,0.5971337707878774,0.4028662292121226,0.4573968278898964,0.5426031721101037,0.2999999960175336,1
298.8,0.5867336186519221,0.4132663813480779,0.4389485536882378,0.5610514463117622,0.2999999960162003,1
298.90000000000003,0.5728756708533721,0.42712432914662785,0.4229342079857347,0.5770657920142652,0.29999999601486693,1
299,0.5561124000382329,0.443887599961767,0.4099922322076348,0.5900077677923652,0.29999999601353355,1
299.1,0.537112104912591,0.46288789508740896,0.4006385820860438,0.5993614179139563,0.2999999960122003,1
299.2,0.5166322672822106,0.4833677327177895,0.39524615813313513,0.6047538418668649,0.29999999601086696,1
299.3,0.4954893536433899,0.5045106463566101,0.3940299392745262,0.6059700607254739,0.29999999600953353,1
299.40000000000003,0.47452626524034885,0.5254737347596511,0.39703841231794273,0.6029615876820572,0.2999999960082002,1
299.5,0.45457873425263967,0.5454212657473604,0.4041516389372114,0.5958483610627886,0.29999999600686694,1
299.6,0.4364420057905422,0.5635579942094577,0.4150860372348248,0.5849139627651753,0.29999999600553373,1
299.7,0.4208391339821434,0.5791608660178567,0.4294056872572727,0.5705943127427273,0.2999999960042005,1
299.8,0.40839215608705653,0.5916078439129435,0.4465397097479183,0.5534602902520818,0.29999999600286725,1
299.90000000000003,0.3995972938338996,0.6004027061661005,0.4658050253013874,0.5341949746986125,0.2999999960015341,1
300,0.3948051706259475,0.6051948293740526,0.4864335865838076,0.5135664134161925,0.2999999960002009,1