time,x0,x1,x2,speed,h
0,0.2249178608000416,0.4368823706219152,0.3381997685780432,0.2598076211353316,0.9999999999999998
0.1,0.21672103851383223,0.4240613795563109,0.35921758192985687,0.25980762113484446,0.9999999999999998
0.2,0.2120138478861381,0.40852534491063974,0.3794608072032222,0.25980762113435746,0.9999999999999998
0.3,0.21093715194911922,0.39073918368556576,0.398323664365315,0.25980762113387035,0.9999999999999998
0.4,0.21352317090933792,0.3712351480882082,0.41524168100245396,0.25980762113338335,0.9999999999999998
0.5,0.21969451795566433,0.3505968978449693,0.4297085841993664,0.2598076211328961,0.9999999999999998
0.6,0.22926651506539703,0.329442034140497,0.44129145079410587,0.2598076211324091,0.9999999999999998
0.7000000000000001,0.2419527195079285,0.3084036178559665,0.44964366263610506,0.25980762113192196,0.9999999999999998
0.8,0.257373495664917,0.2881112251747848,0.4545152791602982,0.25980762113143485,0.9999999999999998
0.9,0.275067375654607,0.2691721074681384,0.4557605168772547,0.2598076211309478,0.9999999999999998
1,0.29450486879276117,0.2521530192522177,0.45334211195502117,0.25980762113046063,0.9999999999999998
1.1,0.31510430664105377,0.2375632580168622,0.44733243534208406,0.25980762112997347,0.9999999999999998
1.2,0.3362492494786633,0.22583942346002273,0.43791132706131397,0.2598076211294864,0.9999999999999998
1.3,0.3573069333070986,0.2173323522090932,0.4253607144838082,0.2598076211289993,0.9999999999999998
1.4000000000000001,0.37764720536025764,0.21229661900855287,0.4100561756311895,0.25980762112851224,0.9999999999999998
1.5,0.39666138147316066,0.21088291855166694,0.3924556999751724,0.2598076211280251,0.9999999999999998
1.6,0.4137804610011868,0.2131335559305015,0.3730859830683117,0.259807621127538,0.9999999999999998
1.7,0.428492154206991,0.2189811806528747,0.3525266651401344,0.25980762112705097,0.9999999999999998
1.8,0.440356212569272,0.22825080211088106,0.331392985319847,0.25980762112656397,0.9999999999999998
1.9000000000000001,0.44901760325275314,0.2406650261879433,0.31031737055930364,0.2598076211260769,0.9999999999999998
2,0.4542171334923752,0.25585235629853176,0.28993051020909316,0.2598076211255899,0.9999999999999998
2.1,0.4557992069562074,0.2733583104513177,0.27084248259247484,0.25980762112510275,0.9999999999999998
2.2,0.45371647997733733,0.2926590216568118,0.25362449836585094,0.2598076211246156,0.9999999999999998
2.3000000000000003,0.44803127831664874,0.31317691468626974,0.2387918069970814,0.2598076211241285,0.9999999999999998
2.4,0.4389137320597584,0.3342979900536825,0.22678827788655914,0.2598076211236414,0.9999999999999998
2.5,0.42663668446145747,0.3553901979963922,0.21797311754215032,0.2598076211231543,0.9999999999999998
2.6,0.4115675270908722,0.3758223526115907,0.2126101202975372,0.25980762112266725,0.9999999999999998
2.7,0.3941572056112338,0.39498302014174536,0.21085977424702088,0.25980762112218014,0.9999999999999998
2.8000000000000003,0.3749267251971236,0.41229881617559966,0.21277445862727667,0.2598076211216931,0.9999999999999998
2.9,0.3544515594155923,0.4272515642196346,0.21829687636477313,0.25980762112120614,0.9999999999999998
3,0.33334442913655415,0.4393938021684557,0.22726176869499018,0.259807621120719,0.9999999999999998
3.1,0.31223696681485247,0.4483621726418194,0.2394008605433282,0.2598076211202318,0.9999999999999998
3.2,0.29176081484172994,0.4538882964814566,0.2543508886768135,0.2598076211197448,0.9999999999999998
3.3000000000000003,0.272528723598951,0.45580680401748935,0.2716644723835596,0.25980762111925754,0.9999999999999998
3.4,0.25511621485772346,0.4540602837681906,0.290823501374086,0.25980762111877037,0.9999999999999998
3.5,0.24004435924657982,0.44870100048287476,0.3112546402705455,0.25980762111828326,0.9999999999999998
3.6,0.22776418317378302,0.4398893311153593,0.3323464857108577,0.25980762111779626,0.9999999999999998
3.7,0.21864317182827064,0.4278889655316063,0.3534678626401231,0.2598076211173091,0.9999999999999998
3.8000000000000003,0.2129542721578458,0.41305901557072905,0.3739867122714252,0.2598076211168221,0.9999999999999998
3.9,0.2108677249113171,0.3958432685963032,0.39328900649237974,0.259807621116335,0.9999999999999998
4,0.2124459701713371,0.3767569071262652,0.41079712270239765,0.25980762111584793,0.9999999999999998
4.1,0.21764177883025168,0.3563710919574679,0.42598712921228044,0.25980762111536104,0.9999999999999998
4.2,0.2262996659246853,0.3352958701360459,0.43840446393926874,0.2598076211148739,0.9999999999999998
4.3,0.23816054353471833,0.31416191925385833,0.44767753721142334,0.2598076211143868,0.9999999999999998
4.4,0.2528694740093008,0.293601674374305,0.4535288516163942,0.2598076211138995,0.9999999999999998
4.5,0.26998629150205045,0.27423040236567525,0.45578330613227436,0.2598076211134122,0.9999999999999998
4.6000000000000005,0.28899877396718116,0.2566277899940218,0.4543734360387971,0.25980762111292516,0.9999999999999998
4.7,0.30933797144259656,0.24132059675325962,0.4493414318041438,0.25980762111243805,0.9999999999999998
4.8,0.33039523192012876,0.22876689154784852,0.4408378765320228,0.2598076211119509,0.9999999999999998
4.9,0.35154041530248004,0.2193423449465109,0.4291172397510091,0.2598076211114639,0.9999999999999998
5,0.3721407503928416,0.21332898721232008,0.41453026239483837,0.2598076211109769,0.9999999999999998
5.1000000000000005,0.39157977062036226,0.2109067685259497,0.3975134608536881,0.25980762111048994,0.9999999999999998
5.2,0.4092757618484633,0.21214817396303653,0.37857606418850026,0.2598076211100029,0.9999999999999998
5.3,0.42469917021395504,0.21701605437286203,0.35828477541318293,0.2598076211095157,0.9999999999999998
5.4,0.43738844906606394,0.22536473806947127,0.33724681286446473,0.25980762110902866,0.9999999999999998
5.5,0.4469638707845336,0.23694439006778847,0.31609173914767796,0.25980762110854183,0.9999999999999998
5.6000000000000005,0.4531388901571074,0.2514084884142621,0.29545262142863044,0.25980762110805483,0.9999999999999998
5.7,0.45572871926647235,0.26832419388228534,0.27594708685124236,0.25980762110756767,0.9999999999999998
5.8,0.45465585728252705,0.28718530271847786,0.25815883999899514,0.25980762110708056,0.9999999999999998
5.9,0.4499524096805283,0.3074273948279292,0.2426201954915424,0.2598076211065936,0.9999999999999998
6,0.4417591274823383,0.32844472408782266,0.22979614842983903,0.25980762110610645,0.9999999999999998
6.1000000000000005,0.4303211952715508,0.34960834534553936,0.2200704593829099,0.2598076211056194,0.9999999999999998
6.2,0.4159808940264586,0.37028493564946874,0.21373417032407274,0.25980762110513234,0.9999999999999998
6.3,0.3991673583361356,0.3898557464857806,0.2109768951780838,0.2598076211046451,0.9999999999999998
6.4,0.38038373451571034,0.40773511987405514,0.2118811456102346,0.25980762110415795,0.9999999999999998
6.5,0.36019212391519173,0.423388014226221,0.21641986185858728,0.259807621103671,0.9999999999999998
6.6000000000000005,0.3391967619944601,0.4363460155061615,0.22445722249937852,0.2598076211031838,0.9999999999999998
6.7,0.31802593653186423,0.44622135455483547,0.23575270891330036,0.2598076211026968,0.9999999999999998
6.8,0.2973131860653854,0.45271851111141204,0.24996830282320262,0.2598076211022098,0.9999999999999998
6.9,0.2776783412044273,0.45564305727921345,0.26667860151635925,0.25980762110172245,0.9999999999999998
7,0.25970897615239447,0.45490747579508956,0.2853835480525159,0.25980762110123534,0.9999999999999998
7.1000000000000005,0.24394282550463806,0.45053377899007246,0.30552339550528945,0.25980762110074807,0.9999999999999998
7.2,0.230851692500405,0.4426528500687216,0.3264954574308734,0.25980762110026107,0.9999999999999998
7.3,0.2208273302755594,0.4315005264194213,0.34767214330501933,0.259807621099774,0.9999999999999998
7.4,0.21416971862064338,0.41741054216286566,0.368419739216491,0.25980762109928696,0.9999999999999998
7.5,0.2110780870631726,0.4008045411334941,0.38811737180333317,0.2598076210988,0.9999999999999998
7.6000000000000005,0.21164495290910093,0.3821794591561591,0.40617558793474,0.25980762109831296,0.9999999999999998
7.7,0.21585335265550817,0.36209265320433787,0.4220539941401539,0.25980762109782596,0.9999999999999998
7.8,0.22357734962469733,0.3411452224509475,0.4352774279243552,0.25980762109733896,0.9999999999999998
7.9,0.23458580262870884,0.31996402033056337,0.44545017704072787,0.2598076210968519,0.9999999999999998
8,0.2485492828866871,0.2991828959034286,0.45226782120988435,0.2598076210963648,0.9999999999999998
8.1,0.2650499322058266,0.27942372587484204,0.4555263419193314,0.2598076210958778,0.9999999999999998
8.2,0.2835939674190966,0.2612778048881635,0.4551282276927399,0.25980762109539063,0.9999999999999998
8.3,0.30362645688350554,0.2452881509883153,0.4510853921281793,0.2598076210949036,0.9999999999999998
8.4,0.32454792685109135,0.2319332557661072,0.44351881738280147,0.25980762109441646,0.9999999999999998
8.5,0.3457323007657386,0.22161276546153608,0.43265493377272535,0.25980762109392946,0.9999999999999998
8.6,0.36654563465102297,0.21463552152011448,0.41881884382886264,0.2598076210934424,0.9999999999999998
8.700000000000001,0.3863650879311976,0.2112103184894771,0.4024245935793253,0.25980762109295535,0.9999999999999998
8.8,0.4045975619820825,0.2114396558269016,0.38396278219101593,0.25980762109246847,0.9999999999999998
8.9,0.42069744865182496,0.21531667059537118,0.36398588075280397,0.25980762109198124,0.9999999999999998
9,0.4341829576257177,0.22272534283747894,0.3430916995368034,0.2598076210914941,0.9999999999999998
9.1,0.44465053403745985,0.23344396748134588,0.32190549848119426,0.25980762109100697,0.9999999999999998
9.200000000000001,0.4517869348787628,0.24715178888150593,0.3010612762397313,0.2598076210905199,0.9999999999999998
9.3,0.45537860281983955,0.2634385994556266,0.2811827977245338,0.2598076210900329,0.9999999999999998
9.4,0.4553180569284968,0.28181701517714125,0.26286492789436205,0.25980762108954586,0.9999999999999998
9.5,0.4516071090450824,0.3017370605787564,0.24665583037616123,0.2598076210890588,0.9999999999999998
9.6,0.4443568095630269,0.32260262680951257,0.23304056362746048,0.2598076210885717,0.9999999999999998
9.700000000000001,0.43378412423750046,0.3437893102368069,0.2224265655256926,0.2598076210880848,0.9999999999999998
9.8,0.42020544146893457,0.36466309777187583,0.21513146075918968,0.2598076210875977,0.9999999999999998
9.9,0.404027104356437,0.3845993397589734,0.2113735558845895,0.25980762108711075,0.9999999999999998
10,0.38573325085010934,0.40300144266311577,0.21126530648677497,0.2598076210866237,0.9999999999999998
10.1,0.36587132588662047,0.41931872217630833,0.21480995193707125,0.25980762108613664,0.9999999999999998
10.200000000000001,0.34503569905846493,0.43306288248671765,0.22190141845481745,0.2598076210856497,0.9999999999999998
10.3,0.3238498780593802,0.4438226285674203,0.23232749337319944,0.25980762108516264,0.9999999999999998
10.4,0.3029478501699011,0.4512759742108962,0.24577617561920279,0.25980762108467553,0.9999999999999998
10.5,0.28295511014049474,0.45519987749040913,0.26184501236909613,0.25980762108418853,0.9999999999999998
10.6,0.26446994221429404,0.45547691530637374,0.2800531424793323,0.2598076210837015,0.9999999999999998
10.700000000000001,0.24804551642630138,0.4520987972814066,0.29985568629229203,0.2598076210832144,0.9999999999999998
10.8,0.23417333494865075,0.4451666138504903,0.32066005120085894,0.25980762108272726,0.9999999999999998
10.9,0.2232685238512859,0.43488781112213293,0.34184366502658114,0.2598076210822401,0.9999999999999998
11,0.21565741042321826,0.42156998303802984,0.36277260653875193,0.25980762108175315,0.9999999999999998
11.1,0.2115677578039571,0.40561166660131415,0.3828205755947287,0.25980762108126604,0.9999999999999998
11.200000000000001,0.21112194915449695,0.3874904156268822,0.40138763521862086,0.259807621080779,0.9999999999999998
11.3,0.21433332533205707,0.36774850990770536,0.41791816476023763,0.2598076210802919,0.9999999999999998
11.4,0.22110578566392988,0.34697672745140123,0.43191748688466886,0.25980762107980465,0.9999999999999998
11.5,0.2312366637673119,0.32579666540409696,0.4429666708285912,0.2598076210793175,0.9999999999999998
11.6,0.24442279235599187,0.3048421387092641,0.4507350689347441,0.25980762107883015,0.9999999999999998
11.700000000000001,0.26026957554410324,0.28474021314805303,0.45499021130784373,0.25980762107834304,0.9999999999999998
11.8,0.2783027971575699,0.26609244034881585,0.4556047624936142,0.25980762107785593,0.9999999999999998
11.9,0.29798281168864177,0.24945685630956238,0.45256033200179585,0.25980762107736877,0.9999999999999998
12,0.3187206932281418,0.23533128212891458,0.44594802464294364,0.2598076210768817,0.9999999999999998
12.1,0.33989585911741804,0.2241384266724364,0.43596571421014557,0.25980762107639466,0.9999999999999998
12.200000000000001,0.3608746409308945,0.2162132369781649,0.42291212209094065,0.25980762107590755,0.9999999999999998
12.3,0.381029247051178,0.21179287494140453,0.40717787800741756,0.25980762107542044,0.9999999999999998
12.4,0.39975654938023963,0.21100962022724354,0.3892338303925168,0.25980762107493344,0.9999999999999998
12.5,0.4164961319929316,0.21388691179166724,0.3696169562154012,0.2598076210744465,0.9999999999999998
12.6,0.4307470616255305,0.22033864646904425,0.3489142919054252,0.25980762107395927,0.9999999999999998
12.700000000000001,0.4420828781411818,0.23017175561580883,0.3277453662430095,0.25980762107347216,0.9999999999999998
12.8,0.45016435638144264,0.24309198270408386,0.3067436609144736,0.25980762107298505,0.9999999999999998
12.9,0.45474965750456153,0.25871268897032224,0.28653765352511634,0.2598076210724981,0.9999999999999998
13,0.4557015660309342,0.27656642360927136,0.2677320103597945,0.259807621072011,0.9999999999999998
13.1,0.4529915960266104,0.2961189122743396,0.25088949169905,0.2598076210715238,0.9999999999999998
13.200000000000001,0.44670084354700074,0.31678504527744367,0.23651411117555562,0.2598076210710367,0.9999999999999998
13.3,0.4370175598313427,0.33794638704025787,0.22503605312839947,0.25980762107054967,0.9999999999999998
13.4,0.4242315178702634,0.35896968282522596,0.21679879930451063,0.2598076210700627,0.9999999999999998
13.5,0.4087253409273262,0.379225808931023,0.21204885014165084,0.2598076210695756,0.9999999999999998
13.6,0.39096305250920405,0.398108599266448,0.210928348224348,0.25980762106908856,0.9999999999999998
13.700000000000001,0.37147619042747965,0.4150529849161142,0.21347082465640616,0.2598076210686015,0.9999999999999998
13.8,0.3508479004898135,0.4295519038700738,0.21960019564011274,0.25980762106811434,0.9999999999999998
13.9,0.32969548581796304,0.44117147489245206,0.22913303928958478,0.25980762106762734,0.9999999999999998
14,0.30865193400561886,0.4495639814499349,0.24178408454444628,0.25980762106714017,0.9999999999999998
14.1,0.2883469749172426,0.45447827715507694,0.2571747479276804,0.259807621066653,0.9999999999999998
14.200000000000001,0.2693882359746974,0.4557673013407604,0.27484446268454216,0.25980762106616573,0.9999999999999998
14.3,0.252343058861128,0.45339247986167514,0.29426446127719696,0.2598076210656786,0.9999999999999998
14.4,0.23772152177859035,0.4474248794285061,0.31485359879290364,0.25980762106519145,0.9999999999999998
14.5,0.22596117531964277,0.43804308093129235,0.3359957437490649,0.2598076210647044,0.9999999999999998
14.6,0.21741394873308517,0.4255278353929132,0.3570582158740016,0.2598076210642173,0.9999999999999998
14.700000000000001,0.21233561841482365,0.4102536624736963,0.3774107191114801,0.2598076210637303,0.9999999999999998
14.8,0.21087815378006233,0.3926776429425241,0.3964442032774135,0.25980762106324323,0.9999999999999998
14.9,0.21308516956716894,0.37332574050058354,0.41358908993224763,0.25980762106275634,0.9999999999999998
15,0.2188906206633619,0.3527770622782038,0.42833231705843433,0.2598076210622693,0.9999999999999998
15.1,0.22812077850965867,0.3316465290105988,0.4402326924797424,0.2598076210617823,0.9999999999999998
15.200000000000001,0.2404994299410189,0.31056647348879796,0.44893409657018324,0.2598076210612952,0.9999999999999998
15.3,0.2556561428860002,0.29016771795350327,0.4541761391604966,0.2598076210608082,0.9999999999999998
15.4,0.27313735157424857,0.27106069669227895,0.45580195173347254,0.25980762106032096,0.9999999999999998
15.5,0.2924199295261545,0.2538171887477649,0.4537628817260807,0.25980762105983374,0.9999999999999998
15.6,0.3129268441519458,0.23895320738699122,0.448119948461063,0.2598076210593467,0.9999999999999998
15.700000000000001,0.3340444244951656,0.2269135583657055,0.43904201713912894,0.2598076210588596,0.9999999999999998
15.8,0.355140725382017,0.21805852908280948,0.42680074553517355,0.2598076210583725,0.9999999999999998
15.9,0.3755844384280315,0.21265310695295647,0.41176245461901206,0.2598076210578855,0.9999999999999998
16,0.39476378398876855,0.21085904963831673,0.39437716637291476,0.25980762105739835,0.9999999999999998
16.1,0.4121048187115071,0.21273004443841892,0.3751651368500739,0.2598076210569114,0.9999999999999998
16.2,0.4270886108330724,0.2182101016936909,0.35470128747323676,0.25980762105642435,0.9999999999999998
16.3,0.43926676925172436,0.22713523028021648,0.33359800046805926,0.25980762105593724,0.9999999999999998
16.4,0.4482748616644686,0.23923834505640476,0.31248679327912665,0.25980762105545024,0.9999999999999998
16.5,0.4538433202310243,0.25415725940586165,0.291999420363114,0.2598076210549632,0.9999999999999998
16.6,0.45580550841163914,0.2714455236990185,0.2727489678893424,0.25980762105447613,0.9999999999999998
16.7,0.4541027075780242,0.2905857853317431,0.2553115070902327,0.25980762105398897,0.9999999999999998
16.8,0.44878587417270466,0.3110052705407764,0.24020885528651897,0.25980762105350186,0.9999999999999998
16.9,0.44001411483365876,0.3320929247015074,0.22789296046483387,0.25980762105301464,0.9999999999999998
17,0.428049925116257,0.35321769818339194,0.2187323767003511,0.2598076210525276,0.9999999999999998
17.1,0.4132513342941019,0.37374743055742193,0.2130012351484763,0.2598076210520405,0.9999999999999998
17.2,0.39606119130619355,0.3930677680443216,0.2108710406494849,0.2598076210515535,0.9999999999999998
17.3,0.37699391246925373,0.4106005480974169,0.21240553943332935,0.2598076210510663,0.9999999999999998
17.400000000000002,0.3566200875309104,0.4258211009601573,0.21755881150893233,0.25980762105057925,0.9999999999999998
17.5,0.3355494047287536,0.43827395044788603,0.22617664482336045,0.2598076210500922,0.9999999999999998
17.6,0.3144124058241509,0.4475864441067878,0.2380011500690614,0.259807621049605,0.9999999999999998
17.7,0.29384161709280116,0.45347990486648637,0.25267847804071253,0.25980762104911803,0.9999999999999998
17.8,0.27445262092854866,0.4557779704722518,0.2697694085991995,0.259807621048631,0.9999999999999998
17.900000000000002,0.2568256344941312,0.4544118711386855,0.28876249436718343,0.25980762104814364,0.9999999999999998
18,0.24148814667911778,0.44942248749069946,0.30908936583018287,0.2598076210476565,0.9999999999999998
18.1,0.22889913295537218,0.4409591272077531,0.3301417398368748,0.2598076210471695,0.9999999999999998
18.2,0.21943532050167333,0.4292750569803592,0.3512896225179676,0.25980762104668226,0.9999999999999998
18.3,0.2133799146146678,0.4147199234853968,0.37190016189993536,0.25980762104619526,0.9999999999999998
18.400000000000002,0.2109141237691525,0.3977292901831115,0.39135658604773604,0.2598076210457081,0.9999999999999998
18.5,0.21211173694089064,0.37881160304793665,0.4090766600111728,0.25980762104522104,0.9999999999999998
18.6,0.2169369154659849,0.3585329752846182,0.4245301092493968,0.25980762104473404,0.9999999999999998
18.7,0.22524526551558022,0.33750024634815223,0.43725448813626755,0.259807621044247,0.9999999999999998
18.8,0.23678815909200907,0.3163428222276325,0.44686901868035855,0.25980762104375993,0.9999999999999998
18.900000000000002,0.2512201742402488,0.29569384042487434,0.45308598533487693,0.2598076210432728,0.9999999999999998
19,0.2681094318258029,0.27617122326724225,0.45571934490695487,0.25980762104278565,0.9999999999999998
19.1,0.2869505195501557,0.25835918653571105,0.4546902939141333,0.25980762104229843,0.9999999999999998
19.2,0.3071796164516683,0.24279075676385428,0.45002962678447744,0.25980762104181127,0.9999999999999998
19.3,0.3281913652900948,0.22993182037889545,0.44187681433100984,0.25980762104132415,0.9999999999999998
19.400000000000002,0.3493569879073469,0.22016718201547156,0.4304758300771816,0.25980762104083704,0.9999999999999998
19.5,0.3700431014609802,0.21378904920811437,0.4161678493309055,0.25980762104035005,0.9999999999999998
19.6,0.3896306724532034,0.2109882880588894,0.39938103948790726,0.2598076210398629,0.9999999999999998
19.7,0.4075335413546755,0.21184871155499269,0.3806177470903319,0.25980762103937577,0.9999999999999998
19.8,0.42321596347233265,0.21634457145883085,0.36043946506883645,0.25980762103888894,0.9999999999999998
19.900000000000002,0.43620864114946345,0.2243413288259609,0.33945003002457563,0.2598076210384018,0.9999999999999998
20,0.4461227675332433,0.2355996800930809,0.3182775523736757,0.25980762103791477,0.9999999999999998
20.1,0.45266166164893235,0.24978271825509077,0.2975556200959769,0.2598076210374277,0.9999999999999998
20.2,0.45562964660026983,0.2664660148324588,0.27790433856727137,0.25980762103694066,0.9999999999999998
20.3,0.4549379052152538,0.28515032092526865,0.25991177385947756,0.25980762103645355,0.9999999999999998
20.400000000000002,0.45060713790666646,0.3052765072739506,0.244116354819383,0.2598076210359665,0.9999999999999998
20.5,0.4427669432106702,0.3262422962442615,0.23099076054506826,0.25980762103547944,0.9999999999999998
20.6,0.4316519395409044,0.3474202850306093,0.22092777542848635,0.25980762103499233,0.9999999999999998
20.7,0.4175947442148794,0.3681767207320126,0.21422853505310796,0.25980762103450517,0.9999999999999998
20.8,0.40101601985583263,0.38789046545513994,0.2110935146890274,0.259807621034018,0.9999999999999998
20.900000000000002,0.38241188603221327,0.40597158391230037,0.21161653005548645,0.259807621033531,0.9999999999999998
21,0.36233907284242944,0.42187899727912226,0.21578192987844838,0.25980762103304395,0.9999999999999998
21.1,0.341398260724946,0.4351366750189075,0.22346506425614646,0.25980762103255683,0.9999999999999998
21.2,0.32021610505116294,0.44534788013210425,0.2344360148167329,0.2598076210320698,0.9999999999999998
21.3,0.29942648341648054,0.4522070415407387,0.24836647504278087,0.25980762103158267,0.9999999999999998
21.400000000000002,0.2796515268057698,0.45550889832581587,0.26483957486841425,0.2598076210310954,0.9999999999999998
21.5,0.2614830022770437,0.4551546421756973,0.2833623555472591,0.25980762103060817,0.9999999999999998
21.6,0.24546460428791314,0.45115487423222794,0.3033805214798589,0.25980762103012106,0.9999999999999998
21.7,0.23207568459821343,0.4436292878507725,0.324295027551014,0.25980762102963406,0.9999999999999998
21.8,0.22171690763268004,0.4328030867675886,0.3454800055997314,0.25980762102914695,0.9999999999999998
21.900000000000002,0.21469826056802285,0.4190002458611478,0.3663014935708294,0.25980762102866006,0.9999999999999998
22,0.2112297769434415,0.40263381617962635,0.38613640687693224,0.25980762102817284,0.9999999999999998
22.1,0.21141525139122946,0.3841935643573448,0.40439118425142573,0.2598076210276859,0.9999999999999998
22.2,0.21524913357462838,0.36423131631154426,0.4205195501138274,0.25980762102719884,0.9999999999999998
22.3,0.22261669428207093,0.34334444381047285,0.4340388619074562,0.2598076210267118,0.9999999999999998
22.400000000000002,0.23329745870743282,0.32215798807846907,0.4445445532140982,0.2598076210262247,0.9999999999999998
22.5,0.24697180417512304,0.30130595539049754,0.4517222404343795,0.25980762102573773,0.9999999999999998
22.6,0.2632305248725962,0.2814123443868748,0.4553571307405291,0.2598076210252507,0.9999999999999998
22.7,0.2815870773649484,0.26307247286721075,0.45534044976784094,0.25980762102476357,0.9999999999999998
22.8,0.3014921404436568,0.24683516286065718,0.451672696695686,0.25980762102427635,0.9999999999999998
22.900000000000002,0.3223500536048975,0.23318631708557042,0.4444636293095321,0.25980762102378924,0.9999999999999998
23,0.34353664223474584,0.2225343782742637,0.4339289794909905,0.25980762102330224,0.9999999999999998
23.1,0.364417896081259,0.21519810649364418,0.42038399742509686,0.2598076210228152,0.9999999999999998
23.2,0.38436894205876193,0.21139704022633138,0.4042340177149068,0.2598076210223282,0.9999999999999998
23.3,0.4027927436217485,0.21124492666511818,0.3859623297131334,0.2598076210218412,0.9999999999999998
23.400000000000002,0.4191379671282329,0.21474631781970585,0.3661157150520612,0.2598076210213542,0.9999999999999998
23.5,0.4329154805402889,0.22179643429747303,0.34528808516223813,0.2598076210208671,0.9999999999999998
23.6,0.44371299073692766,0.23218430083464953,0.32410270842842287,0.25980762102038,0.9999999999999998
23.7,0.45120738141663047,0.24559905974689075,0.3031935588364787,0.259807621019893,0.9999999999999998
23.8,0.45517438237687724,0.2616392733687699,0.2831863442543529,0.25980762101940585,0.9999999999999998
23.900000000000002,0.45549528081675783,0.27982493710598955,0.2646797820772526,0.25980762101891863,0.9999999999999998
24,0.4521604738264325,0.29961184360882614,0.24822768256474143,0.2598076210184314,0.9999999999999998
24.1,0.44526975575492744,0.32040786821784006,0.2343223760272325,0.25980762101794425,0.9999999999999998
24.2,0.43502933185676407,0.34159068833866857,0.22337997980456745,0.2598076210174571,0.9999999999999998
24.3,0.42174564758426886,0.36252640649228307,0.21572794592344816,0.25980762101696986,0.9999999999999998
24.400000000000002,0.40581621818445507,0.3825885197445383,0.21159526207100676,0.259807621016483,0.9999999999999998
24.5,0.3877177330254752,0.4011766678534102,0.21110559912111465,0.25980762101599597,0.9999999999999998
24.6,0.36799179063156806,0.4177345990942151,0.2142736102742167,0.2598076210155089,0.9999999999999998
24.7,0.3472286913066467,0.4317668161341422,0.22100449255921117,0.25980762101502186,0.9999999999999998
24.8,0.3260497723534808,0.44285340382705723,0.23109682381946203,0.2598076210145348,0.9999999999999998
24.900000000000002,0.3050888145083645,0.45066259520570895,0.24424859028592658,0.25980762101404764,0.9999999999999998
25,0.2849730760051023,0.45496069963307795,0.26006622436181975,0.2598076210135605,0.9999999999999998
25.1,0.26630452182537195,0.45561909601219586,0.27807638216243225,0.25980762101307336,0.9999999999999998
25.2,0.2496418098515514,0.4526180817821074,0.2977401083663413,0.25980762101258614,0.9999999999999998
25.3,0.23548357298773673,0.4460474625184827,0.31846896449378054,0.2598076210120991,0.9999999999999998
25.400000000000002,0.2242534975327327,0.4361038644950373,0.33964263797223004,0.25980762101161214,0.9999999999999998
25.5,0.21628764433582046,0.4230848506275599,0.36062750503661956,0.25980762101112526,0.9999999999999998
25.6,0.2118243921506675,0.407380015881366,0.38079559196796653,0.2598076210106383,0.9999999999999998
25.7,0.21099730413326595,0.38945932861277316,0.39954336725396095,0.2598076210101511,0.9999999999999998
25.8,0.21383113095448406,0.3698590667308309,0.41630980231468506,0.2598076210096641,0.9999999999999998
25.900000000000002,0.22024107013438707,0.3491657695407165,0.43059316032489653,0.2598076210091771,0.9999999999999998
26,0.23003530376280235,0.3279986855110866,0.44196601072611114,0.25980762100869,0.9999999999999998
26.1,0.24292073866465178,0.306991241217262,0.45008802011808624,0.2598076210082028,0.9999999999999998
26.2,0.2585117772351735,0.2867720860035076,0.45471613676131895,0.2598076210077157,0.9999999999999998
26.3,0.2763418564771316,0.2679462796043104,0.455711863918558,0.25980762100722843,0.9999999999999998
26.400000000000002,0.2958774099334617,0.2510771856864964,0.45304540438004187,0.25980762100674115,0.9999999999999998
26.5,0.3165338347034704,0.23666961314929708,0.4467965521472324,0.2598076210062544,0.9999999999999998
26.6,0.337692985728435,0.22515470968022253,0.4371523045913424,0.2598076210057673,0.9999999999999998
26.7,0.3587216738287934,0.21687705962821296,0.42440126654299365,0.25980762100528043,0.9999999999999998
26.8,0.3789906139377786,0.21208437229118288,0.4089250137710385,0.2598076210047934,0.9999999999999998
26.900000000000002,0.39789325650418417,0.21092006919672399,0.39118667429909176,0.2598076210043063,0.9999999999999998
27,0.4148639385331241,0.21341899220214822,0.3717170692647277,0.25980762100381927,0.9999999999999998
27.1,0.4293948110935306,0.2195063608492976,0.3510988280571717,0.2598076210033322,0.9999999999999998
27.2,0.4410510367354625,0.22900001017535748,0.3299489530891801,0.25980762100284527,0.9999999999999998
27.3,0.4494838020333692,0.24161584201301597,0.30890035595361487,0.2598076210023582,0.9999999999999998
27.400000000000002,0.4544407558539824,0.2569763266494043,0.28858291749661336,0.2598076210018711,0.9999999999999998
27.5,0.45577356098288313,0.2746218004310373,0.2696046385860796,0.2598076210013841,0.9999999999999998
27.6,0.4534423331267554,0.29402422123308036,0.25253344564016417,0.25980762100089716,0.9999999999999998
27.7,0.44751683445385154,0.31460297015949323,0.2378801953866551,0.25980762100041005,0.9999999999999998
27.8,0.43817438595588043,0.33574222660699155,0.22608338743712808,0.2598076209999229,0.9999999999999998
27.900000000000002,0.4256945611040464,0.35680939674273393,0.21749604215321972,0.25980762099943583,0.9999999999999998
28,0.4104508195919784,0.3771740439221616,0.21237513648585998,0.25980762099894883,0.9999999999999998
28.1,0.39289933152642054,0.39622675455281503,0.21087391392076443,0.2598076209984619,0.9999999999999998
28.2,0.3735653265026131,0.4133973748417428,0.21303729865564408,0.25980762099797483,0.9999999999999998
28.3,0.35302737606930734,0.42817207269046886,0.2188005512402238,0.2598076209974879,0.9999999999999998
28.400000000000002,0.3319000799318252,0.4401087141590323,0.22799120590914246,0.25980762099700105,0.9999999999999998
28.5,0.31081567400983456,0.4488500943572634,0.24033423163290207,0.25980762099651394,0.9999999999999998
28.6,0.2904051107300893,0.4541346268278814,0.25546026244202924,0.2598076209960267,0.9999999999999998
28.7,0.2712791777277908,0.4558041715408255,0.2729166507313837,0.25980762099553967,0.9999999999999998
28.8,0.25401021998084744,0.45380876724550023,0.2921810127736524,0.25980762099505256,0.9999999999999998
28.900000000000002,0.23911501234353355,0.4482081265649427,0.3126768610915237,0.2598076209945655,0.9999999999999998
29,0.22703929502026166,0.4391698490911042,0.3337908558886341,0.25980762099407845,0.9999999999999998
29.1,0.21814443475657253,0.4269644059545049,0.3548911592889227,0.2598076209935914,0.9999999999999998
29.2,0.21269661091220357,0.4119570459553902,0.3753463431324064,0.2598076209931043,0.9999999999999998
29.3,0.21085885002380833,0.3945968654660207,0.3945442845101711,0.2598076209926172,0.9999999999999998
29.400000000000002,0.21268614722363435,0.37540336918808753,0.41191048358827814,0.25980762099213034,0.9999999999999998
29.5,0.21812382050607132,0.35495092393559574,0.426925255558333,0.25980762099164334,0.9999999999999998
29.6,0.2270091470907653,0.333851570664926,0.4391392822443087,0.2598076209911561,0.9999999999999998
29.7,0.23907623291401212,0.3127367091033636,0.4481870579826242,0.259807620990669,0.9999999999999998
29.8,0.25396396952853334,0.2922382030649586,0.45379782740650804,0.25980762099018184,0.9999999999999998
29.900000000000002,0.2712268403008139,0.2729694718785535,0.4558036878206325,0.2598076209896948,0.9999999999999998
30,0.29034825252973623,0.2555071337684143,0.45414461370184955,0.2598076209892078,0.9999999999999998
30.1,0.3107559965218622,0.24037375051067095,0.44887025296746674,0.2598076209887207,0.9999999999999998
30.2,0.3318393690093764,0.22802218973302044,0.4401384412576031,0.2598076209882337,0.9999999999999998
30.3,0.3529674484911263,0.21882207281704086,0.4282104786918329,0.2598076209877466,0.9999999999999998
30.400000000000002,0.3735079756058101,0.2130487139506578,0.4134433104435321,0.25980762098725957,0.9999999999999998
30.5,0.3928462735407294,0.2108748813304463,0.39627884512882444,0.2598076209867724,0.9999999999999998
30.6,0.4104036422814573,0.21236562706040518,0.37723073065813756,0.25980762098628535,0.9999999999999998
30.7,0.42565467625312403,0.2174763404628726,0.3568689832840034,0.2598076209857982,0.9999999999999998
30.8,0.43814298712160465,0.22605408305639688,0.3358029298219985,0.2598076209853111,0.9999999999999998
30.900000000000002,0.4474948612486084,0.2378421652512523,0.3146629735001393,0.259807620984824,0.9999999999999998
31,0.4534304431003007,0.25248782780464146,0.294081729095058,0.25980762098433685,0.9999999999999998
31.1,0.45577210994511824,0.2695527981674634,0.27467509188741834,0.25980762098384985,0.9999999999999998
31.2,0.4544497872273174,0.2885264058231795,0.25702380694950316,0.2598076209833627,0.9999999999999998
31.3,0.44950304555330384,0.30884086414127704,0.2416560903054191,0.2598076209828756,0.9999999999999998
31.400000000000002,0.4410799165382714,0.32988826143472433,0.22903182202700437,0.2598076209823886,0.9999999999999998
31.5,0.4294324629490266,0.3510387527627461,0.21952878428822736,0.25980762098190174,0.9999999999999998
31.6,0.41490923570680865,0.37165940808786174,0.21343135620532963,0.25980762098141463,0.9999999999999998
31.7,0.39794484347485953,0.39113315275467264,0.21092200377046777,0.2598076209809277,0.9999999999999998
31.8,0.3790469469616171,0.4088772334951529,0.21207581954322996,0.2598076209804406,0.9999999999999998
31.900000000000002,0.3587810671359834,0.4243606573638524,0.21685827550016426,0.2598076209799536,0.9999999999999998
32,0.33775366196996415,0.4371200817415678,0.2251262562884681,0.2598076209794665,0.9999999999999998
32.1,0.3165939781384236,0.44677367989793376,0.23663234196364266,0.2598076209789793,0.9999999999999998
32.2,0.295935220765199,0.4530325671849334,0.2510322120498676,0.25980762097849225,0.9999999999999998
32.3,0.2763956047123332,0.4557094459316313,0.26789494935603547,0.25980762097800497,0.9999999999999998
32.4,0.2585598544540146,0.4547242103410077,0.28671593520497785,0.2598076209775178,0.9999999999999998
32.5,0.24296170615288218,0.45010634366193447,0.3069319501851833,0.25980762097703064,0.9999999999999998
32.6,0.23006793556537447,0.4419940359007443,0.3279380285338813,0.2598076209765436,0.9999999999999998
32.7,0.2202643897422494,0.43063004847493724,0.3491055617828133,0.25980762097605636,0.9999999999999998
32.8,0.21384444052668516,0.4163544495595762,0.36980110991373877,0.25980762097556925,0.9999999999999998
32.9,0.2110002053798952,0.3995944375216708,0.3894053570984341,0.25980762097508225,0.9999999999999998
33,0.21181679825170988,0.38085155697704104,0.4073316447712491,0.2598076209745951,0.9999999999999998
33.1,0.2162697825392512,0.3606866900301155,0.4230435274306333,0.25980762097410814,0.9999999999999998
33.2,0.22422590235410564,0.3397032718349374,0.43607082581095685,0.259807620973621,0.9999999999999998
33.3,0.23544707021476777,0.31852923275297357,0.4460236970322587,0.25980762097313387,0.9999999999999998
33.4,0.249597491832361,0.29779820749000563,0.4526043006776333,0.2598076209726468,0.9999999999999998
33.5,0.2662537147798891,0.2781305735300913,0.45561571169001963,0.2598076209721597,0.9999999999999998
33.6,0.28491730033783674,0.2601148862928779,0.45496781336928543,0.2598076209716726,0.9999999999999998
33.7,0.30502973931019206,0.24429026656857816,0.4506799941212297,0.25980762097118554,0.9999999999999998
33.8,0.32598916545397855,0.2311302672879352,0.4428805672580862,0.25980762097069837,0.9999999999999998
33.9,0.3471683663716645,0.22102870241529365,0.431802931213042,0.25980762097021143,0.9999999999999998
34,0.36793355288914725,0.2142878620362146,0.41777858507463816,0.2598076209697244,0.9999999999999998
34.1,0.3876633252442688,0.21110946630401956,0.4012272084517116,0.2598076209692373,0.9999999999999998
34.2,0.4057672685212499,0.21158862894909067,0.3826441025296595,0.2598076209687504,0.9999999999999998
34.300000000000004,0.4217036208612757,0.21571101099336393,0.36258536814536024,0.2598076209682632,0.9999999999999998
34.4,0.43499548572670743,0.22335324984532262,0.34165126442797,0.25980762096777615,0.9999999999999998
34.5,0.4452451030656966,0.23428665093479017,0.3204682459995133,0.25980762096728915,0.9999999999999998
34.6,0.45214575231153514,0.2481840314150762,0.2996702162733887,0.259807620966802,0.9999999999999998
34.7,0.4554909310185918,0.26462951113417466,0.2798795578472336,0.25980762096631477,0.9999999999999998
34.800000000000004,0.45518053446346707,0.2831309578794686,0.26168850765706436,0.2598076209658275,0.9999999999999998
34.9,0.4512238512863403,0.3031347144710615,0.24564143424259827,0.2598076209653405,0.9999999999999998
35,0.44373928552771547,0.32404216699436256,0.23221854747792206,0.2598076209648533,0.9999999999999998
35.1,0.432950813378639,0.3452276583663268,0.2218215282550343,0.2598076209643662,0.9999999999999998
35.2,0.4191812806764028,0.3660572111705358,0.2147615081530614,0.25980762096387905,0.9999999999999998
35.300000000000004,0.4028427417186773,0.38590749947887887,0.21124975880244395,0.2598076209633919,0.9999999999999998
35.4,0.38442412850778374,0.4041845019266479,0.21139136956556842,0.2598076209629049,0.9999999999999998
35.5,0.3644766194238964,0.4203412778463776,0.21518210272972588,0.25980762096241794,0.9999999999999998
35.6,0.3435971451707243,0.43389433450829307,0.22250852032098262,0.2598076209619309,0.9999999999999998
35.7,0.322410525579483,0.4444380956764687,0.23315137874404826,0.2598076209614437,0.9999999999999998
35.800000000000004,0.3015507718286374,0.4516570385080723,0.24679218966329028,0.2598076209609566,0.9999999999999998
35.9,0.2816421136118889,0.4553351355980735,0.2630227507900377,0.2598076209604695,0.9999999999999998
36,0.2632803190178274,0.4553623196155224,0.2813573613666501,0.25980762095998233,0.9999999999999998
36.1,0.24701486612524842,0.4517377770766744,0.3012473567980773,0.2598076209594953,0.9999999999999998
36.2,0.23333249983048096,0.44456997268855053,0.32209752748096854,0.2598076209590082,0.9999999999999998
36.300000000000004,0.22264266596990095,0.43407340353445495,0.34328393049564415,0.25980762095852117,0.9999999999999998
36.4,0.21526525862260393,0.42056218023268693,0.36417256114470914,0.25980762095803417,0.9999999999999998
36.5,0.21142104725612396,0.40444062715275664,0.3841383255911193,0.2598076209575471,0.9999999999999998
36.6,0.21122507018357883,0.3861911829783371,0.4025837468380842,0.2598076209570602,0.9999999999999998
36.7,0.21468319203353237,0.3663599636935129,0.41895684427295476,0.2598076209565732,0.9999999999999998
36.800000000000004,0.22169192825054582,0.34554042002104446,0.4327676517284097,0.2598076209560861,0.9999999999999998
36.9,0.23204154187825216,0.3243555783650303,0.44360287975671747,0.25980762095559906,0.9999999999999998
37,0.2454223199534884,0.3034393966990907,0.45113828334742084,0.25980762095511195,0.9999999999999998
37.1,0.2614338416899207,0.2834177933265138,0.45514836498356565,0.25980762095462484,0.9999999999999998
37.2,0.279596961100073,0.264889916228139,0.4555131226717881,0.2598076209541378,0.9999999999999998
37.300000000000004,0.2993681454748982,0.24841021351414586,0.452221641010956,0.2598076209536507,0.9999999999999998
37.4,0.3201557406408153,0.23447184152281972,0.4453724178363649,0.25980762095316373,0.9999999999999998
37.5,0.34133767625517764,0.22349190708018504,0.4351704166646373,0.2598076209526767,0.9999999999999998
37.6,0.3622800813078789,0.21579898554698823,0.42192093314513274,0.2598076209521898,0.9999999999999998
37.7,0.38235625275881757,0.2116232881764134,0.4060204590647691,0.2598076209517028,0.9999999999999998
37.800000000000004,0.4009654096733209,0.21108977302508403,0.38794481730159514,0.2598076209512158,0.9999999999999998
37.9,0.4175506716366228,0.2142144055738583,0.368234922789519,0.2598076209507289,0.9999999999999998
38,0.43161572344199395,0.22090368095961857,0.3474805955983875,0.2598076209502419,0.9999999999999998
38.1,0.44273966736048465,0.23095742211530562,0.32630291052420984,0.25980762094975474,0.9999999999999998
38.2,0.4505896185369947,0.24407477008364664,0.3053356113793587,0.25980762094926757,0.9999999999999998
38.300000000000004,0.4549306665945002,0.2598631872439913,0.28520614616150847,0.2598076209487805,0.9999999999999998
38.4,0.4556329053446838,0.27785020403001703,0.26651689062529926,0.2598076209482933,0.9999999999999998
38.5,0.4526753202403517,0.297497557616896,0.24982712214275235,0.2598076209478062,0.9999999999999998
38.6,0.4461464172373322,0.3182172994766531,0.23563628328601466,0.25980762094731913,0.9999999999999998
38.7,0.436241574247117,0.3393893897819116,0.22436903597097146,0.2598076209468321,0.9999999999999998
38.800000000000004,0.4232571944382222,0.36038025214417746,0.2163625534176004,0.259807620946345,0.9999999999999998
38.9,0.40758183634916545,0.38056173343472993,0.2118564302161046,0.25980762094585796,0.9999999999999998
39,0.38968458624509156,0.39932990131405655,0.21098551244085195,0.259807620945371,0.9999999999999998
39.1,0.37010102067614575,0.41612311695235615,0.2137758623714981,0.25980762094488397,0.9999999999999998
39.2,0.3494171793090881,0.43043884211359623,0.22014397857731557,0.259807620944397,0.9999999999999998
39.300000000000004,0.32825202764636213,0.44184867764987334,0.22989929470376455,0.25980762094390997,0.9999999999999998
39.4,0.30723893443706424,0.4500111833780072,0.2427498821849286,0.2598076209434229,0.9999999999999998
39.5,0.2870067180696781,0.45468209570260143,0.2583111862277205,0.25980762094293564,0.9999999999999998
39.6,0.26816082913469147,0.4557216372224344,0.27611753364287417,0.25980762094244864,0.9999999999999998
39.7,0.2512652322703185,0.4530986995796614,0.2956360681500202,0.2598076209419617,0.9999999999999998
39.800000000000004,0.23682552947845203,0.4468917743797534,0.31628269614179466,0.25980762094147464,0.9999999999999998
39.9,0.22527382994687994,0.43728660432432304,0.33743956572879713,0.2598076209409876,0.9999999999999998
40,0.2169558191494693,0.4245706248468631,0.35847355600366765,0.2598076209405005,0.9999999999999998
40.1,0.21212041418246447,0.4091243625858661,0.37875522323166955,0.2598076209400136,0.9999999999999998
40.2,0.21091231490173432,0.39141004809665947,0.39767763700160635,0.25980762093952664,0.9999999999999998
40.300000000000004,0.21336767376874588,0.371957783567409,0.4146745426638452,0.2598076209390396,0.9999999999999998
40.4,0.21941301398544694,0.35134967947142576,0.42923730654312736,0.25980762093855253,0.9999999999999998
40.5,0.2288674282929525,0.33020243486764267,0.44093013683940485,0.25980762093806536,0.9999999999999998
40.6,0.24144799263482017,0.309148882635076,0.4494031247301039,0.25980762093757825,0.9999999999999998
40.7,0.2567782326806347,0.28881905190151197,0.45440271541785343,0.25980762093709103,0.9999999999999998
40.800000000000004,0.27439938984854967,0.2698213143746591,0.4557792957767912,0.259807620936604,0.9999999999999998
40.9,0.2937841496902176,0.25272417877321923,0.45349167153656306,0.25980762093611687,0.9999999999999998
41,0.3143524218151606,0.2380392781608905,0.447608300023949,0.25980762093562965,0.9999999999999998
41.1,0.3354886991391628,0.2262060592886069,0.4383052415722303,0.25980762093514265,0.9999999999999998
41.2,0.35656047697987714,0.21757863211759682,0.42586089090252605,0.25980762093465554,0.9999999999999998
41.300000000000004,0.376937180806828,0.21241517305226437,0.4106476461409077,0.2598076209341685,0.9999999999999998
41.4,0.3960090362314755,0.21087019899194726,0.3931207647765773,0.25980762093368137,0.9999999999999998
41.5,0.4132053165514738,0.21298994340112865,0.37380474004739755,0.2598076209331942,0.9999999999999998
41.6,0.42801142178999446,0.21871097276954934,0.3532776054404562,0.25980762093270715,0.9999999999999998
41.7,0.43998427813858426,0.22786208486475487,0.33215363699666095,0.25980762093222004,0.9999999999999998
41.800000000000004,0.4487655969740756,0.24016943197172771,0.3110649710541967,0.259807620931733,0.9999999999999998
41.9,0.45409259667247587,0.25526471580627497,0.2906426875212492,0.2598076209312459,0.9999999999999998
42,0.4558058663687511,0.27269620886877405,0.2714979247624749,0.2598076209307587,0.9999999999999998
42.1,0.45385413633890415,0.29194227242344023,0.2542035912376556,0.25980762093027154,0.9999999999999998
42.2,0.44829581225030596,0.31242696657657454,0.23927722117311961,0.25980762092978443,0.9999999999999998
42.300000000000004,0.4392972273677231,0.3335372853210286,0.2271654873112483,0.2598076209292973,0.9999999999999998
42.4,0.4271276650179089,0.35464150078689277,0.21823083419519837,0.2598076209288103,0.9999999999999998
42.5,0.4121513002658763,0.37510806774532846,0.21274063198879534,0.25980762092832327,0.9999999999999998
42.6,0.39481630194879486,0.39432452264685386,0.21085917540435134,0.2598076209278362,0.9999999999999998
42.7,0.3756414211899637,0.4117158116389446,0.21264276717109173,0.2598076209273492,0.9999999999999998
42.800000000000004,0.355200467732584,0.4267614990956508,0.21803803317176523,0.25980762092686227,0.9999999999999998
42.9,0.33410513864020674,0.4390113416926914,0.22688351966710185,0.2598076209263751,0.9999999999999998
43,0.3129867132162807,0.4480987619726634,0.23891452481105596,0.25980762092588794,0.9999999999999998
43.1,0.29247716192370377,0.4537518182029164,0.2537710198733799,0.25980762092540083,0.9999999999999998
43.2,0.27319023462137737,0.4558013422522741,0.27100842312634865,0.2598076209249136,0.9999999999999998
43.300000000000004,0.2557030940536993,0.4541860019600329,0.2901109039862679,0.25980762092442644,0.9999999999999998
43.4,0.2405390442121998,0.4489541365054651,0.3105068192823351,0.2598076209239393,0.9999999999999998
43.5,0.2281518704243921,0.4402623098542576,0.33158581972135037,0.2598076209234523,0.9999999999999998
43.6,0.21891225979385093,0.42837062557010885,0.3527171146360401,0.2598076209229653,0.9999999999999998
43.7,0.2130967083608692,0.41363494319609967,0.3732683484430312,0.2598076209224782,0.9999999999999998
43.800000000000004,0.2108792469377379,0.39649622913120663,0.39262452393105546,0.2598076209219912,0.9999999999999998
43.9,0.2123262332236521,0.37746736067777764,0.4102064060985703,0.25980762092150406,0.9999999999999998
44,0.21739436604559098,0.3571177781498365,0.4254878558045726,0.259807620921017,0.9999999999999998
44.1,0.22593198114916518,0.3360564443290259,0.43801157452180894,0.2598076209205299,0.9999999999999998
44.2,0.23768358976279183,0.31491362120774635,0.4474027890294619,0.2598076209200428,0.9999999999999998
44.300000000000004,0.25229752411832407,0.2943220093518171,0.4533804665298588,0.2598076209195558,0.9999999999999998
44.4,0.2693364611353591,0.2748978142886456,0.45576572457599535,0.2598076209190687,0.9999999999999998
44.5,0.2882905093471808,0.2572223065106567,0.45448718414216255,0.2598076209185814,0.9999999999999998
44.6,0.3085924674411005,0.24182442691226075,0.4495831056466386,0.25980762091809423,0.9999999999999998
44.7,0.3296347978002315,0.22916495819396365,0.4412002440058049,0.2598076209176072,0.9999999999999998
44.800000000000004,0.3507878071121873,0.2196227359055343,0.42958945698227835,0.2598076209171202,0.9999999999999998
44.9,0.3714184899886297,0.21348331176379806,0.4150981982475723,0.25980762091663295,0.9999999999999998
45,0.39090947169893503,0.21093040849611852,0.39816011980494653,0.2598076209161458,0.9999999999999998
45.1,0.4086774831552597,0.2120404219240183,0.379282094920722,0.25980762091565857,0.9999999999999998
45.2,0.42419081528368907,0.21678013481249714,0.35902904990381385,0.2598076209151714,0.9999999999999998
45.300000000000004,0.43698523045810683,0.22500771089827803,0.33800705864361513,0.25980762091468423,0.9999999999999998
45.4,0.4466778548459351,0.23647693935061195,0.316845205803453,0.2598076209141971,0.9999999999999998
45.5,0.45297863593625665,0.2508446026488333,0.29617676141491,0.2598076209137101,0.9999999999999998
45.6,0.4556990223829333,0.2676807473923784,0.27662023022468835,0.259807620913223,0.9999999999999998
45.7,0.45475760641776386,0.2864815506885075,0.2587608428937288,0.2598076209127358,0.9999999999999998
45.800000000000004,0.4501825599840459,0.30668439709011414,0.24313304292584,0.25980762091224857,0.9999999999999998
45.9,0.4421107916890618,0.32768471490512874,0.23020449340580956,0.25980762091176146,0.9999999999999998
46,0.4307838498037486,0.3488540680496949,0.22036208214655656,0.2598076209112744,0.9999999999999998
46.1,0.4165406939125946,0.36955896204505856,0.21390034404234695,0.2598076209107876,0.9999999999999998
46.2,0.3998075515226793,0.38917980138730296,0.2110126470900177,0.25980762091030063,0.9999999999999998
46.300000000000004,0.38108516317359403,0.40712943098922016,0.21178540583718589,0.25980762090981346,0.9999999999999998
46.4,0.36093379773928036,0.4228707068402823,0.2161954954204373,0.25980762090932624,0.9999999999999998
46.5,0.33995648634000536,0.43593257008139696,0.22411094357859762,0.25980762090883935,0.9999999999999998
46.6,0.3187809765909107,0.4459241434765543,0.235294879932535,0.25980762090835247,0.9999999999999998
46.7,0.29804094720760244,0.4525464284433967,0.2494126243490009,0.25980762090786547,0.9999999999999998
46.800000000000004,0.2783570451231138,0.45560125260819556,0.2660417022686906,0.2598076209073783,0.9999999999999998
46.9,0.260318312581939,0.45499720012898054,0.2846844872890804,0.2598076209068912,0.9999999999999998
47,0.2444645600067381,0.4507523473214586,0.3047830926718034,0.2598076209064041,0.9999999999999998
47.1,0.23127021213099988,0.44299372172391144,0.32573606614508877,0.25980762090591697,0.9999999999999998
47.2,0.22113011080335046,0.43195350078859646,0.3469163884080531,0.25980762090542997,0.9999999999999998
47.300000000000004,0.21434769931565417,0.41796206395409347,0.3676902367302524,0.25980762090494286,0.9999999999999998
47.4,0.21112594183977215,0.4014381060158546,0.38743595214437326,0.2598076209044557,0.9999999999999998
47.5,0.2115612497095148,0.38287610765308366,0.40556264263740155,0.2598076209039684,0.9999999999999998
47.6,0.2156405963042551,0.3628315380573665,0.42152786563837846,0.2598076209034815,0.9999999999999998
47.7,0.22324190687152773,0.3419042324754995,0.43485386065297277,0.25980762090299425,0.9999999999999998
47.800000000000004,0.2341377116231414,0.3207204420947927,0.4451418462820658,0.25980762090250725,0.9999999999999998
47.9,0.24800195278563256,0.2999140934293736,0.45208395378499383,0.25980762090202014,0.9999999999999998
48,0.26441974190356277,0.2801078180217611,0.4554724400746762,0.25980762090153303,0.9999999999999998
48.1,0.28289977540762956,0.2618943201473115,0.45520590444505893,0.2598076209010459,0.9999999999999998
48.2,0.3028890369107842,0.2458186400943762,0.4512923229948396,0.25980762090055876,0.9999999999999998
48.300000000000004,0.32378934626504335,0.23236184379284086,0.4438488099421158,0.2598076209000718,0.9999999999999998
48.4,0.34497526014723057,0.22192662688013526,0.4330981129726342,0.2598076208995847,0.9999999999999998
48.5,0.3658127884972774,0.21482526400411503,0.4193619474986076,0.2598076208990977,0.9999999999999998
48.6,0.3856783667182664,0.2112702639808312,0.40305136930090235,0.2598076208986107,0.9999999999999998
48.7,0.4039775158937083,0.21136801045229023,0.3846544736540015,0.25980762089812376,0.9999999999999998
48.800000000000004,0.42016263261365283,0.21511557834799727,0.36472178903834995,0.25980762089763665,0.9999999999999998
48.9,0.4337493760477554,0.22240082141791048,0.34384980253433406,0.25980762089714954,0.9999999999999998
49,0.4443311618809093,0.23300572821737556,0.3226631099017152,0.2598076208966624,0.9999999999999998
49.1,0.45159132937933405,0.2466129461159392,0.30179572450472675,0.2598076208961752,0.9999999999999998
49.2,0.45531261748675617,0.2628152780985909,0.28187210441465294,0.2598076208956878,0.9999999999999998
49.300000000000004,0.45538366637779426,0.281127868166942,0.26348846545526367,0.2598076208952009,0.9999999999999998
49.4,0.4518023499090748,0.3010027106913017,0.2471949393996234,0.2598076208947137,0.9999999999999998
49.5,0.4446758392442325,0.3218450495201985,0.23347911123556903,0.2598076208942266,0.9999999999999998
49.6,0.43421739574880847,0.34303117610277,0.22275142814842155,0.2598076208937395,0.9999999999999998
49.7,0.4207399891279102,0.3639270940138728,0.21533291685821704,0.25980762089325243,0.9999999999999998
49.800000000000004,0.4046469317843394,0.3839074913446002,0.2114455768710604,0.2598076208927653,0.9999999999999998
49.9,0.3864198096647237,0.4023744532080022,0.21120573712727408,0.2598076208922782,0.9999999999999998
50,0.3666040707639858,0.4187753543868693,0.21462057484914487,0.25980762089179116,0.9999999999999998
50.1,0.3457927025532324,0.43261939668475813,0.22158790076200954,0.259807620891304,0.9999999999999998
50.2,0.3246084867852578,0.4434922960987875,0.2318992171159548,0.25980762089081705,0.9999999999999998
50.300000000000004,0.30368536270393554,0.4510686802994602,0.24524595699660418,0.2598076208903299,0.9999999999999998
50.4,0.2836494563648546,0.4551218254219987,0.2612287182131467,0.2598076208898427,0.9999999999999998
50.5,0.26510034376619845,0.45553044079498284,0.2793692154388187,0.2598076208893557,0.9999999999999998
50.6,0.24859310849208344,0.45228229857277835,0.2991245929351383,0.2598076208888688,0.9999999999999998
50.7,0.2346217307947192,0.44547459965473285,0.31990366955054794,0.2598076208883818,0.9999999999999998
50.800000000000004,0.22360430519835603,0.43531106494098115,0.3410846298606629,0.2598076208878948,0.9999999999999998
50.9,0.2158705289893243,0.42209583896924613,0.36203363204142963,0.2598076208874079,0.9999999999999998
51,0.21165183600004306,0.40622438836676206,0.3821237756331949,0.2598076208869208,0.9999999999999998
51.1,0.21107447093424664,0.38817166748182813,0.4007538615839251,0.2598076208864338,0.9999999999999998
51.2,0.2141557114847689,0.36847790533935404,0.41736638317587715,0.2598076208859466,0.9999999999999998
51.300000000000004,0.2208033512972903,0.3477324392468176,0.43146420945589214,0.25980762088545956,0.9999999999999998
51.4,0.23081845925239988,0.32655607883118887,0.4426254619164113,0.25980762088497245,0.9999999999999998
51.5,0.2439013324942465,0.3055825282643343,0.45051613924141926,0.2598076208844853,0.9999999999999998
51.6,0.2596604650609528,0.2854394226181999,0.4549001123208473,0.2598076208839982,0.9999999999999998
51.7,0.2776242637298544,0.2667295458382642,0.45564619043188137,0.25980762088351117,0.9999999999999998
51.800000000000004,0.2972551604800183,0.25001279238881174,0.45273204713116993,0.25980762088302417,0.9999999999999998
51.9,0.3179656992555407,0.23578941236914583,0.44624488837531356,0.25980762088253717,0.9999999999999998
52,0.3391361156320298,0.2244850414918902,0.43637884287608003,0.25980762088205,0.9999999999999998
52.1,0.3601328833134355,0.2164379639024028,0.4234291527841617,0.25980762088156295,0.9999999999999998
52.2,0.3803276724539195,0.21188898900038375,0.40778333854569676,0.25980762088107595,0.9999999999999998
52.300000000000004,0.39911615247556287,0.21097424520054936,0.3899096023238878,0.2598076208805888,0.9999999999999998
52.4,0.41593607670618415,0.21372110627962398,0.37034281701419186,0.2598076208801018,0.9999999999999998
52.5,0.4302841076531245,0.22004737221402154,0.3496685201328538,0.2598076208796147,0.9999999999999998
52.6,0.4417308794154234,0.22976372902170958,0.328505391562867,0.25980762087912757,0.9999999999999998
52.7,0.4499338464905698,0.24257941399730412,0.30748673951212613,0.25980762087864073,0.9999999999999998
52.800000000000004,0.45464753447432665,0.25811091680781206,0.2872415487178614,0.25980762087815357,0.9999999999999998
52.9,0.4557308859006672,0.2758934560680758,0.26837565803125696,0.2598076208776664,0.9999999999999998
53,0.45315148139701267,0.2953948879585446,0.2514536306444428,0.2598076208771793,0.9999999999999998
53.1,0.4469865098363846,0.31603163066893974,0.23698185949467568,0.2598076208766922,0.9999999999999998
53.2,0.43742045845459726,0.3371861281276467,0.22539341341775607,0.25980762087620507,0.9999999999999998
53.300000000000004,0.4247395920559041,0.35822533041342236,0.2170350775306735,0.259807620875718,0.9999999999999998
53.4,0.4093233865172849,0.37851963782171344,0.2121569756610017,0.25980762087523085,0.9999999999999998
53.5,0.3916331729443984,0.3974617416829811,0.2109050853726205,0.2598076208747438,0.9999999999999998
53.6,0.37219833230368415,0.4144847981201344,0.21331686957618157,0.25980762087425674,0.9999999999999998
53.7,0.3516004536572832,0.42907939089401614,0.21932015544870062,0.2598076208737697,0.9999999999999998
53.800000000000004,0.330455930066784,0.44080877572252314,0.22873529421069297,0.25980762087328274,0.9999999999999998
53.9,0.3093975129846761,0.449321949885966,0.2412805371293579,0.2598076208727959,0.9999999999999998
54,0.2890553771197329,0.4543641560097512,0.2565804668705159,0.2598076208723088,0.9999999999999998
54.1,0.2700382624116414,0.45578450569790063,0.274177231890458,0.25980762087182163,0.9999999999999998
54.2,0.25291525744270366,0.4535404948796044,0.293544247677692,0.2598076208713344,0.9999999999999998
54.300000000000004,0.23819876941937806,0.447699275746724,0.31410195483389797,0.2598076208708473,0.9999999999999998
54.4,0.22632919034823923,0.4384356472194193,0.33523516243234136,0.25980762087036036,0.9999999999999998
54.5,0.21766171827219022,0.4260268240753675,0.3563114576524422,0.2598076208698733,0.9999999999999998
54.6,0.2124557279424184,0.41084414127677327,0.37670013078080833,0.2598076208693862,0.9999999999999998
54.7,0.210867009009536,0.39334194174380566,0.3957910492466583,0.2598076208688991,0.9999999999999998
54.800000000000004,0.21294310400661492,0.3740439801086749,0.4130129158847102,0.2598076208684119,0.9999999999999998
54.9,0.2186218856353231,0.353527749319026,0.4278503650456509,0.2598076208679248,0.9999999999999998
55,0.2277334159299819,0.3324071991182174,0.43985938495180077,0.25980762086743786,0.9999999999999998
55.1,0.2400050316639206,0.31131436355325665,0.44868060478282284,0.25980762086695064,0.9999999999999998
55.2,0.2550695038169608,0.290880447308595,0.4540500488744441,0.25980762086646364,0.9999999999999998
55.300000000000004,0.2724760269313576,0.2717169368586587,0.4558070362099838,0.2598076208659764,0.9999999999999998
55.4,0.2917037094988937,0.25439730168929164,0.45389898881181473,0.2598076208654894,0.9999999999999998
55.5,0.3121771616782869,0.239439833180431,0.44838300514128215,0.2598076208650023,0.9999999999999998
55.6,0.33328371387929545,0.22729213469773432,0.4394241514229703,0.2598076208645152,0.9999999999999998
55.7,0.3543917509461042,0.21831772702833074,0.4272905220255651,0.2598076208640281,0.9999999999999998
55.800000000000004,0.3748696132881801,0.21278516999403305,0.41234521671778696,0.2598076208635412,0.9999999999999998
55.9,0.39410449934083963,0.21086002577855129,0.3950354748806091,0.2598076208630542,0.9999999999999998
56,0.4115208036979801,0.21259990446674248,0.37587929183527746,0.2598076208625672,0.9999999999999998
56.1,0.4265973421469782,0.2179527400585057,0.3554499177945161,0.25980762086208015,0.9999999999999998
56.2,0.43888294814529744,0.22675834854773608,0.3343587033069664,0.25980762086159315,0.9999999999999998
56.300000000000004,0.4480099740130724,0.2387532214407084,0.3132368045462192,0.2598076208611061,0.9999999999999998
56.4,0.45370529281747046,0.2535784112674924,0.2927162959150371,0.259807620860619,0.9999999999999998
56.5,0.455798471716618,0.27079027311188175,0.2734112551715002,0.2598076208601319,0.9999999999999998
56.6,0.45422687217516106,0.2898737407187474,0.25589938710609156,0.2598076208596448,0.9999999999999998
56.7,0.4490375244271279,0.31025773989030864,0.2407047356825635,0.2598076208591578,0.9999999999999998
56.800000000000004,0.4403857200926519,0.33133227792428427,0.2282820019830638,0.25980762085867076,0.9999999999999998
56.9,0.42853036506460535,0.35246669769120587,0.2190029372441889,0.25980762085818365,0.9999999999999998
57,0.41382623173035843,0.3730285500962627,0.21314521817337895,0.25980762085769665,0.9999999999999998
57.1,0.39671334238150957,0.3924025201658442,0.21088413745264634,0.25980762085720943,0.9999999999999998
57.2,0.3777038015138443,0.41000884039422164,0.2122873580919341,0.2598076208567226,0.9999999999999998
57.300000000000004,0.35736647106193453,0.4253206403295896,0.2173128886084758,0.2598076208562355,0.9999999999999998
57.4,0.33630994716312995,0.43787971321180746,0.22581033962506258,0.2598076208557485,0.9999999999999998
57.5,0.3151643478725546,0.4473102278440219,0.23752542428342355,0.2598076208552613,0.9999999999999998
57.6,0.2945624568331019,0.4533299753693887,0.25210756779750937,0.2598076208547743,0.9999999999999998
57.7,0.2751207871775166,0.4557588143922544,0.269120398430229,0.25980762085428705,0.9999999999999998
57.800000000000004,0.2574211323267103,0.454524061722917,0.28805480595037275,0.25980762085379994,0.9999999999999998
57.9,0.24199315577805672,0.4496626674275215,0.30834417679442183,0.2598076208533129,0.9999999999999998
58,0.22929854088555285,0.4413201090945626,0.3293813500198846,0.2598076208528257,0.9999999999999998
58.1,0.21971717495086363,0.42974603840715003,0.35053678664198634,0.25980762085233877,0.9999999999999998
58.2,0.21353578106736124,0.4152868102976882,0.37117740863495047,0.25980762085185166,0.9999999999999998
58.300000000000004,0.2109393379100759,0.398375118250577,0.3906855438393471,0.25980762085136455,0.9999999999999998
58.4,0.2120055442349884,0.3795170459172748,0.4084774098477368,0.25980762085087744,0.9999999999999998
58.5,0.21670249373793712,0.3592769225251156,0.4240205837369472,0.25980762085039055,0.9999999999999998
58.6,0.2248896298531608,0.33826043528290406,0.43684993486393503,0.25980762084990355,0.9999999999999998
58.7,0.23632195191905894,0.3170965041458166,0.4465815439351245,0.2598076208494166,0.9999999999999998
58.800000000000004,0.25065734684134483,0.29641846133862704,0.45292419182002813,0.25980762084892933,0.9999999999999998
58.9,0.2674668268530218,0.2768450988414346,0.45568807430554353,0.2598076208484423,0.9999999999999998
59,0.28624736700544906,0.2589621509933021,0.4547904820012488,0.2598076208479551,0.9999999999999998
59.1,0.30643695822761347,0.24330476634827988,0.45025827542410674,0.259807620847468,0.9999999999999998
59.2,0.3274314254896829,0.23034149331483494,0.4422270811954822,0.2598076208469807,0.9999999999999998
59.300000000000004,0.34860250778603624,0.22046025880962658,0.43093723340433715,0.25980762084649384,0.9999999999999998
59.4,0.36931665889292287,0.21395675951546458,0.4167265815916126,0.2598076208460068,0.9999999999999998
59.5,0.3889540062866699,0.2110256131359237,0.4000203805774064,0.2598076208455197,0.9999999999999998
59.6,0.4069269008753916,0.2117545344459852,0.3813185646786233,0.25980762084503256,0.9999999999999998
59.7,0.422697502442087,0.21612171042082445,0.36118078713708857,0.25980762084454556,0.9999999999999998
59.800000000000004,0.4357938745534264,0.22399645299221396,0.3402096724543597,0.2598076208440584,0.9999999999999998
59.9,0.4458241072928731,0.2351431098987552,0.3190327828083717,0.25980762084357123,0.9999999999999998
60,0.45248804519429575,0.24922811659745567,0.29828383820824855,0.25980762084308423,0.9999999999999998
60.1,0.455586269416778,0.26582997820766757,0.2785837523755545,0.2598076208425973,0.9999999999999998
60.2,0.45502606536837165,0.28445188277696726,0.2605220518546611,0.25980762084211007,0.9999999999999998
60.300000000000004,0.45082419719720696,0.3045365684160506,0.24463923438674257,0.25980762084162295,0.9999999999999998
60.4,0.44310640612310254,0.3254829994025181,0.23141059447437942,0.2598076208411358,0.9999999999999998
60.5,0.43210364762214254,0.34666435221989456,0.2212320001579628,0.25980762084064873,0.9999999999999998
60.6,0.41814518006675244,0.3674467732983179,0.21440804663492968,0.25980762084016173,0.9999999999999998
60.7,0.40164871164423677,0.38720834713010255,0.21114294122566069,0.2598076208396747,0.9999999999999998
60.800000000000004,0.3831079004079821,0.4053577071378976,0.2115343924541203,0.2598076208391875,0.9999999999999998
60.9,0.3630775815232259,0.4213517323638165,0.21557068611295754,0.2598076208387004,0.9999999999999998
61,0.3421571637831718,0.4347118004047891,0.22313103581203914,0.2598076208382132,0.9999999999999998
61.1,0.3209726922559474,0.44503811022382955,0.233989197520223,0.25980762083772607,0.9999999999999998
61.2,0.30015811383904073,0.452021646226019,0.24782023993494032,0.2598076208372389,0.9999999999999998
61.300000000000004,0.2803363063509006,0.4554534255733327,0.26421026807576675,0.2598076208367518,0.9999999999999998
61.4,0.2621004388655569,0.4552307520117237,0.2826688091227194,0.2598076208362644,0.9999999999999998
61.5,0.24599622108364264,0.4513602890642187,0.30264348985213874,0.2598076208357773,0.9999999999999998
61.6,0.2325055729287212,0.44395786062449116,0.3235365664467878,0.2598076208352902,0.9999999999999998
61.7,0.22203220305747082,0.4332449849181661,0.34472281202436317,0.25980762083480324,0.9999999999999998
61.800000000000004,0.21488952784789003,0.41954224555332276,0.3655682265987872,0.25980762083431597,0.9999999999999998
61.9,0.21129129239070665,0.4032596980320064,0.38544900957728695,0.2598076208338288,0.9999999999999998
62,0.21134517415152532,0.38488459880860915,0.4037702270398656,0.2598076208333417,0.9999999999999998
62.1,0.21504956071460335,0.36496682410396963,0.4199836151814271,0.2598076208328545,0.9999999999999998
62.2,0.22229359803451276,0.34410241481827036,0.43360398714721693,0.2598076208323673,0.9999999999999998
62.300000000000004,0.23286050775175487,0.3229157399624467,0.4442237522857984,0.2598076208318801,0.9999999999999998
62.4,0.24643407430140862,0.30204081236876035,0.4515251133298311,0.25980762083139314,0.9999999999999998
62.5,0.2626081076876006,0.28210231580929657,0.4552895765031028,0.25980762083090586,0.9999999999999998
62.6,0.2808985987495613,0.26369691128728645,0.4554044899631522,0.2598076208304188,0.9999999999999998
62.7,0.30075820317202134,0.24737538191188657,0.45186641491609214,0.25980762082993164,0.9999999999999998
62.800000000000004,0.3215926208048503,0.23362615067237527,0.4447812285227745,0.25980762082944453,0.9999999999999998
62.9,0.34277838013957157,0.2228606643436091,0.4343609555168193,0.2598076208289572,0.9999999999999998
63,0.363681495740961,0.21540108091046173,0.4209174233485773,0.25980762082847,0.9999999999999998
63.1,0.3836764403086909,0.21147062896599236,0.40485293072531675,0.25980762082798287,0.9999999999999998
63.2,0.402164863628654,0.21118692757907598,0.3866482087922701,0.25980762082749564,0.9999999999999998
63.300000000000004,0.4185934982479456,0.21455846653495564,0.3668480352170988,0.25980762082700876,0.9999999999999998
63.4,0.4324707160448399,0.22148435227778432,0.34604493167737577,0.25980762082652165,0.9999999999999998
63.5,0.4433812402371625,0.23175732715784164,0.32486143260499584,0.2598076208260346,0.9999999999999998
63.6,0.4509985725711073,0.24506997163222943,0.30393145579666336,0.2598076208255475,0.9999999999999998
63.7,0.4550947638059407,0.2610239038177232,0.28388133237633606,0.25980762082506037,0.9999999999999998
63.800000000000004,0.4555472351121075,0.27914170109847336,0.26531106378941915,0.2598076208245733,0.9999999999999998
63.9,0.45234244625188724,0.29888118703355027,0.24877636671456244,0.25980762082408615,0.9999999999999998
64,0.4455763007720227,0.3196516560275571,0.23477204320042017,0.25980762082359915,0.9999999999999998
64.1,0.43545127608289796,0.3408315502398243,0.22371717367727773,0.2598076208231122,0.9999999999999998
64.2,0.4222703643068638,0.36178705974935643,0.21594257594377975,0.2598076208226251,0.9999999999999998
64.3,0.40642800521627787,0.3818910893641993,0.21168090541952284,0.259807620822138,0.9999999999999998
64.4,0.38839828259376624,0.4005420244920384,0.21105969291419535,0.2598076208216509,0.9999999999999998
64.5,0.3687207372395127,0.41718173450194374,0.21409752825854364,0.2598076208211639,0.9999999999999998
64.6,0.34798422117239286,0.43131227482531226,0.2207035040022949,0.2598076208206767,0.9999999999999998
64.7,0.3268092761891955,0.4425107879843872,0.23067993582641735,0.2598076208201896,0.9999999999999998
64.8,0.3058295641048656,0.45044215763395745,0.24372827826117696,0.2598076208197025,0.9999999999999998
64.9,0.28567290437522147,0.4548690369430933,0.25945805868168537,0.2598076208192154,0.9999999999999998
65,0.2669424865527057,0.45565895121684225,0.2773985622304521,0.25980762081872844,0.9999999999999998
65.1,0.25019881979384134,0.45278826221139945,0.2970129179947592,0.25980762081824127,0.9999999999999998
65.2,0.23594295958073191,0.4463428755103244,0.3177141649089438,0.25980762081775416,0.9999999999999998
65.3,0.22460151359822306,0.43651566979351625,0.3388828166082607,0.25980762081726705,0.9999999999999998
65.4,0.21651387546697515,0.4236007249282684,0.35988539960475646,0.25980762081677994,0.9999999999999998
65.5,0.2119220683639389,0.40798452160720816,0.3800934100288529,0.25980762081629294,0.9999999999999998
65.6,0.21096350246065493,0.39013437588461636,0.3989021216547286,0.2598076208158059,0.9999999999999998
65.7,0.2136668629135764,0.3705844547084939,0.41574868237792983,0.2598076208153189,0.9999999999999998
65.8,0.21995125145861352,0.3499197909346249,0.4301289576067617,0.2598076208148319,0.9999999999999998
65.9,0.22962860729774762,0.32875877617454013,0.44161261652771233,0.25980762081434494,0.9999999999999998
66,0.2424093348325008,0.30773465538021466,0.4498560097872847,0.25980762081385783,0.9999999999999998
66.1,0.2579109698339155,0.28747657694144013,0.45461245322464433,0.2598076208133707,0.9999999999999998
66.2,0.2756696247132592,0.26859076537312837,0.4557396099136124,0.2598076208128835,0.9999999999999998
66.3,0.29515387039286917,0.2516423800012866,0.4532037496058443,0.2598076208123964,0.9999999999999998
66.4,0.31578063936111433,0.2371386025278482,0.4470807581110376,0.2598076208119093,0.9999999999999998
66.5,0.336932674011361,0.22551345958024732,0.4375538664083917,0.2598076208114222,0.9999999999999998
66.6,0.35797699812209366,0.2171148344320779,0.42490816744582843,0.25980762081093517,0.9999999999999998
66.7,0.37828385871776354,0.2121940565700699,0.40952208471216667,0.25980762081044806,0.9999999999999998
66.8,0.39724557147375916,0.2108983806403708,0.39185604788587003,0.259807620809961,0.9999999999999998
66.9,0.4142947057153456,0.21326657984222902,0.37243871444242543,0.259807620809474,0.9999999999999998
67,0.4289210648231145,0.21922778563710144,0.35185114953978414,0.2598076208089869,0.9999999999999998
67.1,0.4406869539050412,0.22860360849497927,0.33070943759997956,0.2598076208084999,0.9999999999999998
67.2,0.44924027784891807,0.2411134762144379,0.30964624593664414,0.2598076208080128,0.9999999999999998
67.3,0.45432507779496434,0.25638303006678387,0.2892918921382519,0.25980762080752573,0.9999999999999998
67.4,0.45578919072387963,0.2739553275090568,0.2702554817670636,0.2598076208070386,0.9999999999999998
67.5,0.45358880294659576,0.293304516223859,0.25310668082954524,0.2598076208065514,0.9999999999999998
67.6,0.4477897612322039,0.3138515702893489,0.23835866847844725,0.25980762080606434,0.9999999999999998
67.7,0.4385656023384558,0.33498161757332945,0.2264527800882149,0.2598076208055773,0.9999999999999998
67.8,0.4261923599112876,0.3560623398278676,0.21774530026084482,0.2598076208050901,0.9999999999999998
67.9,0.41104030415728593,0.376462894860234,0.21249680098247997,0.2598076208046032,0.9999999999999998
68,0.3935628614800159,0.39557279453278,0.2108643439872041,0.25980762080411596,0.9999999999999998
68.1,0.37428304566092635,0.4128201736661911,0.2128967806728825,0.2598076208036288,0.9999999999999998
68.2,0.3537778066327579,0.42768890314781965,0.21853329021942253,0.25980762080314196,0.9999999999999998
68.3,0.33266076520958304,0.4397340351340456,0.22760519965637144,0.25980762080265485,0.9999999999999998
68.4,0.3115638504379761,0.4485951181478306,0.23984103141419336,0.25980762080216785,0.9999999999999998
68.5,0.2911183890729528,0.4540069836161709,0.2548746273108763,0.2598076208016806,0.9999999999999998
68.60000000000001,0.27193621307753085,0.45580768105950964,0.27225610586295945,0.25980762080119363,0.9999999999999998
68.7,0.2545913505054016,0.453943324471969,0.2914653250226294,0.2598076208007066,0.9999999999999998
68.8,0.2396028476684195,0.44846970486411325,0.31192744746746737,0.2598076208002195,0.9999999999999998
68.9,0.22741923663683616,0.4395506207127771,0.3330301426503868,0.25980762079973246,0.9999999999999998
69,0.21840511288349668,0.4274529762793757,0.35414191083712765,0.2598076207992454,0.9999999999999998
69.10000000000001,0.21283022473700094,0.4125387944798855,0.37463098078311363,0.25980762079875835,0.9999999999999998
69.2,0.21086140114276258,0.39525438332196283,0.3938842155352745,0.25980762079827147,0.9999999999999998
69.3,0.2125575592943204,0.37611698010437933,0.4113254606013003,0.25980762079778436,0.9999999999999998
69.4,0.21786794153190733,0.3556992730521067,0.426432785415986,0.25980762079729736,0.9999999999999998
69.5,0.2266336342692228,0.33461226357828183,0.43875410215249544,0.2598076207968104,0.9999999999999998
69.60000000000001,0.23859232349440768,0.31348698202114483,0.44792069448444743,0.25980762079632347,0.9999999999999998
69.7,0.25338614453650116,0.2929556040138939,0.453658251449605,0.25980762079583647,0.9999999999999998
69.8,0.2705723911925286,0.27363253258150205,0.45579507622596926,0.2598076207953494,0.9999999999999998
69.9,0.2896367637437918,0.25609601208416727,0.4542672241720409,0.25980762079486214,0.9999999999999998
70,0.31000875941347944,0.240870824211514,0.4491204163750066,0.259807620794375,0.9999999999999998
70.10000000000001,0.331078744705003,0.22841258385121785,0.4405086714437792,0.2598076207938879,0.9999999999999998
70.2,0.3522161987300527,0.21909410477935956,0.4286896964905878,0.259807620793401,0.9999999999999998
70.3,0.3727885815934164,0.21319424318024657,0.4140171752263371,0.2598076207929139,0.9999999999999998
70.4,0.3921802631967298,0.21088955285420777,0.3969301839490625,0.25980762079242686,0.9999999999999998
70.5,0.40981094601529,0.2122490018318923,0.3779400521528177,0.2598076207919397,0.9999999999999998
70.60000000000001,0.42515303054495557,0.21723190850078605,0.3576150609542583,0.2598076207914526,0.9999999999999998
70.7,0.43774740375683246,0.2256891590055143,0.33656343723765325,0.2598076207909654,0.9999999999999998
70.8,0.44721717808905803,0.237367669491135,0.315415152419807,0.2598076207904784,0.9999999999999998
70.9,0.45327896983532384,0.25191795965645813,0.2948030705082181,0.25980762078999137,0.9999999999999998
71,0.45575137942351657,0.2689046109782406,0.2753440095982429,0.2598076207895044,0.9999999999999998
71.10000000000001,0.45456041981150236,0.28781929664311373,0.2576202835453839,0.2598076207890175,0.9999999999999998
71.2,0.4497417305549052,0.3080959932655553,0.24216227617953953,0.25980762078853037,0.9999999999999998
71.3,0.4414395112907345,0.3291279191801046,0.22943256952916086,0.2598076207880433,0.9999999999999998
71.4,0.4299022065524446,0.3502856924281591,0.21981210101939636,0.2598076207875563,0.9999999999999998
71.5,0.41547507104865805,0.3709361650602355,0.2135887638911065,0.2598076207870693,0.9999999999999998
71.60000000000001,0.39858983789014546,0.39046137013579046,0.21094879197406405,0.2598076207865822,0.9999999999999998
71.7,0.37975179894414207,0.40827701443021136,0.2119711866256466,0.2598076207860951,0.9999999999999998
71.8,0.35952468393736614,0.42384996345333475,0.216625352609299,0.259807620785608,0.9999999999999998
71.9,0.3385137908017152,0.4367141955390048,0.2247720136592801,0.2598076207851209,0.9999999999999998
72,0.3173478720883076,0.4464847475783436,0.23616738033334866,0.2598076207846338,0.9999999999999998
72.10000000000001,0.2966603195002878,0.45286923506962484,0.25047044543008745,0.2598076207841466,0.9999999999999998
72.2,0.2770702095986586,0.4556766017463904,0.26725318865495096,0.25980762078365943,0.9999999999999998
72.3,0.2591637778898153,0.4548228369505379,0.2860133851596468,0.2598076207831723,0.9999999999999998
72.4,0.24347687568409934,0.4503334896575566,0.3061896346583442,0.2598076207826853,0.9999999999999998
72.5,0.23047893470519265,0.44234290392152203,0.32717816137328537,0.2598076207821983,0.9999999999999998
72.60000000000001,0.22055891931062005,0.431090198619213,0.34835088207016696,0.25980762078171116,0.9999999999999998
72.7,0.21401368670421045,0.41691211179980986,0.36907420149597964,0.2598076207812241,0.9999999999999998
72.8,0.2110391034620342,0.40023292377354575,0.3887279727644201,0.25980762078073705,0.9999999999999998
72.9,0.21172418421044092,0.3815517604916374,0.4067240552979216,0.25980762078025,0.9999999999999998
73,0.21604842785669806,0.3614276571648031,0.42252391497849895,0.259807620779763,0.9999999999999998
73.10000000000001,0.22388243108572692,0.34046282909270087,0.43565473982157227,0.259807620779276,0.9999999999999998
73.2,0.23499176076400133,0.3192846503259719,0.4457235889100268,0.2598076207787889,0.9999999999999998
73.3,0.249043969368631,0.298526879450775,0.452429151180594,0.2598076207783017,0.9999999999999998
73.4,0.2656185435043902,0.2788106943156171,0.4555707621799927,0.2598076207778146,0.9999999999999998
73.5,0.2842194877985724,0.26072610323770234,0.4550544089637253,0.2598076207773274,0.9999999999999998
73.60000000000001,0.30429016759967664,0.2448142889598384,0.450895543440485,0.25980762077684033,0.9999999999999998
73.7,0.32522996631105433,0.2315514137163159,0.44321861997262973,0.25980762077635305,0.9999999999999998
73.8,0.346412258887559,0.2213343700423757,0.43225337107006534,0.259807620775866,0.9999999999999998
73.9,0.3672031636369662,0.2144689037353589,0.4183279326276749,0.2598076207753791,0.9999999999999998
74,0.3869805111771006,0.21116046438881703,0.40185902443408233,0.25980762077489195,0.9999999999999998
74.10000000000001,0.4051524629012074,0.2115080572980337,0.38333947980075894,0.25980762077440483,0.9999999999999998
74.2,0.42117522179259675,0.21550128071914698,0.3633234974882564,0.2598076207739178,0.9999999999999998
74.3,0.4345693055911067,0.22302063714211384,0.3424100572667794,0.2598076207734308,0.9999999999999998
74.4,0.4449338953356589,0.23384110926265142,0.3212249954016897,0.25980762077294367,0.9999999999999998
74.5,0.4519588299016957,0.24763889364192435,0.30040227645638,0.25980762077245667,0.9999999999999998
74.60000000000001,0.45543388759606773,0.2640010905487107,0.2805650218552216,0.25980762077196945,0.9999999999999998
74.7,0.4552550770569505,0.28243806001479094,0.2623068629282586,0.2598076207714824,0.9999999999999998
74.8,0.4514277492031363,0.3023980743476793,0.24617417644918446,0.25980762077099545,0.9999999999999998
74.9,0.44406643710738836,0.32328382862315364,0.232649734269458,0.25980762077050834,0.9999999999999998
75,0.4333914285856581,0.34447031507986053,0.2221382563344814,0.25980762077002123,0.9999999999999998
75.10000000000001,0.4197221740676891,0.36532352652339606,0.2149542994089149,0.2598076207695342,0.9999999999999998
75.2,0.403467727018975,0.3852194290390953,0.2113128439419298,0.2598076207690472,0.9999999999999998
75.3,0.38511450298516026,0.40356263625367766,0.211322860761162,0.25980762076856023,0.9999999999999998
75.4,0.3652117235703968,0.4198042263170711,0.21498405011253202,0.2598076207680731,0.9999999999999998
75.5,0.3443549809396939,0.4334581684298977,0.22218685063040833,0.25980762076758607,0.9999999999999998
75.60000000000001,0.3231684146787621,0.4441158673515556,0.2327157179696823,0.25980762076709907,0.9999999999999998
75.7,0.30228603437015267,0.4514583906434038,0.24625557498644357,0.25980762076661196,0.9999999999999998
75.8,0.2823327468090034,0.45526601274588085,0.2624012404451157,0.2598076207661247,0.9999999999999998
75.9,0.2639056556203789,0.4554247902823356,0.28066955409728556,0.2598076207656376,0.9999999999999998
76,0.24755619288855862,0.4519299718231083,0.3005138352883331,0.2598076207651505,0.9999999999999998
76.10000000000001,0.23377361751060474,0.4448861400724194,0.32134024241697584,0.25980762076466335,0.9999999999999998
76.2,0.22297037408721462,0.4345040822231105,0.34252554368967497,0.2598076207641764,0.9999999999999998
76.3,0.2154697504871471,0.4210944821341064,0.36343576737874655,0.25980762076368946,0.9999999999999998
76.4,0.2114962034335312,0.4050586230926623,0.38344517347380663,0.25980762076320224,0.9999999999999998
76.5,0.21116864161961124,0.38687637938192965,0.40195497899845917,0.2598076207627152,0.9999999999999998
76.60000000000001,0.21449686735719461,0.36709185600708316,0.4184112766357223,0.259807620762228,0.9999999999999998
76.7,0.22138128324173614,0.34629710631227895,0.43232161044598494,0.25980762076174113,0.9999999999999998
76.8,0.23161587261213173,0.32511441473997665,0.44326971264789167,0.259807620761254,0.9999999999999998
76.9,0.24489436461473532,0.3041776749223803,0.4509279604628844,0.25980762076076686,0.9999999999999998
77,0.26081939938159926,0.2841134203670066,0.4550671802513942,0.2598076207602797,0.9999999999999998
77.10000000000001,0.27891441905429104,0.26552207539453565,0.45556350555117336,0.2598076207597926,0.9999999999999998
77.2,0.2986379288135087,0.24895998739603392,0.45240208379045743,0.2598076207593054,0.9999999999999998
77.3,0.3193997011521147,0.23492277809559778,0.4456775207522875,0.25980762075881836,0.9999999999999998
77.4,0.34057843847750396,0.22383051203313112,0.43559104948936495,0.2598076207583313,0.9999999999999998
77.5,0.3615403654886074,0.21601512610151932,0.4224445084098733,0.2598076207578443,0.9999999999999998
77.60000000000001,0.3816581949492557,0.2117104963102433,0.406631308740501,0.25980762075735725,0.9999999999999998
77.7,0.4003298993057146,0.21104543902827527,0.3886246616660102,0.25980762075687014,0.9999999999999998
77.8,0.41699672640633173,0.21403985614458707,0.3689634174490811,0.2598076207563833,0.9999999999999998
77.9,0.43115992020153315,0.22060413950263286,0.3482359402958341,0.2598076207558962,0.9999999999999998
78,0.442395646055971,0.23054185243114614,0.32706250151288296,0.25980762075540914,0.9999999999999998
78.10000000000001,0.45036767403173766,0.24355560812624472,0.3060767178420176,0.25980762075492203,0.9999999999999998
78.2,0.4548374405944461,0.2592559689738157,0.28590659043173816,0.25980762075443475,0.9999999999999998
78.3,0.45567118764486786,0.27717310049929267,0.2671557118558394,0.2598076207539477,0.9999999999999998
78.4,0.45284396524007253,0.29677083119950554,0.25038520356042204,0.2598076207534606,0.9999999999999998
78.5,0.44644037822233856,0.3174626975150799,0.23609692426258158,0.2598076207529736,0.9999999999999998
78.60000000000001,0.43665205441290994,0.3386294937963866,0.22471845179070346,0.2598076207524864,0.9999999999999998
78.7,0.4237719101350888,0.3596378020789952,0.2165902877859159,0.25980762075199937,0.9999999999999998
78.8,0.40818538467131676,0.37985894716371166,0.21195566816497163,0.25980762075151215,0.9999999999999998
78.9,0.390358905963772,0.39868780976901147,0.21095328426721657,0.25980762075102526,0.9999999999999998
79,0.370825932723257,0.4155609347708718,0.21361313250587124,0.2598076207505382,0.9999999999999998
79.10000000000001,0.35017099063731333,0.4299733926395691,0.21985561672311765,0.25980762075005104,0.9999999999999998
79.2,0.3290121803952323,0.4414938894936824,0.22949393011108538,0.25980762074956393,0.9999999999999998
79.3,0.3079826809786224,0.4497776736018052,0.2422396454195725,0.25980762074907693,0.9999999999999998
79.4,0.2877118017329504,0.4545768521039341,0.2577113461631155,0.25980762074858976,0.9999999999999998
79.5,0.26880615023823345,0.45574780922387564,0.27544604053789096,0.2598076207481027,0.9999999999999998
79.60000000000001,0.25183147953176255,0.45325550398210684,0.2949130164861306,0.25980762074761565,0.9999999999999998
79.7,0.23729575790607943,0.44717451879971243,0.3155297232942082,0.2598076207471285,0.9999999999999998
79.8,0.22563396791976714,0.4376868276138461,0.3366792044663868,0.25980762074664127,0.9999999999999998
79.9,0.21719508951179836,0.4250763502940281,0.35772856019417354,0.2598076207461542,0.9999999999999998
80,0.2122316567507182,0.4097204563187798,0.3780478869305021,0.25980762074566705,0.9999999999999998
80.10000000000001,0.2108922007337244,0.3920786719657076,0.397029127300568,0.25980762074518,0.9999999999999998
80.2,0.2132168047824574,0.3726789289532203,0.4141042662643224,0.25980762074469294,0.9999999999999998
80.3,0.21913590494659738,0.352101766044305,0.4287623290090977,0.25980762074420577,0.9999999999999998
80.4,0.22847237171028942,0.3309629563805538,0.4405646719091569,0.2598076207437187,0.9999999999999998
80.5,0.24094681060617587,0.3098950804247705,0.44915810896905367,0.2598076207432316,0.9999999999999998
80.60000000000001,0.2561859231157629,0.28952859594323194,0.4542854809410053,0.25980762074274444,0.9999999999999998
80.7,0.2737336776555524,0.27047297150980065,0.455793350834647,0.25980762074225733,0.9999999999999998
80.8,0.29306495635634233,0.25329844811319463,0.45363659553046304,0.2598076207417702,0.9999999999999998
80.9,0.3136012692548021,0.23851897465267974,0.4478797560925181,0.259807620741283,0.9999999999999998
81,0.3347280656489627,0.22657682797875722,0.43869510637228004,0.25980762074079594,0.9999999999999998
81.10000000000001,0.3558131245740125,0.2178293777252796,0.42635749770070785,0.25980762074030894,0.9999999999999998
81.2,0.37622547406203216,0.21253839199638572,0.4112361339415822,0.25980762073982183,0.9999999999999998
81.3,0.39535427302540377,0.21086220393637375,0.3937835230382224,0.2598076207393347,0.9999999999999998
81.4,0.4126270907221194,0.2128509735984977,0.37452193567938286,0.2598076207388479,0.9999999999999998
81.5,0.42752703678861825,0.21844518690161624,0.35402777630976556,0.2598076207383607,0.9999999999999998
81.60000000000001,0.4396082292226397,0.22747743659352934,0.332914334183831,0.2598076207378735,0.9999999999999998
81.7,0.4485091374355437,0.23967743192554258,0.3118134306389137,0.2598076207373863,0.9999999999999998
81.8,0.4539634010822594,0.25468008712337076,0.2913565117943698,0.25980762073689917,0.9999999999999998
81.9,0.4558078009145656,0.2720364466062844,0.27215575247914997,0.25980762073641206,0.9999999999999998
82,0.45398714312932065,0.2912271200164967,0.2547857368541826,0.2598076207359249,0.9999999999999998
82.10000000000001,0.44855591104715653,0.3116778250145308,0.2397662639383127,0.2598076207354378,0.9999999999999998
82.2,0.4396766346950263,0.3327765727212508,0.22754679258372285,0.25980762073495084,0.9999999999999998
82.3,0.4276150270829715,0.353891981530918,0.21849299138611059,0.2598076207344638,0.9999999999999998
82.4,0.41273203272239006,0.3743921712530421,0.21287579602456796,0.25980762073397684,0.9999999999999998
82.5,0.39547302633449266,0.3936636721744188,0.21086330149108862,0.25980762073348973,0.9999999999999998
82.60000000000001,0.3763544849784046,0.411129783186256,0.2125157318353394,0.25980762073300273,0.9999999999999998
82.7,0.3559485324364796,0.4262678296080573,0.21778363795546313,0.2598076207325157,0.9999999999999998
82.8,0.33486581836725166,0.4386248042665921,0.2265093773661562,0.2598076207320285,0.9999999999999998
82.9,0.3137372445686566,0.4478309237694915,0.23843183166185195,0.25980762073154146,0.9999999999999998
83,0.2931950851944649,0.45361069430096634,0.2531942205045688,0.2598076207310543,0.9999999999999998
83.10000000000001,0.27385406590286304,0.45579115579488366,0.27035477830225335,0.25980762073056723,0.9999999999999998
83.2,0.2562929681450803,0.4543070577777021,0.2893999740772176,0.25980762073008007,0.9999999999999998
83.3,0.24103730908710155,0.4492028119937808,0.30975987891911766,0.25980762072959296,0.9999999999999998
83.4,0.22854361546910587,0.4406311633806019,0.3308252211502922,0.25980762072910585,0.9999999999999998
83.5,0.21918576200856663,0.4288486191650727,0.3519656188263606,0.2598076207286187,0.9999999999999998
83.60000000000001,0.21324378317132234,0.41420777286554455,0.3725484439631331,0.2598076207281315,0.9999999999999998
83.7,0.2108954931192081,0.39714675290436063,0.39195775397643134,0.2598076207276445,0.9999999999999998
83.8,0.21221116460794218,0.37817611158199477,0.40961272381006303,0.25980762072715735,0.9999999999999998
83.9,0.21715142606964694,0.35786354676121174,0.4249850271691414,0.2598076207266703,0.9999999999999998
84,0.22556843980996757,0.3368169134659944,0.4376146467240381,0.25980762072618313,0.9999999999999998
84.10000000000001,0.23721032606215117,0.3156660337744137,0.44712364016343503,0.25980762072569596,0.9999999999999998
84.2,0.25172870050793716,0.29504384934575895,0.4532274501463039,0.2598076207252089,0.9999999999999998
84.3,0.2686890997043805,0.27556748059396663,0.4557434197016529,0.2598076207247218,0.9999999999999998
84.4,0.2875839824349299,0.2578197593130023,0.45459625825206795,0.25980762072423474,0.9999999999999998
84.5,0.30784791791835603,0.2423317873917629,0.4498202946898811,0.2598076207237477,0.9999999999999998
84.60000000000001,0.3288745063672395,0.22956704355026464,0.4415584500824958,0.25980762072326047,0.9999999999999998
84.7,0.3500345255470378,0.21990751370422498,0.4300579607487373,0.2598076207227735,0.9999999999999998
84.8,0.37069476029859144,0.21364226000791883,0.4156629796934897,0.2598076207222864,0.9999999999999998
84.9,0.39023695154920074,0.210958770647557,0.3988042778032423,0.2598076207217993,0.9999999999999998
85,0.4080762977616919,0.2119373492432684,0.37998635299503974,0.2598076207213122,0.9999999999999998
85.10000000000001,0.4236789551642277,0.21654871175725243,0.3597723330785198,0.2598076207208251,0.9999999999999998
85.2,0.43657801306517263,0.22465486282080435,0.3387671241140231,0.25980762072033803,0.9999999999999998
85.3,0.4463874661905178,0.23601322525606178,0.31759930855342045,0.2598076207198509,0.9999999999999998
85.4,0.4528137659206236,0.2502838992162256,0.29690233486315076,0.25980762071936386,0.9999999999999998
85.5,0.455664604754653,0.2670398337139395,0.2772955615314075,0.2598076207188765,0.9999999999999998
85.60000000000001,0.4548546711269406,0.285779606154079,0.2593657227189805,0.2598076207183893,0.9999999999999998
85.7,0.4504082023619855,0.30594242744247524,0.24364937019553934,0.2598076207179021,0.9999999999999998
85.8,0.4424582593706998,0.3269249236415698,0.23061681698773046,0.25980762071741487,0.9999999999999998
85.9,0.43124274479268115,0.34809919198069766,0.22065806322662124,0.25980762071692787,0.9999999999999998
86,0.41709728374189914,0.3688315908935393,0.21407112536456155,0.2598076207164407,0.9999999999999998
86.10000000000001,0.40044518020001696,0.3885017017894618,0.21105311801052126,0.25980762071595376,0.9999999999999998
86.2,0.38178474961302705,0.40652089512632217,0.2116943552606508,0.2598076207154667,0.9999999999999998
86.3,0.36167440676419904,0.42234994519361296,0.21597564804218805,0.2598076207149796,0.9999999999999998
86.4,0.34071595516985603,0.43551516648224536,0.22376887834789871,0.2598076207144925,0.9999999999999998
86.5,0.3195365780640645,0.4456225887588944,0.2348408331770412,0.25980762071400554,0.9999999999999998
86.60000000000001,0.29877006989336924,0.4523697466547451,0.24886018345188576,0.2598076207135186,0.9999999999999998
86.7,0.2790378699704999,0.4555547309643133,0.26540739906518673,0.2598076207130315,0.9999999999999998
86.8,0.2609304658563825,0.4550822307935455,0.283987303350072,0.25980762071254426,0.9999999999999998
86.9,0.24498972297564217,0.45096638574546294,0.3040438912788949,0.25980762071205704,0.9999999999999998
87,0.2316926692531778,0.44333036279148175,0.3249769679553404,0.2598076207115698,0.9999999999999998
87.10000000000001,0.22143722001777313,0.4324026704905658,0.3461601094916611,0.2598076207110827,0.9999999999999998
87.2,0.21453027035607322,0.41851032085348044,0.36695940879044636,0.2598076207105957,0.9999999999999998
87.3,0.21117851125412623,0.402069043483872,0.3867524452620017,0.25980762071010854,0.9999999999999998
87.4,0.2114822443541416,0.38357084483873416,0.4049469108071243,0.2598076207096215,0.9999999999999998
87.5,0.21543238042033336,0.3635692848983229,0.42099833468134373,0.2598076207091345,0.9999999999999998
87.60000000000001,0.2229107113349828,0.3426629118422779,0.43442637682273944,0.2598076207086473,0.9999999999999998
87.7,0.2336934474852163,0.3214773504505055,0.4448292020642782,0.2598076207081604,0.9999999999999998
87.8,0.24745791468393732,0.30064658023477225,0.45189550508129045,0.25980762070767327,0.9999999999999998
87.9,0.2637922102190476,0.2807939635543199,0.45541382622663246,0.25980762070718605,0.9999999999999998
88,0.28220752907296537,0.26251359145056624,0.45527887947646833,0.25980762070669916,0.9999999999999998
88.10000000000001,0.3021527914493956,0.24635250542818463,0.4514947031224198,0.2598076207062121,0.9999999999999998
88.2,0.3230311338775186,0.23279432719709453,0.444174538925387,0.25980762070572505,0.9999999999999998
88.3,0.3442177703960678,0.22224478625656266,0.43353744334736954,0.25980762070523794,0.9999999999999998
88.4,0.36507868932002757,0.21501957840954214,0.4199017322704303,0.25980762070475094,0.9999999999999998
88.5,0.38498962608780374,0.21133491854211905,0.40367545537007726,0.259807620704264,0.9999999999999998
88.60000000000001,0.403354744424996,0.21130107037684917,0.3853441851981549,0.2598076207037769,0.9999999999999998
88.7,0.4196244667895469,0.21491904682260018,0.36545648638785294,0.2598076207032897,0.9999999999999998
88.8,0.4333119205208586,0.22208057966317862,0.3446074998159629,0.2598076207028025,0.9999999999999998
88.9,0.44400750754063556,0.23257135949181026,0.3234211329675541,0.2598076207023155,0.9999999999999998
89,0.45139116160606235,0.24607744893619435,0.30253138945774327,0.2598076207018285,0.9999999999999998
89.10000000000001,0.4552419263160969,0.26219467725788753,0.2825633964260156,0.2598076207013414,0.9999999999999998
89.2,0.45544456724832455,0.28044073519193097,0.2641146975597445,0.2598076207008544,0.9999999999999998
89.3,0.4519930203576813,0.3002696080877369,0.2477373715545819,0.25980762070036734,0.9999999999999998
89.4,0.44499057344345583,0.3210879154384122,0.23392151111813192,0.2598076206998803,0.9999999999999998
89.5,0.4346467752541583,0.34227266783688065,0.22308055690896114,0.2598076206993934,0.9999999999999998
89.60000000000001,0.4212711647255214,0.36318990998056055,0.21553892529391802,0.2598076206989063,0.9999999999999998
89.7,0.4052640080046601,0.3832136918312881,0.2115223001640518,0.2598076206984192,0.9999999999999998
89.8,0.38710432045563226,0.4017448002171019,0.21115087932726592,0.25980762069793206,0.9999999999999998
89.9,0.3673355320887838,0.4182286903313037,0.21443577757991253,0.25980762069744495,0.9999999999999998
90,0.3465492253769776,0.4321720805273432,0.2212786940956793,0.2598076206969579,0.9999999999999998
90.10000000000001,0.3253674321057746,0.44315771380904395,0.2314748540851814,0.25980762069647073,0.9999999999999998
90.2,0.3044240190256514,0.45085684427747363,0.244719136696875,0.2598076206959837,0.9999999999999998
90.3,0.2843457193420056,0.4550390748765962,0.2606152057813982,0.25980762069549657,0.9999999999999998
90.4,0.26573337767703303,0.4555792520424343,0.2786873702805327,0.25980762069500934,0.9999999999999998
90.5,0.24914396974939618,0.45246121093284664,0.29839481931775713,0.25980762069452235,0.9999999999999998
90.60000000000001,0.23507393483411776,0.4457782591616393,0.3191478060042429,0.2598076206940354,0.9999999999999998
90.7,0.2239443197800848,0.43573038456123236,0.34032529565868286,0.25980762069354824,0.9999999999999998
90.8,0.2160881791515534,0.42261827053179224,0.36129355031665433,0.259807620693061,0.9999999999999998
90.9,0.21174060854536286,0.4068342980679557,0.38142509338668146,0.259807620692574,0.9999999999999998
91,0.21103170933758858,0.3888508037281693,0.40011748693424204,0.259807620692087,0.9999999999999998
91.10000000000001,0.2139826953901169,0.36920594492779324,0.4168113596820899,0.25980762069159985,0.9999999999999998
91.2,0.22050525822423886,0.3484875955381296,0.43100714623763153,0.2598076206911127,0.9999999999999998
91.3,0.23040420965849223,0.3273157537167834,0.4422800366247244,0.2598076206906256,0.9999999999999998
91.4,0.2433833228296142,0.30632398841634884,0.450292688754037,0.2598076206901386,0.9999999999999998
91.5,0.2590541968036171,0.28614047978603907,0.45480532341034385,0.2598076206896514,0.9999999999999998
91.60000000000001,0.276947879502835,0.2673692208336608,0.4556828996635041,0.25980762068916435,0.9999999999999998
91.7,0.2965289011319804,0.25057194288960766,0.45289915597841196,0.2598076206886772,0.9999999999999998
91.8,0.31721129815188215,0.2362513057547162,0.44653739609340176,0.2598076206881902,0.9999999999999998
91.9,0.33837614828229357,0.22483585556806937,0.4367879961496371,0.2598076206877033,0.9999999999999998
92,0.35939009179749554,0.21666720053168045,0.4239427076708241,0.25980762068721613,0.9999999999999998
92.10000000000001,0.37962428486353644,0.21198978825945575,0.40838592687700787,0.25980762068672925,0.9999999999999998
92.2,0.39847321773707306,0.21094359066403714,0.39058319159888977,0.2598076206862421,0.9999999999999998
92.3,0.4153728346898021,0.21355991528682977,0.37106725002336816,0.2598076206857549,0.9999999999999998
92.4,0.42981741341838564,0.2197604684174807,0.3504221181641337,0.25980762068526797,0.9999999999999998
92.5,0.4413746988222642,0.2293596980390273,0.32926560313870856,0.2598076206847811,0.9999999999999998
92.60000000000001,0.44969883826992335,0.24207034648590586,0.3082308152441709,0.259807620684294,0.9999999999999998
92.7,0.45454073126480105,0.25751204665111344,0.2879472220840856,0.2598076206838069,0.9999999999999998
92.8,0.45575548379630826,0.2752227045003809,0.2690218117033109,0.25980762068331986,0.9999999999999998
92.9,0.45330674430395,0.2946723272707662,0.2520209284252839,0.25980762068283286,0.9999999999999998
93,0.4472677915004961,0.3152788835437906,0.23745332495571336,0.2598076206823458,0.9999999999999998
93.10000000000001,0.4378193415010117,0.33642572057923903,0.22575493791974938,0.2598076206818588,0.9999999999999998
93.2,0.4252441398795747,0.35748001769460824,0.2172758424258171,0.2598076206813718,0.9999999999999998
93.3,0.40991850048678985,0.3778117234714383,0.21226977604177194,0.25980762068088487,0.9999999999999998
93.4,0.39230104422961676,0.3968124100912104,0.21088654567917287,0.25980762068039787,0.9999999999999998
93.5,0.372918974806372,0.41391348058339617,0.21316754461023193,0.2598076206799108,0.9999999999999998
93.60000000000001,0.3523523020965605,0.4286031841323973,0.2190445137710423,0.25980762067942365,0.9999999999999998
93.7,0.3312164853217804,0.44044193025903966,0.22834158441918,0.25980762067893653,0.9999999999999998
93.8,0.3101440153824089,0.4490754435985945,0.2407805410189966,0.2598076206784495,0.9999999999999998
93.9,0.28976548752002573,0.4542453656176079,0.25598914686236635,0.2598076206779623,0.9999999999999998
94,0.27069073070756783,0.45579698601236907,0.27351228328006305,0.2598076206774751,0.9999999999999998
94.10000000000001,0.2534905584716285,0.4536838724263388,0.29282556910203267,0.259807620676988,0.9999999999999998
94.2,0.2386796872549124,0.4479692599418966,0.313351052803191,0.25980762067650087,0.9999999999999998
94.3,0.2267013334881272,0.4388241587657632,0.33447450774610954,0.2598076206760137,0.9999999999999998
94.4,0.21791395030509184,0.42652223673575257,0.3555638129591555,0.2598076206755266,0.9999999999999998
94.5,0.21258050080585358,0.4114316297902233,0.3759878694039232,0.25980762067503965,0.9999999999999998
94.60000000000001,0.21086058886621958,0.39400392547254354,0.3951354856612369,0.25980762067455254,0.9999999999999998
94.7,0.212805682979817,0.37476064914002544,0.4124336678801575,0.25980762067406565,0.9999999999999998
94.8,0.21835757605956613,0.3542776572785365,0.42736476666189743,0.2598076206735786,0.9999999999999998
94.9,0.2273501272891216,0.33316790495401993,0.4394819677568584,0.2598076206730916,0.9999999999999998
95,0.2395142338992492,0.3120631030862266,0.4484226630145242,0.25980762067260466,0.9999999999999998
95.10000000000001,0.2544858840883549,0.29159481445211644,0.45391930145952875,0.25980762067211755,0.9999999999999998
95.2,0.2718170501029176,0.2723755541224449,0.45580739577463747,0.2598076206716305,0.9999999999999998
95.3,0.2909890955015785,0.2549804599023839,0.4540304445960376,0.2598076206711432,0.9999999999999998
95.4,0.3114282953895016,0.23993008128961543,0.448641623320883,0.2598076206706561,0.9999999999999998
95.5,0.33252300517883343,0.227674801991617,0.4398021928295496,0.25980762067016894,0.9999999999999998
95.60000000000001,0.3536419640988152,0.21858136215947518,0.42777667374170963,0.2598076206696818,0.9999999999999998
95.7,0.3741531857216395,0.21292188366138992,0.41292493061697055,0.2598076206691949,0.9999999999999998
95.8,0.3934428702036474,0.21086572681538354,0.39569140298096916,0.259807620668708,0.9999999999999998
95.9,0.41093377229163225,0.2124744222690963,0.37659180543927145,0.25980762066822094,0.9999999999999998
96,0.4261024754302869,0.21769982969054666,0.3561976948791665,0.25980762066773383,0.9999999999999998
96.10000000000001,0.43849505504183234,0.22638557837117265,0.33511936658699504,0.25980762066724683,0.9999999999999998
96.2,0.44774066225301323,0.23827174663100076,0.3139875911159861,0.2598076206667597,0.9999999999999998
96.3,0.45356262157541205,0.25300263999439104,0.29343473843019696,0.25980762066627267,0.9999999999999998
96.4,0.4557867104401668,0.27013743537386853,0.2740758541859648,0.25980762066578567,0.9999999999999998
96.5,0.45434637282139534,0.28916337273403997,0.2564902544445648,0.2598076206652985,0.9999999999999998
96.60000000000001,0.44928471093025624,0.3095110994740669,0.24120418959567697,0.25980762066481145,0.9999999999999998
96.7,0.44075319537804974,0.3305717083468989,0.2286750962750514,0.2598076206643243,0.9999999999999998
96.8,0.42900713240682725,0.3517149590542582,0.21927790853891463,0.25980762066383706,0.9999999999999998
96.9,0.41439802383097113,0.37230813823477976,0.21329383793424914,0.2598076206633499,0.9999999999999998
97,0.397363048319066,0.3917349934587506,0.21090195822218338,0.2598076206628629,0.9999999999999998
97.10000000000001,0.3784119787894901,0.40941417462823465,0.2121738465822753,0.2598076206623758,0.9999999999999998
97.2,0.3581119274176427,0.4248166309223056,0.21707144166005182,0.2598076206618886,0.9999999999999998
97.3,0.33707037476160984,0.43748144268249683,0.2254481825558934,0.2598076206614016,0.9999999999999998
97.4,0.31591699086095415,0.4470296144681104,0.23705339467093553,0.2598076206609145,0.9999999999999998
97.5,0.2952847923136092,0.4531754165231721,0.25153979116321873,0.25980762066042745,0.9999999999999998
97.60000000000001,0.2757911992067637,0.4557349352607841,0.26847386553245217,0.2598076206599402,0.9999999999999998
97.7,0.2580195587744984,0.45463157689099065,0.28734886433451107,0.259807620659453,0.9999999999999998
97.8,0.2425016886881048,0.44989835949567947,0.3075999518162158,0.2598076206589659,0.9999999999999998
97.9,0.2297019623724312,0.441676924960008,0.3286211126675607,0.2598076206584789,0.9999999999999998
98,0.22000341259635575,0.43021330032837807,0.3497832870752663,0.25980762065799173,0.9999999999999998
98.10000000000001,0.2136962691884825,0.41585053542670086,0.3704531953848166,0.25980762065750473,0.9999999999999998
98.2,0.2109692738877792,0.3990184370706567,0.3900122890415641,0.2598076206570178,0.9999999999999998
98.3,0.21190403223289894,0.3802207070645361,0.4078752607025651,0.25980762065653074,0.9999999999999998
98.4,0.21647257151032265,0.36001986888701176,0.4235075596026656,0.25980762065604374,0.9999999999999998
98.5,0.22453817783990784,0.33902043413389726,0.4364413880261949,0.2598076206555566,0.9999999999999998
98.60000000000001,0.23585948734799345,0.3178508124633555,0.4462897001886511,0.2598076206550696,0.9999999999999998
98.7,0.2500977089994019,0.2971445063898003,0.4527577846107978,0.25980762065458257,0.9999999999999998
98.8,0.2668267629445474,0.27752115367369434,0.45565208338175833,0.2598076206540953,0.9999999999999998
98.9,0.2855460309908548,0.2595679846151464,0.45488598439399874,0.25980762065360824,0.9999999999999998
99,0.3056953376396768,0.24382224914318934,0.4504824132171338,0.259807620653121,0.9999999999999998
99.10000000000001,0.3266717133800567,0.230755139571405,0.4425731470485384,0.2598076206526339,0.9999999999999998
99.2,0.3478474385965149,0.22075769013264157,0.4313948712708436,0.2598076206521468,0.9999999999999998
99.3,0.36858882812556876,0.21412907525030145,0.4172820966241298,0.2598076206516598,0.9999999999999998
99.4,0.3882751943317216,0.2110676567213089,0.4006571489469696,0.25980762065117285,0.9999999999999998
99.5,0.4063174212314537,0.21166504772447686,0.3820175310440694,0.2598076206506857,0.9999999999999998
99.60000000000001,0.42217559383316355,0.21590337128926823,0.36192103487756827,0.2598076206501987,0.9999999999999998
99.7,0.43537515513373776,0.2236557952654789,0.34096904960078334,0.2598076206497116,0.9999999999999998
99.8,0.44552110727242156,0.23469032778483467,0.3197885649427438,0.2598076206492247,0.9999999999999998
99.9,0.45230983187139207,0.24867675963502947,0.2990134084935785,0.2598076206487377,0.9999999999999998
100,0.4555381758384603,0.2651965457951416,0.27926527836639814,0.2598076206482505,0.9999999999999998
100.10000000000001,0.4551095307385737,0.28375533042674017,0.26113513883468614,0.2598076206477634,0.9999999999999998
100.2,0.45103672380847204,0.30379774050938535,0.24516553568214264,0.2598076206472762,0.9999999999999998
100.3,0.4434416341006667,0.32472400541987123,0.23183436047946207,0.25980762064678914,0.9999999999999998
100.4,0.4325515452436632,0.34590790511305686,0.22154054964328,0.25980762064630203,0.9999999999999998
100.5,0.4186923439623507,0.36671550980363066,0.21459214623401865,0.259807620645815,0.9999999999999998
100.60000000000001,0.4022787678933459,0.38652415036242677,0.21119708174422736,0.25980762064532786,0.9999999999999998
100.7,0.3838019945301464,0.4047410517367625,0.2114569537330911,0.2598076206448407,0.9999999999999998
100.8,0.36381494269984144,0.42082107178829753,0.21536398551186103,0.25980762064435364,0.9999999999999998
100.9,0.3429157264257887,0.43428301471236275,0.22280125886184857,0.25980762064386653,0.9999999999999998
101,0.3217297563206576,0.4447240308584638,0.23354621282087867,0.25980762064337926,0.9999999999999998
101.10000000000001,0.3008910241269922,0.4518316720362512,0.24727730383675664,0.259807620642892,0.9999999999999998
101.2,0.2810231304668206,0.4553932415510231,0.26358362798215623,0.2598076206424049,0.9999999999999998
101.3,0.2627206235463232,0.4553021591682483,0.28197721728542846,0.2598076206419177,0.9999999999999998
101.4,0.24653120725622235,0.45156115053506846,0.30190764220870925,0.25980762064143065,0.9999999999999998
101.5,0.23293935109182176,0.44428216561510275,0.3227784832930755,0.2598076206409435,0.9999999999999998
101.60000000000001,0.2223517923670654,0.43368302857739977,0.34396517905553486,0.2598076206404565,0.9999999999999998
101.7,0.21508536456994728,0.4200809193918596,0.36483371603819315,0.25980762063996954,0.9999999999999998
101.8,0.21135751609664835,0.40388288219487284,0.3847596017084788,0.25980762063948243,0.9999999999999998
101.9,0.21127980309199051,0.3855736444630453,0.4031465524449642,0.2598076206389956,0.9999999999999998
102,0.21485455112344637,0.3657011115071463,0.4194443373694072,0.25980762063850854,0.9999999999999998
102.10000000000001,0.2219747855883587,0.3448599703646383,0.4331652440470031,0.25980762063802154,0.9999999999999998
102.2,0.23242743293693918,0.3236738937455284,0.4438986733175324,0.25980762063753443,0.9999999999999998
102.3,0.24589969691420901,0.3027768765798,0.45132342650599105,0.25980762063704727,0.9999999999999998
102.4,0.26198841901136216,0.2827942636716367,0.4552173173170012,0.2598076206365601,0.9999999999999998
102.5,0.2802121430143448,0.2643240362093094,0.4554638207763459,0.25980762063607293,0.9999999999999998
102.60000000000001,0.3000255226171293,0.2479189171333198,0.452055560249551,0.2598076206355858,0.9999999999999998
102.7,0.3208356409507768,0.23406983086099878,0.4450945281882245,0.2598076206350987,0.9999999999999998
102.8,0.34201975366515897,0.2231912123365405,0.43478903399830054,0.2598076206346115,0.9999999999999998
102.9,0.3629439246002886,0.2156086050342499,0.4214474703654616,0.2598076206341245,0.9999999999999998
103,0.3829819963733984,0.2115489190456868,0.40546908458091485,0.2598076206336374,0.9999999999999998
103.10000000000001,0.4015343281855291,0.21113364077817715,0.3873320310362937,0.25980762063315016,0.9999999999999998
103.2,0.4180457401173603,0.2143751974649731,0.3675790624176667,0.2598076206326631,0.9999999999999998
103.3,0.4320221269298868,0.2211765852793673,0.3468012877907459,0.25980762063217594,0.9999999999999998
103.4,0.44304524420071223,0.23133427218147457,0.3256204836178132,0.25980762063168883,0.9999999999999998
103.5,0.45078522431972134,0.2445442886297736,0.30467048705050503,0.2598076206312017,0.9999999999999998
103.60000000000001,0.45501044780202443,0.2604113238924092,0.28457822830556645,0.25980762063071455,0.9999999999999998
103.7,0.4555944745183941,0.2784605557504578,0.2659449697311481,0.2598076206302275,0.9999999999999998
103.8,0.4525198274256042,0.2981518595884009,0.24932831298599487,0.2598076206297404,0.9999999999999998
103.9,0.4458785155682574,0.3188959716637077,0.23522551276803477,0.2598076206292533,0.9999999999999998
104,0.43586928070123226,0.34007212286847543,0.22405859643029244,0.2598076206287661,0.9999999999999998
104.10000000000001,0.42279164992777885,0.361046615291488,0.2161617347807332,0.259807620628279,0.9999999999999998
104.2,0.40703697232851527,0.3811917856756834,0.2117712419958014,0.2598076206277919,0.9999999999999998
104.3,0.3890767078108711,0.39990478828814213,0.2110185039009867,0.2598076206273049,0.9999999999999998
104.4,0.3694483186360387,0.416625635123807,0.2139260462401543,0.25980762062681795,0.9999999999999998
104.5,0.3487391858205421,0.43085395358848577,0.22040686059097225,0.25980762062633095,0.9999999999999998
104.60000000000001,0.3275690317153137,0.44216396018621756,0.23026700809846862,0.2598076206258439,0.9999999999999998
104.7,0.3065713747679168,0.4502172021222873,0.24321142310979596,0.259807620625357,0.9999999999999998
104.8,0.28637457143554085,0.4547726855284613,0.2588527430359978,0.25980762062486995,0.9999999999999998
104.9,0.26758301257094824,0.45569408722254895,0.27672290020650286,0.2598076206243828,0.9999999999999998
105,0.2507590369809262,0.4529538341898414,0.29628712882923225,0.25980762062389556,0.9999999999999998
105.10000000000001,0.23640610339536727,0.44663392870764246,0.31695996789699027,0.25980762062340834,0.9999999999999998
105.2,0.22495372442705988,0.43692349442097594,0.33812278115196426,0.25980762062292123,0.9999999999999998
105.3,0.21674461337457498,0.42411311680334035,0.35914226982208475,0.25980762062243407,0.9999999999999998
105.4,0.21202442850113157,0.40858614736464466,0.37938942413422383,0.259807620621947,0.9999999999999998
105.5,0.2109344216926671,0.39080723182855504,0.3982583464787779,0.25980762062145996,0.9999999999999998
105.60000000000001,0.2135072114845691,0.37130840557440503,0.4151843829410259,0.25980762062097285,0.9999999999999998
105.7,0.21966580694956062,0.3506731724386112,0.4296610206118282,0.2598076206204858,0.9999999999999998
105.8,0.2292259116569671,0.32951904331865506,0.4412550450243778,0.2598076206199987,0.9999999999999998
105.9,0.24190143875721137,0.30847905711321505,0.4496195041295737,0.25980762061951185,0.9999999999999998
106,0.2573130721522197,0.2881828369856993,0.4545040908620811,0.25980762061902474,0.9999999999999998
106.10000000000001,0.2749996175580735,0.26923774884391233,0.4557626335980141,0.2598076206185377,0.9999999999999998
106.2,0.29443180377850653,0.2522107258697636,0.4533574703517298,0.2598076206180505,0.9999999999999998
106.3,0.31502812118510326,0.23761130300132688,0.44736057581356986,0.25980762061756346,0.9999999999999998
106.4,0.3361722234364936,0.2258763690616468,0.43795140750185957,0.2598076206170766,0.9999999999999998
106.5,0.3572313716887922,0.2173570928279803,0.4254115354832274,0.2598076206165895,0.9999999999999998
106.60000000000001,0.37757536935290303,0.2123084142798296,0.4101162163672674,0.25980762061610224,0.9999999999999998
106.7,0.3965954207746594,0.2108814155009566,0.39252316372438406,0.2598076206156152,0.9999999999999998
106.8,0.413722349490383,0.21311879953670926,0.3731588509729078,0.25980762061512813,0.9999999999999998
106.9,0.42844363087519877,0.21895361250219034,0.3526027566226109,0.25980762061464097,0.9999999999999998
107,0.4403187294808304,0.2282112471822792,0.3314700233368905,0.25980762061415386,0.9999999999999998
107.10000000000001,0.4489922820918918,0.24061466816562554,0.3103930497424827,0.2598076206136668,0.9999999999999998
107.2,0.45420473199672967,0.2557927021500886,0.2900025658531817,0.25980762061317975,0.9999999999999998
107.3,0.4558000962414641,0.27329114533161036,0.2709087584269255,0.2598076206126927,0.9999999999999998
107.4,0.4537306334315682,0.292586355487079,0.2536830110813527,0.25980762061220564,0.9999999999999998
107.5,0.44805827239667567,0.3131009220070848,0.23884080559623952,0.2598076206117186,0.9999999999999998
107.60000000000001,0.4389527589657142,0.3342209449516628,0.22682629608262309,0.25980762061123147,0.9999999999999998
107.7,0.42668657631025764,0.3553144060519878,0.21799901763775467,0.2598076206107444,0.9999999999999998
107.8,0.4116267908652037,0.3757500819044156,0.2126231272303807,0.25980762061025753,0.9999999999999998
107.9,0.39422406783820996,0.39491643337812615,0.21085949878366392,0.25980762060977036,0.9999999999999998
108,0.3749991850195931,0.41223990596942595,0.21276090901098094,0.25980762060928325,0.9999999999999998
108.10000000000001,0.3545274484679394,0.4272020934632393,0.21827045806882134,0.25980762060879625,0.9999999999999998
108.2,0.33342147643320214,0.43935525127793,0.22722327228886788,0.25980762060830914,0.9999999999999998
108.3,0.31231286670967723,0.44833569525545036,0.23935143803487252,0.25980762060782214,0.9999999999999998
108.4,0.29183329602469277,0.4538746849370147,0.2542920190382926,0.259807620607335,0.9999999999999998
108.5,0.27259561706522173,0.45580646564146177,0.2715979172933165,0.2598076206068478,0.9999999999999998
108.60000000000001,0.25517551881531264,0.4540732286865052,0.2907512524981821,0.25980762060636076,0.9999999999999998
108.7,0.240094299020114,0.4487268413178812,0.3111788596620048,0.25980762060587365,0.9999999999999998
108.8,0.22780326431179798,0.4399272945781341,0.33226944111006795,0.2598076206053866,0.9999999999999998
108.9,0.21867022482478338,0.4279379155626818,0.3533918596125348,0.25980762060489954,0.9999999999999998
109,0.2129684874499092,0.41311748733675824,0.3739140252133326,0.2598076206044124,0.9999999999999998
109.10000000000001,0.21086867710525126,0.3959095123253071,0.3932218105694417,0.2598076206039253,0.9999999999999998
109.2,0.21243363077266725,0.3768289404696908,0.4107374287576421,0.25980762060343826,0.9999999999999998
109.3,0.21761651709640734,0.3564467593121167,0.42593672359147583,0.2598076206029514,0.9999999999999998
109.4,0.2262622378149445,0.3353729071506615,0.43836485503439404,0.2598076206024642,0.9999999999999998
109.5,0.23811206908806892,0.31423802059000705,0.447649910321924,0.2598076206019771,0.9999999999999998
109.60000000000001,0.25281140382719025,0.2936745626938014,0.4535140334790084,0.25980762060149015,0.9999999999999998
109.7,0.2699203633390288,0.27429789648009795,0.45578174018087325,0.259807620601003,0.9999999999999998
109.8,0.2889269607284659,0.2566878701369405,0.4543851691345936,0.2598076206005159,0.9999999999999998
109.9,0.3092624221447362,0.2413714650218967,0.44936611283336714,0.25980762060002865,0.9999999999999998
110,0.3303182073815215,0.22880702570545403,0.4408747669130244,0.25980762059954166,0.9999999999999998
110.10000000000001,0.3514642204882141,0.21937054397541206,0.4291652355363739,0.25980762059905455,0.9999999999999998
110.2,0.37206766543844194,0.21334440725446446,0.4145879273070937,0.25980762059856766,0.9999999999999998
110.3,0.3915119825985644,0.21090894813542105,0.39757906926601455,0.2598076205980805,0.9999999999999998
110.4,0.40921529932089795,0.21213704791485813,0.378647652764244,0.2598076205975935,0.9999999999999998
110.5,0.4246478425262891,0.21699195561485915,0.35836020185885176,0.2598076205971065,0.9999999999999998
110.60000000000001,0.437347792203196,0.22532838775878264,0.3373238200380214,0.2598076205966193,0.9999999999999998
110.7,0.4469351014061306,0.23689687599018472,0.31616802260368476,0.2598076205961322,0.9999999999999998
110.8,0.45312286918897327,0.2513512324320751,0.2955258983789516,0.259807620595645,0.9999999999999998
110.9,0.45572592613727875,0.26825890938507113,0.27601516447765007,0.2598076205951579,0.9999999999999998
111,0.4546663755768744,0.28711394334970664,0.2582196810734191,0.25980762059467083,0.9999999999999998
111.10000000000001,0.44997592463767005,0.3073520960220574,0.24267197934027263,0.25980762059418366,0.9999999999999998
111.2,0.44179493541542036,0.32836773916725676,0.22983732541732277,0.25980762059369666,0.9999999999999998
111.3,0.4303682246254932,0.34953197808979475,0.22009979728471207,0.25980762059320966,0.9999999999999998
111.4,0.41603773744432115,0.37021147135439475,0.2137507912012842,0.25980762059272244,0.9999999999999998
111.5,0.39923231477438054,0.3897873835759108,0.2109803016497087,0.2598076205922355,0.9999999999999998
111.60000000000001,0.3804548601480568,0.40767390411458876,0.21187123573735447,0.25980762059174844,0.9999999999999998
111.7,0.3602672903017634,0.42333577750334606,0.2163969321948906,0.2598076205912615,0.9999999999999998
111.8,0.3392737197755077,0.43630432100772315,0.22442195921676908,0.25980762059077445,0.9999999999999998
111.9,0.3181023827400246,0.44619144999182314,0.23570616726815224,0.2598076205902872,0.9999999999999998
112,0.29738683304215247,0.45270129138011406,0.2499118755777335,0.2598076205898002,0.9999999999999998
112.10000000000001,0.2777469850585038,0.4556390376813791,0.2666139772601171,0.25980762058931317,0.9999999999999998
112.2,0.25977056271130494,0.45491677661748486,0.28531266067121014,0.25980762058882595,0.9999999999999998
112.3,0.24399551178599332,0.4505561219048906,0.30544836630911615,0.25980762058833873,0.9999999999999998
112.4,0.23089390186328856,0.4426875664625626,0.3264185316741489,0.25980762058785156,0.9999999999999998
112.5,0.2208577996016248,0.4315465774015987,0.3475956229967765,0.2598076205873645,0.9999999999999998
112.60000000000001,0.21418753611302557,0.41746654965428776,0.3683459142326867,0.25980762058687756,0.9999999999999998
112.7,0.21108271953207744,0.4008688291057844,0.38804845136213817,0.25980762058639056,0.9999999999999998
112.8,0.21163626172754935,0.38225010378693053,0.4061136344855201,0.25980762058590334,0.9999999999999998
112.9,0.2158315979077593,0.36216754044772237,0.4220008616445184,0.25980762058541634,0.9999999999999998
113,0.2235431823232073,0.34122211130057645,0.43523470637621614,0.2598076205849292,0.9999999999999998
113.10000000000001,0.23454024523253453,0.32004060988185157,0.44541914488561396,0.25980762058444207,0.9999999999999998
113.2,0.2484936987043219,0.29925689420831614,0.452249407087362,0.25980762058395485,0.9999999999999998
113.3,0.264985984598092,0.27949291852851144,0.45552109687339665,0.25980762058346796,0.9999999999999998
113.4,0.2835235700229446,0.2613401212952703,0.4551363086817852,0.2598076205829807,0.9999999999999998
113.5,0.30355171634628986,0.24534172632570836,0.45110655732800176,0.2598076205824934,0.9999999999999998
113.60000000000001,0.32447107978898737,0.23197648678780144,0.4435524334232111,0.2598076205820064,0.9999999999999998
113.7,0.34565564683283684,0.2216443584759688,0.43269999469119447,0.25980762058151935,0.9999999999999998
113.8,0.366471467722008,0.2146545311039619,0.4188740011740301,0.25980762058103224,0.9999999999999998
113.9,0.3862956274569764,0.21121617577951857,0.40248819676350506,0.2598076205805453,0.9999999999999998
114,0.40453488657254977,0.211432185543294,0.3840329278841563,0.2598076205800582,0.9999999999999998
114.10000000000001,0.4206434338733062,0.2152960962869109,0.36406046983978296,0.25980762057957124,0.9999999999999998
114.2,0.4341392198745066,0.22269228019188808,0.3431684999336052,0.25980762057908413,0.9999999999999998
114.3,0.44461838216903815,0.2333994059007707,0.32198221193019116,0.2598076205785972,0.9999999999999998
114.4,0.4517673310402015,0.2470970618745836,0.30113560708521486,0.2598076205781101,0.9999999999999998
114.5,0.45537213365747614,0.2633753447321392,0.2812525216103846,0.259807620577623,0.9999999999999998
114.60000000000001,0.4553249160324996,0.2817471256394278,0.2629279583280726,0.2598076205771359,0.9999999999999998
114.7,0.45162709115625027,0.3016626276764688,0.24671028116728097,0.2598076205766488,0.9999999999999998
114.8,0.44438931671518617,0.32252587795282794,0.2330848053319858,0.2598076205761618,0.9999999999999998
114.9,0.43382818365168735,0.34371254214101127,0.2224592742073014,0.2598076205756747,0.9999999999999998
115,0.42025973466387884,0.3645886077279868,0.21515165760813446,0.2598076205751876,0.9999999999999998
115.10000000000001,0.40409000660421257,0.38452935688713485,0.2113806365086526,0.2598076205747005,0.9999999999999998
115.2,0.3858028797962391,0.4029380612060101,0.21125905899775074,0.25980762057421347,0.9999999999999998
115.3,0.3659455978796753,0.41926383882878776,0.21479056329153687,0.2598076205737266,0.9999999999999998
115.4,0.3451123915034886,0.43301813963706826,0.22186946885944325,0.2598076205732395,0.9999999999999998
115.5,0.32392669592920975,0.4437893651487697,0.23228393892202043,0.2598076205727524,0.9999999999999998
115.60000000000001,0.30302249468402725,0.4512551856335394,0.24572231968243335,0.25980762057226536,0.9999999999999998
115.7,0.28302534755624026,0.45519218585408083,0.2617824665896789,0.25980762057177814,0.9999999999999998
115.8,0.26453367067173084,0.45548255078386723,0.27998377854440193,0.25980762057129103,0.9999999999999998
115.9,0.24810082884656662,0.45211759123063566,0.29978157992279775,0.25980762057080387,0.9999999999999998
116,0.23421857610342425,0.44519800386111635,0.3205834200354594,0.25980762057031676,0.9999999999999998
116.10000000000001,0.22330233989562176,0.4349308578457363,0.34176680225864187,0.2598076205698297,0.9999999999999998
116.2,0.2156787894094565,0.4216233982981818,0.3626978122923617,0.2598076205693427,0.9999999999999998
116.3,0.21157605996433296,0.4056738519423531,0.38275008809331396,0.25980762056885565,0.9999999999999998
116.4,0.21111692604623933,0.38755951014781875,0.4013235638059419,0.25980762056836854,0.9999999999999998
116.5,0.21431512727205682,0.36782244594982444,0.41786242677811875,0.2598076205678814,0.9999999999999998
116.60000000000001,0.22107495723049594,0.34705329247310346,0.4318717502964007,0.2598076205673943,0.9999999999999998
116.7,0.23119412750362425,0.32587356819137187,0.44293230430500397,0.25980762056690715,0.9999999999999998
116.8,0.24436982116292813,0.3049170779404412,0.4507131008966307,0.25980762056642,0.9999999999999998
116.9,0.2602077545885842,0.2848109462610255,0.4549812991503904,0.2598076205659329,0.9999999999999998
117,0.2782339764363209,0.26615685064987893,0.45560917291380026,0.2598076205654458,0.9999999999999998
117.10000000000001,0.2979090506669018,0.2495130163156315,0.4525779330174668,0.2598076205649587,0.9999999999999998
117.2,0.31864419921001236,0.23537751124760092,0.44597828954238683,0.25980762056447165,0.9999999999999998
117.3,0.3398189211921222,0.22417334149390006,0.4360077373139778,0.25980762056398454,0.9999999999999998
117.4,0.36079956147161046,0.21623579267375803,0.42296464585463156,0.2598076205634974,0.9999999999999998
117.5,0.38095827281634936,0.2118023965302468,0.4072393306534039,0.2598076205630102,0.9999999999999998
117.60000000000001,0.3996918042791606,0.2110058227750756,0.38930237294576375,0.25980762056252316,0.9999999999999998
117.7,0.4164395535276025,0.21386990893752977,0.36969053753486786,0.25980762056203605,0.9999999999999998
117.8,0.4307003429107648,0.22030894702462098,0.3489907100646143,0.259807620561549,0.9999999999999998
117.9,0.44204741723801877,0.23013024833919907,0.32782233442278225,0.259807620561062,0.9999999999999998
118,0.450141214460066,0.2430399097036497,0.30681887583628437,0.259807620560575,0.9999999999999998
118.10000000000001,0.45473952708870197,0.25865160853450286,0.28660886437679517,0.2598076205600878,0.9999999999999998
118.2,0.45570475027404533,0.2764981635746845,0.2677970861512702,0.2598076205596007,0.9999999999999998
118.3,0.4530079996399786,0.296045515327634,0.25094648503238737,0.25980762055911377,0.9999999999999998
118.4,0.44672997565126704,0.31670870782774796,0.236561316520985,0.2598076205586267,0.9999999999999998
118.5,0.43705854864610444,0.3378693934914731,0.22507205786242251,0.25980762055813966,0.9999999999999998
118.60000000000001,0.42428313680216806,0.3588943372150675,0.21682252598276447,0.2598076205576526,0.9999999999999998
118.7,0.4087860452759695,0.37915436598251934,0.2120595887415112,0.25980762055716555,0.9999999999999998
118.8,0.39103102569240517,0.3980431969151853,0.21092577739240964,0.25980762055667855,0.9999999999999998
118.9,0.371549398342639,0.41499558033235356,0.2134550213250075,0.25980762055619144,0.9999999999999998
119,0.3509241523845856,0.42950421489028473,0.21957163272512975,0.2598076205557044,0.9999999999999998
119.10000000000001,0.3297724998486844,0.44113492861292725,0.22909257153838836,0.2598076205552171,0.9999999999999998
119.2,0.3087274055216506,0.449539671520827,0.24173292295752244,0.25980762055473006,0.9999999999999998
119.3,0.2884186454278135,0.4544669310528357,0.2571144235193508,0.2598076205542429,0.9999999999999998
119.4,0.2694539607344095,0.4557692585983454,0.2747767806672452,0.2598076205537557,0.9999999999999998
119.5,0.2524008710516231,0.45340768190800634,0.29419144704037054,0.2598076205532687,0.9999999999999998
119.60000000000001,0.23776969136573683,0.44745287134120826,0.3147774372930548,0.2598076205527818,0.9999999999999998
119.7,0.22599826082493676,0.43808302505028085,0.33591871412478247,0.25980762055229495,0.9999999999999998
119.8,0.21743884037000244,0.42557853638743476,0.35698262324256275,0.25980762055180795,0.9999999999999998
119.9,0.21234757129926485,0.41031360311269144,0.3773388255880437,0.2598076205513209,0.9999999999999998
120,0.2108768102210652,0.39274502949788054,0.3963781602810544,0.2598076205508339,0.9999999999999998
120.10000000000001,0.21307056977083705,0.3733985564245837,0.41353087380457926,0.25980762055034684,0.9999999999999998
120.2,0.21886320152969438,0.35285312854886713,0.42828366992143846,0.2598076205498598,0.9999999999999998
120.3,0.2280813605582847,0.33172356933907726,0.44019507010263803,0.25980762054937273,0.9999999999999998
120.4,0.2404491927570862,0.3106421824374902,0.44890862480542354,0.25980762054888557,0.9999999999999998
120.5,0.25559658982100164,0.2902398299264481,0.4541635802525503,0.25980762054839857,0.9999999999999998
120.60000000000001,0.27307026475811563,0.27112705373328355,0.45580268150860087,0.25980762054791157,0.9999999999999998
120.7,0.2923473165368858,0.25387580511740615,0.45377687834570807,0.2598076205474244,0.9999999999999998
120.8,0.31285087793868516,0.23900232898601648,0.4481467930752984,0.2598076205469372,0.9999999999999998
120.9,0.3339673783525358,0.2269517152265839,0.4390809064208803,0.2598076205464502,0.9999999999999998
121,0.35506490492160814,0.2180845793586208,0.4268505157197711,0.2598076205459632,0.9999999999999998
121.10000000000001,0.3755121125828015,0.21266627108724548,0.4118216163299531,0.25980762054547635,0.9999999999999998
121.2,0.39469711711505406,0.2108589336933788,0.39444394919156717,0.2598076205449892,0.9999999999999998
121.3,0.41204580582049843,0.2127166518839151,0.37523754229558653,0.2598076205445022,0.9999999999999998
121.4,0.4270390178899538,0.21818383330281788,0.3547771488072283,0.2598076205440152,0.9999999999999998
121.5,0.43922808032903393,0.2270968721365392,0.3336750475344269,0.259807620543528,0.9999999999999998
121.60000000000001,0.44824823453111623,0.23918904503024652,0.31256272043863725,0.2598076205430409,0.9999999999999998
121.7,0.4538295517059702,0.2540984928041985,0.29207195548983134,0.25980762054255374,0.9999999999999998
121.8,0.45580501051902694,0.27137904911680766,0.2728159403641654,0.2598076205420666,0.9999999999999998
121.9,0.45411549521732764,0.29051359202583726,0.25537091275683504,0.25980762054157935,0.9999999999999998
122,0.44881156467285954,0.31092951890126325,0.24025891642587713,0.2598076205410923,0.9999999999999998
122.10000000000001,0.4400519394045235,0.33201588160187423,0.22793217899360224,0.2598076205406054,0.9999999999999998
122.2,0.42809875185471447,0.35314166914416706,0.2187595790011185,0.25980762054011813,0.9999999999999998
122.3,0.41330970205634593,0.3736746907532998,0.21301560719035434,0.2598076205396311,0.9999999999999998
122.4,0.39612735343256644,0.3930004942193899,0.21087215234804377,0.2598076205391441,0.9999999999999998
122.5,0.37706588905316724,0.4105407534259264,0.2123933575209064,0.259807620538657,0.9999999999999998
122.60000000000001,0.3566957246676987,0.4257705748021319,0.21753370053016946,0.25980762053817,0.9999999999999998
122.7,0.33562643897143196,0.4382342048023897,0.22613935622617837,0.259807620537683,0.9999999999999998
122.8,0.3144885319172361,0.4475586683652397,0.23795279971752425,0.2598076205371961,0.9999999999999998
122.9,0.29391455695725455,0.45346493022003304,0.2526205128227125,0.25980762053670897,0.9999999999999998
123,0.2745201918334622,0.45577624503831016,0.26970356312822774,0.2598076205362219,0.9999999999999998
123.10000000000001,0.2568858143751133,0.4544234465509953,0.28869073907389137,0.25980762053573464,0.9999999999999998
123.2,0.24153913464872184,0.4494470173541803,0.3090138479970979,0.25980762053524753,0.9999999999999998
123.3,0.2289394031947879,0.4409958774644026,0.3300647193408096,0.2598076205347607,0.9999999999999998
123.4,0.21946366792096933,0.42932292787599385,0.35121340420303687,0.25980762053427364,0.9999999999999998
123.5,0.21339549091519833,0.4147774824798784,0.37182702660492334,0.25980762053378637,0.9999999999999998
123.60000000000001,0.21091646282895704,0.39779481481921813,0.3912887223518248,0.25980762053329953,0.9999999999999998
123.7,0.21210076876342945,0.378883132496024,0.4090160987405466,0.2598076205328126,0.9999999999999998
123.8,0.21691296827479037,0.3586083690205936,0.424478662704616,0.2598076205323256,0.9999999999999998
123.9,0.2252090559321428,0.3375772482088186,0.4372136958590386,0.2598076205318384,0.9999999999999998
124,0.23674077069082583,0.3164191279265407,0.4468401013826335,0.2598076205313513,0.9999999999999998
124.10000000000001,0.2511630251227753,0.2957671665082681,0.4530698083689566,0.25980762053086415,0.9999999999999998
124.2,0.2680442321836609,0.2762393754465828,0.45571639236975636,0.2598076205303771,0.9999999999999998
124.3,0.28687922048752074,0.258420125351926,0.4547006541605533,0.25980762052988987,0.9999999999999998
124.4,0.30710435159833116,0.24284265861830318,0.45005298978336566,0.25980762052940276,0.9999999999999998
124.5,0.32811438695243,0.22997313210469567,0.4419124809428742,0.25980762052891565,0.9999999999999998
124.60000000000001,0.3492805996678761,0.22019666735613383,0.43052273297599014,0.25980762052842854,0.9999999999999998
124.7,0.36996958924349194,0.21380582581261046,0.41622458494389764,0.25980762052794165,0.9999999999999998
124.8,0.3895622361163133,0.21099185388607294,0.3994459099976138,0.2598076205274546,0.9999999999999998
124.9,0.4074722288608918,0.21183895989721815,0.3806888112418901,0.2598076205269675,0.9999999999999998
125,0.4231636096026251,0.21632179413518796,0.360514596262187,0.2598076205264804,0.9999999999999998
125.10000000000001,0.43616681259730516,0.22430620744956575,0.33952697995312914,0.25980762052599343,0.9999999999999998
125.2,0.44609271602119105,0.23555326567375354,0.31835401830505544,0.2598076205255062,0.9999999999999998
125.3,0.4526442864707355,0.2497263997478066,0.29762931378145796,0.259807620525019,0.9999999999999998
125.4,0.4556254677094377,0.26640147757276744,0.27797305471779493,0.25980762052453193,0.9999999999999998
125.5,0.45494704766540756,0.28507949619550127,0.2599734561390913,0.259807620524045,0.9999999999999998
125.60000000000001,0.4506293281093002,0.30520151450945127,0.24416915738124856,0.25980762052355794,0.9999999999999998
125.7,0.44280151712230775,0.32616537960912595,0.23103310326856633,0.25980762052307077,0.9999999999999998
125.8,0.4316978625346497,0.34734374626090625,0.22095839120444408,0.2598076205225836,0.9999999999999998
125.9,0.4176506420417045,0.3681028502561593,0.21424650770213632,0.2598076205220965,0.9999999999999998
126,0.40108021976908204,0.3878214738526603,0.21109830637825774,0.2598076205216095,0.9999999999999998
126.10000000000001,0.3824824668446733,0.405909535762067,0.2116079973932597,0.2598076205211223,0.9999999999999998
126.2,0.36241392241799986,0.4218257493766792,0.215760328205321,0.25980762052063516,0.9999999999999998
126.3,0.3414751391844705,0.4350938208117246,0.22343104000380504,0.2598076205201482,0.9999999999999998
126.4,0.3202927118009808,0.4453167020355416,0.23439058616347774,0.25980762051966105,0.9999999999999998
126.5,0.29950052599386445,0.45218847256167166,0.2483110014444639,0.259807620519174,0.9999999999999998
126.60000000000001,0.27972078948104473,0.4555034941423342,0.26477571637662106,0.2598076205186868,0.9999999999999998
126.7,0.26154541235946316,0.45516256450839643,0.28329202313214047,0.2598076205181996,0.9999999999999998
126.8,0.24551829415108536,0.4511758860047083,0.30330581984420635,0.2598076205177125,0.9999999999999998
126.9,0.2321190475689609,0.4436627602841684,0.3242181921468707,0.2598076205172253,0.9999999999999998
127,0.2217486460708545,0.4328480181968231,0.34540333573232246,0.2598076205167382,0.9999999999999998
127.10000000000001,0.21471742469848445,0.41905529170983497,0.3662272835916806,0.2598076205162511,0.9999999999999998
127.2,0.21123579327815034,0.4026973291966205,0.38606687752522917,0.2598076205157641,0.9999999999999998
127.3,0.21140793989091886,0.38426364391085416,0.40432841619822696,0.2598076205152771,0.9999999999999998
127.4,0.21522871303649277,0.36430586526568,0.42046542169782714,0.25980762051479017,0.9999999999999998
127.5,0.22258377579224403,0.3434212312821978,0.43399499292555815,0.259807620514303,0.9999999999999998
127.60000000000001,0.23325302735418885,0.32223471619693916,0.4445122564488721,0.2598076205138159,0.9999999999999998
127.7,0.24691718957003642,0.30138032806101944,0.4517024823689441,0.2598076205133288,0.9999999999999998
127.8,0.2631673613618155,0.2814821360017116,0.45535050263647286,0.2598076205128419,0.9999999999999998
127.9,0.28151725512126574,0.26313559490706007,0.45534714997167414,0.25980762051235473,0.9999999999999998
128,0.30141774890294526,0.24688972639374768,0.45169252470330706,0.2598076205118677,0.9999999999999998
128.1,0.3222733189395858,0.23323068929408683,0.4444959917663274,0.25980762051138057,0.9999999999999998
128.2,0.343459860735442,0.22256723131654207,0.43397290794801596,0.25980762051089346,0.9999999999999998
128.3,0.3643433654400818,0.21521845723993321,0.42043817731998506,0.25980762051040635,0.9999999999999998
128.4,0.384298892610732,0.21140427967902384,0.4042968277102442,0.2598076205099191,0.9999999999999998
128.5,0.402729271601846,0.21123883818304995,0.3860318902151041,0.25980762050943207,0.9999999999999998
128.6,0.41908297194140837,0.21472708360115908,0.3661899444574327,0.25980762050894496,0.9999999999999998
128.7,0.43287060792162785,0.22176462992787851,0.34536476215049366,0.25980762050845785,0.9999999999999998
128.8,0.44367958350290526,0.23214087806215017,0.3241795384349447,0.2598076205079708,0.9999999999999998
128.9,0.45118643928122737,0.24554531800120669,0.30326824271756603,0.2598076205074836,0.9999999999999998
129,0.4551665320350642,0.2615768208756668,0.28325664708926906,0.25980762050699635,0.9999999999999998
129.1,0.45550075719060173,0.2797556427610021,0.26474360004839614,0.2598076205065092,0.9999999999999998
129.2,0.4521791130350359,0.29953778105041934,0.24828310591454486,0.25980762050602224,0.9999999999999998
129.3,0.4453010000185763,0.32033125377362276,0.23436774620780093,0.2598076205055352,0.9999999999999998
129.4,0.435072246188528,0.34151381470162345,0.2234139391098486,0.2598076205050481,0.9999999999999998
129.5,0.42179894776955484,0.3624515741117578,0.2157494781186874,0.25980762050456097,0.9999999999999998
129.6,0.40587830921122525,0.3825179679851261,0.21160372280364867,0.25980762050407397,0.9999999999999998
129.7,0.38778675681510205,0.4011125079817968,0.21110073520310113,0.25980762050358686,0.9999999999999998
129.8,0.36806568164197606,0.4176787510993652,0.21425556725865877,0.25980762050309975,0.9999999999999998
129.9,0.3473052383438137,0.4317209512714853,0.22097381038470107,0.2598076205026127,0.9999999999999998
130,0.3261266847415852,0.4428188946060443,0.23105442065237042,0.25980762050212575,0.9999999999999998
130.1,0.3051637906384304,0.45064047431736415,0.24419573504420553,0.25980762050163864,0.9999999999999998
130.2,0.2850438722108206,0.454951629046642,0.26000449874253745,0.25980762050115136,0.9999999999999998
130.3,0.2663690195249829,0.45562334716564734,0.27800763330936984,0.2598076205006642,0.9999999999999998
130.4,0.24969807894656212,0.4526355274593608,0.2976663935940771,0.2598076205001771,0.9999999999999998
130.5,0.23552992962126368,0.44607758065633923,0.318392489722397,0.2598076204996901,0.9999999999999998
130.6,0.2242885544790449,0.43614575380596515,0.3395656917149899,0.25980762049920314,0.9999999999999998
130.7,0.21631035251317343,0.4231372575707914,0.3605523899160352,0.25980762049871603,0.9999999999999998
130.8,0.2118340720151527,0.4074413721751988,0.38072455580964853,0.259807620498229,0.9999999999999998
130.9,0.2109936660142135,0.38952779816551797,0.3994785358202686,0.25980762049774186,0.9999999999999998
131,0.2138142837228792,0.36993260058599226,0.41625311569112844,0.2598076204972548,0.9999999999999998
131.1,0.22021151794489785,0.34924216719216994,0.43054631486293227,0.2598076204967677,0.9999999999999998
131.2,0.2299939309669131,0.328075660753389,0.44193040827969793,0.25980762049628064,0.9999999999999998
131.3,0.24286878334637904,0.3070664905605209,0.4500647260931001,0.25980762049579337,0.9999999999999998
131.4,0.25845079416130873,0.2868433576054887,0.45470584823320254,0.2598076204953062,0.9999999999999998
131.5,0.276273670570729,0.268011440656985,0.4557148887722861,0.2598076204948191,0.9999999999999998
131.6,0.29580406166287837,0.25113428624048173,0.45306165209664,0.25980762049433204,0.9999999999999998
131.7,0.3164575190211986,0.2367169444662376,0.44682553651256385,0.259807620493845,0.9999999999999998
131.8,0.33761598638698376,0.22519085536691297,0.43719315824610333,0.2598076204933579,0.9999999999999998
131.9,0.3586462950392241,0.21690093802227128,0.4244527669385047,0.2598076204928709,0.9999999999999998
132,0.37891911141601614,0.21209526882987806,0.4089856197541059,0.25980762049238393,0.9999999999999998
132.1,0.39782776996854885,0.21091765780031935,0.39125457223113186,0.2598076204918969,0.9999999999999998
132.2,0.4148064276731006,0.21340334503186187,0.3717902272950376,0.25980762049140976,0.9999999999999998
132.3,0.42934699692591366,0.21947794614787258,0.3511750569262137,0.2598076204909227,0.9999999999999998
132.4,0.4410143501027999,0.22895967825486277,0.3300259716423374,0.25980762049043565,0.9999999999999998
132.5,0.4494593407858917,0.24156479980919388,0.3089758594049144,0.2598076204899485,0.9999999999999998
132.6,0.4544292519963533,0.256916101604028,0.28865464639961874,0.25980762048946127,0.9999999999999998
132.7,0.45577535876890374,0.2745541947831015,0.26967044644799487,0.2598076204889742,0.9999999999999998
132.8,0.45345737875754427,0.2939512580866642,0.2525913631557915,0.2598076204884871,0.9999999999999998
132.9,0.4475446776877802,0.3145268329422193,0.23792848937000055,0.2598076204880001,0.9999999999999998
133,0.4382141935820877,0.3356651937307904,0.22612061268712194,0.25980762048751305,0.9999999999999998
133.1,0.42574514187633566,0.3567337734221971,0.21752108470146733,0.25980762048702594,0.9999999999999998
133.2,0.4105106598769496,0.37710209319082133,0.21238724693222907,0.2598076204865389,0.9999999999999998
133.3,0.392966640599063,0.3961606295416969,0.21087272985924016,0.25980762048605194,0.9999999999999998
133.4,0.3736380901338855,0.4133390543467583,0.21302285551935624,0.259807620485565,0.9999999999999998
133.5,0.3531034168020927,0.4281233019567993,0.218773281241108,0.2598076204850779,0.9999999999999998
133.6,0.33197712224149833,0.44007095265453644,0.2279519251039653,0.2598076204845909,0.9999999999999998
133.7,0.31089141239950685,0.4488244720977922,0.24028411550270107,0.25980762048410394,0.9999999999999998
133.8,0.29047727872277596,0.45412191056146894,0.2554008107157551,0.2598076204836169,0.9999999999999998
133.9,0.2713456156909042,0.4558047418026967,0.27284964250639915,0.2598076204831298,0.9999999999999998
134,0.2540689397533642,0.45382260697052584,0.2921084532761099,0.25980762048264266,0.9999999999999998
134.1,0.23916425673186223,0.4482348215983146,0.3126009216698233,0.25980762048215567,0.9999999999999998
134.2,0.2270775903823923,0.4392086005819487,0.333713809035659,0.25980762048166856,0.9999999999999998
134.3,0.21817063510092444,0.4270140542615553,0.35481531063752014,0.2598076204811815,0.9999999999999998
134.4,0.2127099321915094,0.41201610534933875,0.37527396245915184,0.2598076204806944,0.9999999999999998
134.5,0.21085889359778698,0.3946635685900789,0.3944775378121341,0.2598076204802072,0.9999999999999998
134.6,0.21267291178833134,0.3754757199462709,0.41185136826539775,0.25980762047972017,0.9999999999999998
134.7,0.2180977021328796,0.35502675722604543,0.42687554064107497,0.259807620479233,0.9999999999999998
134.8,0.2269709273739593,0.3339286171707443,0.4391004554552965,0.25980762047874606,0.9999999999999998
134.9,0.23902705558148046,0.31281266320209206,0.44816028121642754,0.2598076204782589,0.9999999999999998
135,0.25390530621563623,0.2923107918245025,0.4537839019598613,0.2598076204777718,0.9999999999999998
135.1,0.2711604465115846,0.2730365230748456,0.45580303041356984,0.25980762047728473,0.9999999999999998
135.2,0.2902761151032914,0.2555666408893823,0.4541572440073263,0.2598076204767976,0.9999999999999998
135.3,0.3106802741760924,0.24042393280126206,0.44889579302264554,0.25980762047631056,0.9999999999999998
135.4,0.33176232774115144,0.22806154548442936,0.4401761267744192,0.2598076204758235,0.9999999999999998
135.5,0.3528913937661694,0.21884942430545826,0.42825918192837226,0.2598076204753365,0.9999999999999998
135.6,0.37343518336746323,0.21306324268074397,0.4135015739517928,0.25980762047484934,0.9999999999999998
135.7,0.39277892210217824,0.21087615252886494,0.3963449253689568,0.2598076204743622,0.9999999999999998
135.8,0.4103437471395463,0.21235360268644848,0.3773026501740052,0.259807620473875,0.9999999999999998
135.9,0.4256040297744618,0.21745138034683203,0.35694458987870614,0.2598076204733879,0.9999999999999998
136,0.43810310490585935,0.2260169341316149,0.33587996096252576,0.2598076204729009,0.9999999999999998
136.1,0.4474669367740739,0.23779393920208602,0.3147391240238401,0.2598076204724139,0.9999999999999998
136.2,0.45341531200896934,0.2524299677992251,0.2941547201918056,0.2598076204719268,0.9999999999999998
136.3,0.4557702250360316,0.2694870356707938,0.2747427392931746,0.2598076204714397,0.9999999999999998
136.4,0.4544612049065211,0.288454708782896,0.25708408631058305,0.25980762047095257,0.9999999999999998
136.5,0.44952742414589225,0.3087653780966814,0.24170719775742627,0.2598076204704655,0.9999999999999998
136.6,0.4411165265130349,0.32981124531135614,0.2290722281756091,0.25980762046997846,0.9999999999999998
136.70000000000002,0.4294802087497276,0.35096251127386674,0.21955727997640567,0.2598076204694913,0.9999999999999998
136.8,0.4149666885367844,0.37158622276573755,0.21344708869747805,0.25980762046900413,0.9999999999999998
136.9,0.3980102840538689,0.39106521367555086,0.2109245022705802,0.2598076204685171,0.9999999999999998
137,0.37911841697543064,0.40881657374106595,0.21206500928350341,0.25980762046802997,0.9999999999999998
137.1,0.3588564278390836,0.42430909218248547,0.21683447997843083,0.259807620467543,0.9999999999999998
137.20000000000002,0.33783065818766517,0.4370791542248364,0.22509018758749846,0.259807620467056,0.9999999999999998
137.3,0.3166703057531426,0.44674461480484207,0.23658507944201543,0.2598076204665688,0.9999999999999998
137.4,0.2960085956673474,0.45301623429056953,0.25097517004208314,0.2598076204660817,0.9999999999999998
137.5,0.27646383115246725,0.4557063339990826,0.26782983484845013,0.2598076204655943,0.9999999999999998
137.6,0.2586208907508021,0.45473441249508884,0.2866446967541091,0.2598076204651072,0.9999999999999998
137.70000000000002,0.2430137257905693,0.4501295546024203,0.30685671960701044,0.2598076204646201,0.9999999999999998
137.8,0.23010938185240626,0.4420295610385018,0.3278610571090919,0.25980762046413314,0.9999999999999998
137.9,0.22029402239538168,0.43067682471755764,0.3490291528870607,0.25980762046364597,0.9999999999999998
138,0.21386137278655296,0.41641107712449477,0.3697275500889523,0.259807620463159,0.9999999999999998
138.1,0.2110039305473536,0.39965922182476493,0.38933684762788145,0.259807620462672,0.9999999999999998
138.20000000000002,0.2118072048508437,0.38092255934318736,0.40727023580596894,0.2598076204621849,0.9999999999999998
138.3,0.2162471576533002,0.36076178570818795,0.4229910566385119,0.2598076204616978,0.9999999999999998
138.4,0.2241909230344768,0.3397802135811439,0.4360288633843793,0.2598076204612107,0.9999999999999998
138.5,0.2354007832202215,0.31860571807979465,0.4459934986999839,0.25980762046072364,0.9999999999999998
138.6,0.24954128230467687,0.2978719475683063,0.45258677012701687,0.25980762046023653,0.9999999999999998
138.70000000000002,0.2661892647933939,0.27819936168250414,0.455611373524102,0.2598076204597496,0.9999999999999998
138.8,0.2848465385632046,0.26017666402878886,0.4549767974080066,0.2598076204592625,0.9999999999999998
138.9,0.3049547832988301,0.24434318518461204,0.4507020315165579,0.2598076204587754,0.9999999999999998
139,0.325912258270142,0.23117274319054276,0.44291499853931526,0.2598076204582883,0.9999999999999998
139.1,0.34709180946859125,0.22105946450990735,0.43184872602150143,0.2598076204578012,0.9999999999999998
139.20000000000002,0.36785963723789716,0.21430598976484866,0.41783437299725423,0.2598076204573141,0.9999999999999998
139.3,0.3875942627762428,0.21111441719303659,0.40129132003072066,0.25980762045682704,0.9999999999999998
139.4,0.4057051259359774,0.2115802548427659,0.38271461922125677,0.2598076204563401,0.9999999999999998
139.5,0.42165025778027654,0.21568956248745652,0.3626601797322669,0.2598076204558532,0.9999999999999998
139.6,0.434952499044178,0.2233193687879787,0.3417281321678432,0.2598076204553662,0.9999999999999998
139.70000000000002,0.4452137791613319,0.23424135121918918,0.3205448696194789,0.25980762045487904,0.9999999999999998
139.8,0.45212702855552006,0.24812866863860109,0.29974430280587894,0.259807620454392,0.9999999999999998
139.9,0.4554853677207277,0.2645657420320589,0.2799488902472134,0.25980762045390504,0.9999999999999998
140,0.45518829810585926,0.2830606907468704,0.26175101114727045,0.25980762045341793,0.9999999999999998
140.1,0.4512447095414083,0.3030600520571879,0.24569523840140384,0.25980762045293065,0.9999999999999998
140.20000000000002,0.4437726142106139,0.3239653435775422,0.23226204221184396,0.25980762045244365,0.9999999999999998
140.3,0.4329956151260353,0.3451509728930631,0.22185341198090153,0.25980762045195677,0.9999999999999998
140.4,0.41923621479264983,0.3659829584593613,0.214780826747989,0.2598076204514697,0.9999999999999998
140.5,0.4029061642962307,0.38583790154773795,0.21125593415603136,0.25980762045098266,0.9999999999999998
140.6,0.38449414162125894,0.404121641498844,0.21138421687989706,0.25980762045049566,0.9999999999999998
140.70000000000002,0.36455112792562777,0.42028703602492185,0.21516183604945047,0.2598076204500087,0.9999999999999998
140.8,0.34367391938821557,0.433850334483756,0.2224757461280285,0.25980762044952177,0.9999999999999998
140.9,0.3224872680385242,0.4444056541528808,0.23310707780859494,0.2598076204490347,0.9999999999999998
141,0.30162518600539256,0.4516371263004573,0.24673768769415014,0.2598076204485476,0.9999999999999998
141.1,0.28171197265654385,0.4553283485807359,0.26295967876272025,0.25980762044806044,0.9999999999999998
141.20000000000002,0.26334353239323743,0.4553688608904646,0.2812876067162981,0.2598076204475732,0.9999999999999998
141.3,0.24706954216641872,0.4517574508957534,0.30117300693782795,0.25980762044708616,0.9999999999999998
141.4,0.23337700235278352,0.4446021903112567,0.32202080733595984,0.2598076204465991,0.9999999999999998
141.5,0.222675663232022,0.434117200846015,0.343207135921963,0.25980762044611194,0.9999999999999998
141.6,0.21528576317900266,0.42061624659527147,0.364097990225726,0.25980762044562483,0.9999999999999998
141.70000000000002,0.21142844550641396,0.4045033446264149,0.38406820986717116,0.2598076204451378,0.9999999999999998
141.8,0.21121914073456596,0.3862606747379713,0.40252018452746274,0.2598076204446507,0.9999999999999998
141.9,0.21466411232442262,0.3664341501930101,0.4189017374825673,0.25980762044416367,0.9999999999999998
142,0.22166026924306365,0.34561708122384943,0.4327226495330869,0.2598076204436766,0.9999999999999998
142.1,0.23199825097056825,0.32443242017890617,0.4435693288505257,0.2598076204431896,0.9999999999999998
142.20000000000002,0.24536869262925826,0.3035141196270004,0.4511171877437414,0.2598076204427028,0.9999999999999998
142.3,0.2613714827508395,0.2834881612792417,0.45514035596991875,0.25980762044221567,0.9999999999999998
142.4,0.27952773664206454,0.26495382343942836,0.4555184399185072,0.2598076204417285,0.9999999999999998
142.5,0.2992941270450544,0.248465747555911,0.45224012539903463,0.2598076204412415,0.9999999999999998
142.6,0.32007914324619435,0.23451734053470075,0.4454035162191049,0.25980762044075445,0.9999999999999998
142.70000000000002,0.34126079207855176,0.2235260095008429,0.43521319842060546,0.2598076204402673,0.9999999999999998
142.8,0.36220521111399345,0.21582067085892997,0.42197411802707663,0.2598076204397803,0.9999999999999998
142.9,0.38228563704383334,0.21163190744505458,0.40608245551111205,0.2598076204392932,0.9999999999999998
143,0.400901161617799,0.211085068318165,0.38801377006403603,0.2598076204388061,0.9999999999999998
143.1,0.41749471386843784,0.21419651768008618,0.36830876845147603,0.25980762043831895,0.9999999999999998
143.20000000000002,0.4315697305015508,0.22087314517555456,0.3475571243228946,0.2598076204378318,0.9999999999999998
143.3,0.4427050155899718,0.23091515222657544,0.3263798321834529,0.25980762043734473,0.9999999999999998
143.4,0.4505673448932406,0.2440220310198371,0.3054106240869224,0.2598076204368578,0.9999999999999998
143.5,0.4549214376179627,0.259801557225538,0.28527700515649934,0.2598076204363707,0.9999999999999998
143.6,0.4556369972131772,0.2777815273398392,0.2665814754469837,0.2598076204358836,0.9999999999999998
143.70000000000002,0.4526926105044046,0.2974238894100923,0.24988350008550303,0.25980762043539657,0.9999999999999998
143.8,0.44617638848449764,0.31814084427983097,0.2356827672356714,0.25980762043490957,0.9999999999999998
143.9,0.43628332958557803,0.33931243552256357,0.22440423489185846,0.25980762043442246,0.9999999999999998
144,0.4233094843363473,0.3603051016842795,0.21638541397937328,0.2598076204339354,0.9999999999999998
144.1,0.40764309602783594,0.38049063565742436,0.21186626831473976,0.25980762043344835,0.9999999999999998
144.20000000000002,0.38975298250383383,0.3992649838256555,0.21098203367051072,0.25980762043296135,0.9999999999999998
144.3,0.3701745067517931,0.4160663224135633,0.21375917083464363,0.2598076204324742,0.9999999999999998
144.4,0.34949355612532157,0.4303918701052396,0.2201145737694388,0.25980762043198696,0.9999999999999998
144.5,0.3283290096212342,0.441812933812822,0.22985805656594394,0.25980762043149996,0.9999999999999998
144.6,0.30731421787920954,0.44998773734926256,0.2426980447715279,0.2598076204310128,0.9999999999999998
144.70000000000002,0.2870780501164507,0.4546716491063302,0.2582503007772191,0.25980762043052563,0.9999999999999998
144.8,0.2682260751692479,0.4557245026738124,0.2760494221569398,0.25980762043003847,0.9999999999999998
144.9,0.25132243980018676,0.4531147913298414,0.2955627688699718,0.25980762042955136,0.9999999999999998
145,0.23687298656401523,0.44692061088190577,0.316206402554079,0.25980762042906413,0.9999999999999998
145.1,0.22531011643129725,0.43732732264396046,0.3373625609247422,0.25980762042857714,0.9999999999999998
145.20000000000002,0.21697984915697638,0.4246220064852202,0.3583981443578035,0.2598076204280901,0.9999999999999998
145.3,0.21213146861328633,0.40918486994356557,0.37868366144314813,0.25980762042760314,0.9999999999999998
145.4,0.21091006295120066,0.3914778704864892,0.39761206656231024,0.259807620427116,0.9999999999999998
145.5,0.2133521828266451,0.37203089139927253,0.41461692577408243,0.259807620426629,0.9999999999999998
145.6,0.21938474761938193,0.35142588498797755,0.42918936739264046,0.25980762042614197,0.9999999999999998
145.70000000000002,0.22882723237604544,0.330279457613091,0.44089331001086357,0.25980762042565486,0.9999999999999998
145.8,0.24139707003289576,0.3092244176979932,0.44937851226911113,0.25980762042516775,0.9999999999999998
145.9,0.2567181072563704,0.2888908388894814,0.4543910538541482,0.25980762042468075,0.9999999999999998
146,0.2743318608597711,0.269887205056688,0.455780934083541,0.2598076204241937,0.9999999999999998
146.1,0.2937112379469729,0.25278220136571167,0.4535065606873155,0.2598076204237066,0.9999999999999998
146.20000000000002,0.3142763092068285,0.23808769633341922,0.44763599445975233,0.25980762042321953,0.9999999999999998
146.3,0.3354116633412497,0.22624342412373205,0.4383449125350182,0.25980762042273237,0.9999999999999998
146.4,0.3564848232944067,0.21760382546982798,0.42591135123576535,0.2598076204222454,0.9999999999999998
146.5,0.3768651731760055,0.21242744100864874,0.4107073858153458,0.2598076204217584,0.9999999999999998
146.6,0.39594282948904763,0.210869174432971,0.39318799607798127,0.25980762042127137,0.9999999999999998
146.70000000000002,0.4131468919391677,0.21297565698679594,0.3738774510740364,0.2598076204207844,0.9999999999999998
146.8,0.4279625276687103,0.21868385202187934,0.35335362030941037,0.2598076204202975,0.9999999999999998
146.9,0.43994637766856426,0.22782294137415354,0.33223068095728225,0.2598076204198103,0.9999999999999998
147,0.4487398243297245,0.2401194371100837,0.31114073856019175,0.2598076204193233,0.9999999999999998
147.1,0.45407972310210654,0.2552053656735684,0.2907149112243252,0.25980762041883626,0.9999999999999998
147.20000000000002,0.4558062771149212,0.27262927952217225,0.27156444336290664,0.2598076204183492,0.9999999999999998
147.3,0.4538678191100038,0.29186976672865445,0.25426241416134177,0.2598076204178621,0.9999999999999998
147.4,0.44832235758838485,0.312351054271953,0.23932658813966207,0.2598076204173752,0.9999999999999998
147.5,0.4393358409015506,0.3334602380879742,0.2272039210104752,0.2598076204168881,0.9999999999999998
147.6,0.4271771912345924,0.35456562426962657,0.2182571844957811,0.2598076204164011,0.9999999999999998
147.70000000000002,0.4122102570896713,0.37503563255431394,0.21275411035601485,0.25980762041591415,0.9999999999999998
147.8,0.39488292509233236,0.39425769641060865,0.21085937849705907,0.25980762041542693,0.9999999999999998
147.9,0.37571371695068223,0.4116565941375947,0.21262968891172315,0.25980762041493993,0.9999999999999998
148,0.355276272654428,0.4267116624173602,0.21801206492821185,0.25980762041445277,0.9999999999999998
148.1,0.33418218425521123,0.4389723772037915,0.22684543854099729,0.2598076204139659,0.9999999999999998
148.20000000000002,0.31306269392864466,0.44807183568840353,0.23886547038295183,0.2598076204134788,0.9999999999999998
148.3,0.29254980400491776,0.4537377358943701,0.2537124601007122,0.2598076204129917,0.9999999999999998
148.4,0.273257364251719,0.4558005253335796,0.2709421104147015,0.2598076204125045,0.9999999999999998
148.5,0.2557627023739516,0.4541984748775433,0.2900388227485051,0.2598076204120174,0.9999999999999998
148.6,0.24058934743891375,0.4489795260061894,0.31043112655489674,0.25980762041153016,0.9999999999999998
148.70000000000002,0.2281913632297397,0.4402998561554845,0.3315087806147757,0.25980762041104316,0.9999999999999998
148.8,0.2189397603526738,0.4284192050959614,0.3526410345513648,0.2598076204105561,0.9999999999999998
148.9,0.21311139371688428,0.41369310220062727,0.3731955040824885,0.259807620410069,0.9999999999999998
149,0.21088067763056634,0.39656222720184187,0.3925570951675919,0.25980762040958205,0.9999999999999998
149.1,0.21231436643970375,0.3775392228173124,0.4101464107429838,0.25980762040909505,0.9999999999999998
149.20000000000002,0.21736955689926465,0.35719335387836165,0.4254370892223738,0.25980762040860805,0.9999999999999998
149.3,0.22589497205602335,0.3361334720372036,0.4379715559067731,0.25980762040812094,0.9999999999999998
149.4,0.2376354882227193,0.31498979583563874,0.447374715941642,0.25980762040763383,0.9999999999999998
149.5,0.2522397695735112,0.29439505136797794,0.4533651790585108,0.2598076204071466,0.9999999999999998
149.6,0.269270781894886,0.27496553790526934,0.45576368019984465,0.2598076204066596,0.9999999999999998
149.70000000000002,0.2882188708672391,0.2572826850934423,0.45449844403931866,0.25980762040617256,0.9999999999999998
149.8,0.30851701350856925,0.2418756536275953,0.4496073328638355,0.2598076204056853,0.9999999999999998
149.9,0.3295577863796942,0.22920550007855303,0.4412367135417528,0.2598076204051983,0.9999999999999998
150,0.35071154277617306,0.21965137974044502,0.4296370774833819,0.25980762040471117,0.9999999999999998
150.1,0.37134525495310694,0.21349920038012457,0.4151555446667685,0.259807620404224,0.9999999999999998
150.20000000000002,0.3908414575278283,0.21093306642582693,0.39822547604634473,0.259807620403737,0.9999999999999998
150.3,0.4086167251777346,0.21202976962836315,0.37935350519390226,0.2598076204032499,0.9999999999999998
150.4,0.4241391316867747,0.2167564910622239,0.35910437725100147,0.2598076204027628,0.9999999999999998
150.5,0.4369441678773127,0.22497178323438494,0.3380840488883024,0.25980762040227573,0.9999999999999998
150.6,0.44664864208206756,0.23642980291113264,0.3169215550067998,0.2598076204017885,0.9999999999999998
150.70000000000002,0.45296214718346295,0.2507876679952505,0.29625018482128657,0.25980762040130145,0.9999999999999998
150.8,0.45569575106837595,0.2676157182984658,0.27668853063315824,0.25980762040081434,0.9999999999999998
150.9,0.45476765043577605,0.2864103731547721,0.25882197640945187,0.2598076204003273,0.9999999999999998
151,0.4502056187666362,0.3066092011095853,0.24318518012377852,0.2598076203998402,0.9999999999999998
151.1,0.44214617520043364,0.3276077507231571,0.23024607407640932,0.2598076203993532,0.9999999999999998
151.20000000000002,0.43083049918967325,0.3487776388251918,0.22039186198513502,0.2598076203988659,0.9999999999999998
151.3,0.41659721318670334,0.36948535492829293,0.2139174318850037,0.25980762039837885,0.9999999999999998
151.4,0.39987224934146054,0.3891112190767582,0.21101653158178124,0.2598076203978917,0.9999999999999998
151.5,0.3811561034499738,0.4070679258156772,0.211775970734349,0.2598076203974047,0.9999999999999998
151.6,0.36100885758017354,0.4228181193506671,0.21617302306915942,0.2598076203969176,0.9999999999999998
151.70000000000002,0.3400334195740501,0.43589047396027564,0.22407610646567433,0.25980762039643046,0.9999999999999998
151.8,0.31885748098531475,0.445893798453505,0.2352487205611803,0.2598076203959435,0.9999999999999998
151.9,0.2981147333626318,0.4525287425955075,0.24935652404186068,0.2598076203954564,0.9999999999999998
152,0.27842590498255165,0.4555967551857895,0.26597733983165894,0.2598076203949693,0.9999999999999998
152.1,0.26038018550933284,0.45500602571775994,0.28461378877290716,0.2598076203944822,0.9999999999999998
152.20000000000002,0.2445175944501007,0.4507742318150179,0.3047081737348814,0.2598076203939951,0.9999999999999998
152.3,0.23131282103064058,0.4430280102271415,0.32565916874221795,0.25980762039350797,0.9999999999999998
152.4,0.22116101908475555,0.43199916721546927,0.34683981369977523,0.25980762039302085,0.9999999999999998
152.5,0.21436598204618715,0.4180177417333637,0.36761627622044923,0.2598076203925337,0.9999999999999998
152.6,0.21113105190735207,0.40150212898580656,0.3873668191068414,0.2598076203920467,0.9999999999999998
152.70000000000002,0.21155303419498658,0.38294655992154514,0.40550040588346836,0.25980762039155963,0.9999999999999998
152.8,0.2156193010575066,0.3629063113349259,0.42147438760756756,0.2598076203910726,0.9999999999999998
152.9,0.22320816915441324,0.3419810891662241,0.43481074167936273,0.2598076203905855,0.9999999999999998
153,0.2340925410393731,0.32079708225645487,0.44511037670417203,0.2598076203900985,0.9999999999999998
153.1,0.24794670106831368,0.299988223599394,0.45206507533229223,0.2598076203896115,0.9999999999999998
153.20000000000002,0.26435606246447335,0.2801772198492485,0.45546671768627817,0.25980762038912447,0.9999999999999998
153.3,0.28282957385875496,0.2619569167773792,0.45521350936386584,0.2598076203886372,0.9999999999999998
153.4,0.3028144140387336,0.24587255831817997,0.4513130276430865,0.2598076203881501,0.9999999999999998
153.5,0.3237125351648532,0.2324054701034942,0.44388199473165263,0.259807620387663,0.9999999999999998
153.6,0.34489855939682856,0.22195865575702348,0.43314278484614804,0.2598076203871759,0.9999999999999998
153.70000000000002,0.3657384933723653,0.2148447369806979,0.41941676964693686,0.2598076203866889,0.9999999999999998
153.8,0.385608700506023,0.21127659832682572,0.40311470116715115,0.25980762038620187,0.9999999999999998
153.9,0.4039145633607539,0.21136101661191814,0.384724420027328,0.2598076203857147,0.9999999999999998
154,0.4201082776192521,0.21509546561245563,0.36479625676829225,0.25980762038522753,0.9999999999999998
154.1,0.4337052451691879,0.22236819166231708,0.34392656316849496,0.2598076203847406,0.9999999999999998
154.20000000000002,0.4442985757380223,0.23296155788961098,0.32273986637236685,0.2598076203842537,0.9999999999999998
154.3,0.45157126311489454,0.2465585570163709,0.3018701798687346,0.2598076203837668,0.9999999999999998
154.4,0.4553056715852308,0.26275229782509807,0.28194203058967116,0.2598076203832797,0.9999999999999998
154.5,0.4553900486958063,0.28105818140892735,0.26355176989526646,0.2598076203827926,0.9999999999999998
154.6,0.4518218694552797,0.3009284028302192,0.24724972771450113,0.25980762038230565,0.9999999999999998
154.70000000000002,0.44470791189474757,0.32176834422435785,0.23352374388089459,0.2598076203818186,0.9999999999999998
154.8,0.4342610617271642,0.34295436878389585,0.22278456948893996,0.2598076203813314,0.9999999999999998
154.9,0.4207939417264331,0.36385248313673635,0.21535357513683065,0.2598076203808442,0.9999999999999998
155,0.4047095564674768,0.3838373096452892,0.211453133887234,0.25980762038035715,0.9999999999999998
155.1,0.38648923238414123,0.40231080087912613,0.2111999667367326,0.25980762037987015,0.9999999999999998
155.20000000000002,0.36667821403960393,0.41872013622913845,0.21460164973125767,0.2598076203793832,0.9999999999999998
155.3,0.34586934764197375,0.4325742651056792,0.2215563872523471,0.2598076203788962,0.9999999999999998
155.4,0.32468534007709987,0.4434586016642453,0.23185605825865485,0.2598076203784091,0.9999999999999998
155.5,0.30376012435836275,0.4510474313179327,0.24519244432370463,0.2598076203779221,0.9999999999999998
155.6,0.2837198891337573,0.45511365777084983,0.26116645309539294,0.259807620377435,0.9999999999999998
155.70000000000002,0.2651643399436908,0.4555355988917851,0.2793000611645242,0.2598076203769479,0.9999999999999998
155.8,0.24864875298775974,0.4523006280610982,0.2990506189511421,0.2598076203764606,0.9999999999999998
155.9,0.23466735844287787,0.44550555202325937,0.31982708953386285,0.2598076203759735,0.9999999999999998
156,0.22363855058820747,0.43535371393776723,0.34100773547402524,0.2598076203754865,0.9999999999999998
156.1,0.21589236732501205,0.4221489083198679,0.36195872435512016,0.2598076203749995,0.9999999999999998
156.20000000000002,0.2116606137677355,0.40628628996692645,0.38205309626533807,0.2598076203745125,0.9999999999999998
156.3,0.21106992545858821,0.3882405489215129,0.40068952561989896,0.2598076203740255,0.9999999999999998
156.4,0.21413797878945912,0.36855170533631615,0.4173103158742248,0.2598076203735384,0.9999999999999998
156.5,0.22077296203456484,0.34780894933061923,0.43141808863481584,0.25980762037305144,0.9999999999999998
156.6,0.23077632282322252,0.32663300943184054,0.4425906677449368,0.25980762037256444,0.9999999999999998
156.70000000000002,0.24384870983441712,0.30565757722784825,0.45049371293773466,0.25980762037207744,0.9999999999999998
156.8,0.259598930907509,0.2855103440987207,0.4548907249937703,0.25980762037159044,0.9999999999999998
156.9,0.27755565949694805,0.26679421750517424,0.4556501229978778,0.2598076203711033,0.9999999999999998
157,0.2971815391544585,0.2500692789376339,0.45274918190790764,0.259807620370616,0.9999999999999998
157.1,0.3178892639610101,0.23583602343567497,0.44627471260331497,0.2598076203701289,0.9999999999999998
157.20000000000002,0.33905915370044337,0.22452038223646856,0.43642046406308815,0.2598076203696419,0.9999999999999998
157.3,0.3600576978363616,0.21646097675060136,0.423481325413037,0.25980762036915483,0.9999999999999998
157.4,0.380256513362392,0.21189898529099613,0.40784450134661177,0.25980762036866784,0.9999999999999998
157.5,0.3990511492107267,0.2109709257938302,0.389977924995443,0.2598076203681807,0.9999999999999998
157.6,0.4158791744956093,0.2137045705090681,0.3704162549953226,0.2598076203676938,0.9999999999999998
157.70000000000002,0.43023700929972536,0.22001811491380166,0.34974487578647306,0.2598076203672068,0.9999999999999998
157.8,0.4416949943409535,0.22972262571872643,0.32858237994031997,0.25980762036671984,0.9999999999999998
157.9,0.449910248558571,0.24252769471097904,0.30756205673045,0.2598076203662327,0.9999999999999998
158,0.45463692985468185,0.25805012924166276,0.2873129409036555,0.25980762036574556,0.9999999999999998
158.1,0.45573359193741364,0.2758254192945734,0.2684409887680129,0.2598076203652584,0.9999999999999998
158.20000000000002,0.45316741711179803,0.295321637983233,0.25151094490496906,0.25980762036477134,0.9999999999999998
158.3,0.44701519835175,0.3159553595028179,0.2370294421454321,0.25980762036428445,0.9999999999999998
158.4,0.4374610412645711,0.33710911819107453,0.22542984054435428,0.2598076203637974,0.9999999999999998
158.5,0.4247908547168576,0.358149886234521,0.2170592590486213,0.25980762036331023,0.9999999999999998
158.6,0.4093837949902488,0.37844801707318826,0.21216818793656286,0.25980762036282323,0.9999999999999998
158.70000000000002,0.39170091950129354,0.39739608762109746,0.21090299287760905,0.2598076203623361,0.9999999999999998
158.8,0.37227138962372014,0.4144270754476124,0.21330153492866746,0.259807620361849,0.9999999999999998
158.9,0.351676635494685,0.4290313269661553,0.21929203753915966,0.2598076203613618,0.9999999999999998
159,0.33053295667436006,0.4407718088559654,0.22869523446967463,0.2598076203608748,0.9999999999999998
159.1,0.30947307933542434,0.4492971863169623,0.24122973434761336,0.2598076203603876,0.9999999999999998
159.20000000000002,0.2891272218849462,0.4543523367899592,0.25652044132509466,0.25980762035990035,0.9999999999999998
159.3,0.27010423563133856,0.455785984518358,0.27410977985030355,0.25980762035941335,0.9999999999999998
159.4,0.2529733848633427,0.4535552274864982,0.29347138765015907,0.2598076203589263,0.9999999999999998
159.5,0.23824731157354184,0.44772682126568913,0.31402586716076913,0.2598076203584392,0.9999999999999998
159.6,0.22636669460832803,0.43847518134873703,0.33515812404293494,0.25980762035795196,0.9999999999999998
159.70000000000002,0.21768706232041113,0.4260771637532564,0.35623577392633254,0.259807620357465,0.9999999999999998
159.8,0.21246815335622984,0.410903780084601,0.37662806655916914,0.25980762035697774,0.9999999999999998
159.9,0.21086614395749884,0.3934090949857804,0.39572476105672083,0.25980762035649085,0.9999999999999998
160,0.21292897437547614,0.37411663821899965,0.41295438740552415,0.25980762035600385,0.9999999999999998
160.1,0.21859491425535318,0.35360373799830613,0.42780134774634065,0.25980762035551674,0.9999999999999998
160.20000000000002,0.22769440992174722,0.3324842443995326,0.4398213456787202,0.25980762035502963,0.9999999999999998
160.3,0.23995515828513952,0.31139015985079177,0.4486546818640687,0.2598076203545426,0.9999999999999998
160.4,0.2550102555322299,0.29095272641246817,0.454037018055302,0.25980762035405547,0.9999999999999998
160.5,0.2724091767500358,0.27178353581127146,0.4558072874386927,0.2598076203535684,0.9999999999999998
160.6,0.29163125791766537,0.25445622751199803,0.4539125145703366,0.25980762035308125,0.9999999999999998
160.70000000000002,0.3121012768161481,0.23948932251357202,0.44840940067027996,0.25980762035259414,0.9999999999999998
160.8,0.33320666659643045,0.22733070656930834,0.4394626268342613,0.2598076203521071,0.9999999999999998
160.9,0.3543158468882248,0.21834422717219126,0.427339925939584,0.2598076203516201,0.9999999999999998
161,0.3747971238899046,0.21279880539138998,0.4124040707187055,0.25980762035113303,0.9999999999999998
161.1,0.39403759385284204,0.2108603883891172,0.3951020177580408,0.2598076203506461,0.9999999999999998
161.20000000000002,0.4114614842720009,0.21258698343936902,0.3759515322886301,0.25980762035015914,0.9999999999999998
161.3,0.4265473839212837,0.21792692205590508,0.3555256940228111,0.25980762034967203,0.9999999999999998
161.4,0.4388438461235342,0.2267204061755705,0.3344357477008953,0.2598076203491849,0.9999999999999998
161.5,0.44798289832617094,0.23870429012730726,0.3133128115465218,0.25980762034869787,0.9999999999999998
161.6,0.4536910537073896,0.25351995528607496,0.29278899100653544,0.2598076203482108,0.9999999999999998
161.70000000000002,0.45579749528979363,0.2707240417620712,0.2734784629481352,0.25980762034772376,0.9999999999999998
161.8,0.45423918765123894,0.28980171597864857,0.25595909637011255,0.25980762034723665,0.9999999999999998
161.9,0.44906276326456374,0.31018207710566476,0.24075515962977156,0.25980762034674953,0.9999999999999998
162,0.44042312701734465,0.331255241309594,0.22832163167306124,0.25980762034626254,0.9999999999999998
162.1,0.42857882067153125,0.35239059257293504,0.21903058675553363,0.2598076203457757,0.9999999999999998
162.20000000000002,0.4138842859818502,0.37295565392577706,0.21316006009237287,0.2598076203452886,0.9999999999999998
162.3,0.39677925799974195,0.39233501436650653,0.21088572763375155,0.2598076203448014,0.9999999999999998
162.4,0.37777560596900356,0.40994874508213425,0.21227564894886217,0.25980762034431426,0.9999999999999998
162.5,0.35744201560032096,0.42526975386146887,0.21728823053821023,0.2598076203438273,0.9999999999999998
162.6,0.33638697110877275,0.43783955836902383,0.22577347052220342,0.25980762034334015,0.9999999999999998
162.70000000000002,0.31524054627811027,0.447282006263254,0.23747744745863586,0.25980762034285315,0.9999999999999998
162.8,0.29463554945557585,0.45331453158355506,0.2520499189608692,0.2598076203423661,0.9999999999999998
162.9,0.27518858671470536,0.4557566105578032,0.2690548027274916,0.259807620341879,0.9999999999999998
163,0.2574816098723844,0.45453516378975906,0.2879832263378566,0.259807620341392,0.9999999999999998
163.1,0.24204450153713122,0.44968674316547486,0.308268755297394,0.25980762034090493,0.9999999999999998
163.20000000000002,0.2293392183323409,0.4413564380353653,0.32930434363229394,0.2598076203404177,0.9999999999999998
163.3,0.21974596680972286,0.42979353340452686,0.35046049978575033,0.2598076203399306,0.9999999999999998
163.4,0.21355182573975834,0.4153440500602847,0.371104124199957,0.25980762033944355,0.9999999999999998
163.5,0.21094215525798743,0.3984403898742092,0.39061745486780336,0.25980762033895644,0.9999999999999998
163.6,0.21199504994906712,0.3795883961437156,0.40841655390721726,0.2598076203384693,0.9999999999999998
163.70000000000002,0.21667900186047556,0.35935221619349367,0.4239687819460308,0.25980762033798227,0.9999999999999998
163.8,0.22485384338035197,0.3383374192245525,0.4368087373950956,0.25980762033749505,0.9999999999999998
163.9,0.23627494176378244,0.3171728746105142,0.44655218362570326,0.2598076203370079,0.9999999999999998
164,0.2506005197860192,0.2964919329344966,0.45290754727948423,0.25980762033652083,0.9999999999999998
164.1,0.26740188345153504,0.2769134729254656,0.45568464362299943,0.2598076203360335,0.9999999999999998
164.20000000000002,0.28617625069395575,0.2590233814659077,0.45480036784013667,0.25980762033554644,0.9999999999999998
164.3,0.3063617971670627,0.24335702088298025,0.45028118194995714,0.2598076203350593,0.9999999999999998
164.4,0.3273544688804424,0.23038320819076458,0.4422623229287931,0.2598076203345721,0.9999999999999998
164.5,0.3485260585604029,0.2204901857059983,0.4309837557335988,0.2598076203340851,0.9999999999999998
164.6,0.3692430047997008,0.21397400286766252,0.4167829923326367,0.25980762033359805,0.9999999999999998
164.70000000000002,0.38888535143011665,0.21102965693534156,0.4000849916345418,0.25980762033311106,0.9999999999999998
164.8,0.4068652997572327,0.21174525768162256,0.38138944256114476,0.2598076203326239,0.9999999999999998
164.9,0.4226447984803982,0.21609939070054995,0.3612558108190518,0.2598076203321368,0.9999999999999998
165,0.43575164491820956,0.22396175823532888,0.34028659684646156,0.2598076203316497,0.9999999999999998
165.1,0.4457936157091256,0.23509707834845853,0.3191093059424158,0.2598076203311626,0.9999999999999998
165.20000000000002,0.45247020412494554,0.24917212575133857,0.29835767012371583,0.25980762033067567,0.9999999999999998
165.3,0.4555816127571618,0.2657657035959947,0.27865268364684354,0.2598076203301886,0.9999999999999998
165.4,0.45503473246937737,0.28438124782230795,0.26058401970831474,0.2598076203297014,0.9999999999999998
165.5,0.45084592869518764,0.30446168687471475,0.24469238443009766,0.2598076203292144,0.9999999999999998
165.6,0.44314055170135297,0.3254061121102401,0.23145333618840694,0.2598076203287272,0.9999999999999998
165.70000000000002,0.43214918547167563,0.3465877600346558,0.22126305449366854,0.25980762032824023,0.9999999999999998
165.8,0.4182007474640092,0.3673727682469995,0.21442648428899133,0.25980762032775306,0.9999999999999998
165.9,0.40171264573069165,0.3871391438194093,0.21114821044989915,0.2598076203272661,0.9999999999999998
166,0.38317828795130815,0.4052953764820863,0.21152633556660555,0.259807620326779,0.9999999999999998
166.1,0.36315231617091615,0.42129813961243173,0.21554954421665204,0.2598076203262919,0.9999999999999998
166.20000000000002,0.34223400909529517,0.43466854932493115,0.22309744157977374,0.2598076203258049,0.9999999999999998
166.3,0.3210493486307816,0.4450064951073032,0.23394415626191514,0.2598076203253178,0.9999999999999998
166.4,0.30023228732882623,0.4520026131575547,0.2477650995136191,0.25980762032483073,0.9999999999999998
166.5,0.28040577730839894,0.45544754411893,0.2641466785726711,0.2598076203243437,0.9999999999999998
166.6,0.26216312836716044,0.4552381981743463,0.2825986734584933,0.25980762032385657,0.9999999999999998
166.70000000000002,0.24605025314131962,0.45138084001689205,0.30256890684178833,0.25980762032336935,0.9999999999999998
166.8,0.23254933062909788,0.44399090137841685,0.32345976799248527,0.2598076203228821,0.9999999999999998
166.9,0.22206437694808534,0.4332895267263077,0.344646096325607,0.2598076203223951,0.9999999999999998
167,0.2149091551226554,0.4195969554987349,0.36549388937860966,0.25980762032190813,0.9999999999999998
167.1,0.21129778570195515,0.4033229389154738,0.385379275382571,0.25980762032142113,0.9999999999999998
167.20000000000002,0.21133833918643155,0.3849544781419563,0.4037071826716122,0.25980762032093396,0.9999999999999998
167.3,0.2150296020100097,0.3650412507429111,0.4199291472470792,0.259807620320447,0.9999999999999998
167.4,0.22226111285614944,0.34417916154006006,0.4335597256037904,0.25980762031996013,0.9999999999999998
167.5,0.23281646822101823,0.3229925101156857,0.4441910216632961,0.259807620319473,0.9999999999999998
167.6,0.24637979830455523,0.3021153086008616,0.4515048930945831,0.2598076203189859,0.9999999999999998
167.70000000000002,0.2625452194379023,0.28217230881493377,0.4552824717471639,0.25980762031849874,0.9999999999999998
167.8,0.2808289801826017,0.2637603065205223,0.455410713296876,0.25980762031801163,0.9999999999999998
167.9,0.3006839376286323,0.2474302822656171,0.45188578010575065,0.25980762031752447,0.9999999999999998
168,0.3215159306869813,0.23367091324940234,0.4448131560636164,0.2598076203170373,0.9999999999999998
168.1,0.34270156040474503,0.22289394962046186,0.4344044899747932,0.25980762031655025,0.9999999999999998
168.20000000000002,0.3636068452254966,0.21542189282273677,0.42097126195176676,0.2598076203160631,0.9999999999999998
168.3,0.3836061929348563,0.2114783447156558,0.4049154623494879,0.25980762031557597,0.9999999999999998
168.4,0.40210112155437383,0.21118131627174114,0.38671756217388503,0.25980762031508875,0.9999999999999998
168.5,0.418538168959568,0.21453969608941512,0.36692213495101694,0.2598076203146017,0.9999999999999998
168.6,0.4324254552754645,0.22145298440102693,0.3461215603235086,0.2598076203141148,0.9999999999999998
168.70000000000002,0.4433474024187035,0.23171430053592937,0.32493829704536714,0.25980762031362786,0.9999999999999998
168.8,0.450977170302817,0.24501657384004644,0.30400625585713664,0.25980762031314075,0.9999999999999998
168.9,0.455086437552301,0.2609617327882009,0.28395182965949817,0.2598076203126537,0.9999999999999998
169,0.4555522340368822,0.27907261730432775,0.26537514865879,0.2598076203121667,0.9999999999999998
169.1,0.4523606207618781,0.29880725781249673,0.24883212142562525,0.25980762031167975,0.9999999999999998
169.20000000000002,0.44560710699365647,0.31957509371707393,0.23481779928926969,0.25980762031119264,0.9999999999999998
169.3,0.43549379213768424,0.3407546459727885,0.2237515618895273,0.2598076203107054,0.9999999999999998
169.4,0.4223233178986782,0.3617121148917202,0.21596456720960164,0.2598076203102183,0.9999999999999998
169.5,0.40648981170491816,0.381820346646442,0.21168984164863988,0.25980762030973126,0.9999999999999998
169.6,0.38846709241542965,0.4004776008952886,0.2110553066892818,0.25980762030924415,0.9999999999999998
169.70000000000002,0.368794491255131,0.4171255579071604,0.21407995083770867,0.2598076203087571,0.9999999999999998
169.8,0.34806071228752333,0.4312660263213028,0.22067326139117396,0.25980762030827,0.9999999999999998
169.9,0.3268862154014876,0.44247585156109864,0.23063793303741373,0.259807620307783,0.9999999999999998
170,0.30590464900262765,0.450419578766474,0.24367577223089837,0.2598076203072959,0.9999999999999998
170.1,0.28574388803726286,0.4548594913057158,0.2593966206570214,0.2598076203068088,0.9999999999999998
170.20000000000002,0.2670072447876222,0.45566272446348427,0.27733003074889356,0.2598076203063217,0.9999999999999998
170.3,0.25025541470660173,0.4528052414273726,0.29693934386602566,0.2598076203058346,0.9999999999999998
170.4,0.2359896975643319,0.4463725525913186,0.31763774984434945,0.25980762030534754,0.9999999999999998
170.5,0.22463699601500223,0.4365571566506595,0.33880584733433833,0.25980762030486043,0.9999999999999998
170.6,0.21653704050295303,0.4236527800642525,0.35981017943279436,0.2598076203043735,0.9999999999999998
170.70000000000002,0.21193222280367874,0.40804558726818924,0.3800221899281321,0.2598076203038865,0.9999999999999998
170.8,0.21096034243178677,0.3902026246761147,0.3988370328920986,0.2598076203033995,0.9999999999999998
170.9,0.21365048298020078,0.37065784428031096,0.4156916727394883,0.25980762030291255,0.9999999999999998
171,0.21992214179146402,0.34999612509832606,0.43008173311021,0.25980762030242543,0.9999999999999998
171.1,0.22958763900579449,0.3288357706245581,0.44157659036964747,0.2598076203019384,0.9999999999999998
171.20000000000002,0.24235773389494988,0.3078100060518645,0.4498322600531856,0.2598076203014512,0.9999999999999998
171.3,0.25785028041268887,0.2875480289602281,0.45460169062708317,0.2598076203009639,0.9999999999999998
171.4,0.2756016629438334,0.26865618053203916,0.4557421565241274,0.25980762030047677,0.9999999999999998
171.5,0.2950806700362858,0.2516998007467893,0.4532195292169249,0.25980762029998955,0.9999999999999998
171.6,0.31570439094352787,0.23718631053983213,0.44710929851664,0.25980762029950233,0.9999999999999998
171.70000000000002,0.33685565927237987,0.22555002719287992,0.4375943135347403,0.2598076202990153,0.9999999999999998
171.8,0.35790152173355155,0.2171391673568116,0.4249593109096369,0.2598076202985281,0.9999999999999998
171.9,0.3782121793162418,0.21220542664230918,0.40958239404144914,0.25980762029804094,0.9999999999999998
172,0.39717983407071816,0.21089644760985216,0.3919237183194297,0.25980762029755394,0.9999999999999998
172.1,0.41423687750749605,0.2132514015550356,0.37251172093746837,0.25980762029706683,0.9999999999999998
172.20000000000002,0.42887287632390847,0.21919981630461466,0.3519273073714769,0.2598076202965798,0.9999999999999998
172.3,0.4406498471589274,0.2285636851015692,0.3307864677395035,0.25980762029609267,0.9999999999999998
172.4,0.4492153632780538,0.24106279347064324,0.30972184325130303,0.25980762029560556,0.9999999999999998
172.5,0.45431310096974903,0.2563231046575097,0.2893637943727413,0.2598076202951184,0.9999999999999998
172.6,0.4557905100517052,0.27388795270666483,0.27032153724163,0.25980762029463134,0.9999999999999998
172.70000000000002,0.453603378946478,0.29323170822435835,0.2531649128291636,0.2598076202941441,0.9999999999999998
172.8,0.44781715771625435,0.31377550787757896,0.23840733440616674,0.259807620293657,0.9999999999999998
172.9,0.4386049994648367,0.3349045769226607,0.22649042361250268,0.2598076202931697,0.9999999999999998
173,0.42624257871804067,0.35598662638554285,0.21777079489641651,0.2598076202926827,0.9999999999999998
173.1,0.4110998418428567,0.3763907743566869,0.21250938380045642,0.2598076202921954,0.9999999999999998
173.20000000000002,0.39362993637470345,0.39550642517948204,0.21086363844581452,0.2598076202917083,0.9999999999999998
173.3,0.3743556505434823,0.41276154157101186,0.2128828078855059,0.2598076202912214,0.9999999999999998
173.4,0.3538537687966324,0.4276397628805995,0.21850646832276813,0.25980762029073434,0.9999999999999998
173.5,0.33273781148133164,0.4396958572209625,0.22756633129770598,0.25980762029024723,0.9999999999999998
173.6,0.3116396752021446,0.44856904506579365,0.23979127973206169,0.25980762028976034,0.9999999999999998
173.70000000000002,0.2911907232677931,0.4539937956041135,0.2548154811280934,0.2598076202892735,0.9999999999999998
173.8,0.2720028920968436,0.4558077727696802,0.2721893351334762,0.2598076202887863,0.9999999999999998
173.9,0.25465037897453846,0.4539566931599338,0.2913929278655277,0.2598076202882991,0.9999999999999998
174,0.23965245915601951,0.4484959504708834,0.3118515903730971,0.259807620287812,0.9999999999999998
174.1,0.2274579465154163,0.4395889578366038,0.33295309564797987,0.2598076202873249,0.9999999999999998
174.20000000000002,0.21843176275704054,0.42750225767895633,0.35406597956400315,0.25980762028683785,0.9999999999999998
174.3,0.21284401710604622,0.4125975454056457,0.37455843748830814,0.25980762028635085,0.9999999999999998
174.4,0.21086192326963255,0.3953208456480478,0.3938172310823197,0.25980762028586385,0.9999999999999998
174.5,0.21254479555432929,0.37618916494070187,0.4112660395049689,0.25980762028537674,0.9999999999999998
174.6,0.21784227388093072,0.3557750202620322,0.42638270585703714,0.25980762028488963,0.9999999999999998
174.70000000000002,0.2265958308136391,0.3346893064208787,0.43871486276548227,0.25980762028440246,0.9999999999999998
174.8,0.23854351550545738,0.31356301498357664,0.44789346951096604,0.2598076202839154,0.9999999999999998
174.9,0.2533277925969101,0.29302835180406384,0.45364385559902626,0.25980762028342835,0.9999999999999998
175,0.2705062414884605,0.2736998182163394,0.45579394029520015,0.25980762028294124,0.9999999999999998
175.1,0.2895647958100964,0.2561558220360088,0.45427938215389474,0.2598076202824541,0.9999999999999998
175.20000000000002,0.3099331268959641,0.2409213686630704,0.4491455044409655,0.2598076202819669,0.9999999999999998
175.3,0.3310017109124203,0.2284523502559897,0.44054593883158993,0.2598076202814799,0.9999999999999998
175.4,0.35214006890441696,0.2191219031247051,0.428738027970878,0.25980762028099275,0.9999999999999998
175.5,0.3727156339254628,0.21320924159859872,0.4140751244759384,0.25980762028050586,0.9999999999999998
175.6,0.3921126806508868,0.21089130251677388,0.3969960168323394,0.2598076202800189,0.9999999999999998
175.70000000000002,0.40975075100430486,0.21223745037988895,0.37801179861580614,0.25980762027953186,0.9999999999999998
175.8,0.42510202440904155,0.21720740161227992,0.35769057397867854,0.25980762027904486,0.9999999999999998
175.9,0.4377071128584279,0.22565243005097987,0.3366404570905923,0.25980762027855786,0.9999999999999998
176,0.4471888081363159,0.23731981758728837,0.31549137427639573,0.2598076202780707,0.9999999999999998
176.1,0.4532633698012053,0.25186041677510684,0.2948762134236879,0.2598076202775836,0.9999999999999998
176.20000000000002,0.45574901614021124,0.26883909909441994,0.275411884765369,0.2598076202770964,0.9999999999999998
176.3,0.45457136400044007,0.28774777620485487,0.25768085979470506,0.2598076202766093,0.9999999999999998
176.4,0.4497656547104122,0.30802060452733104,0.2422137407622568,0.25980762027612225,0.9999999999999998
176.5,0.44147569948066484,0.3290509181555541,0.22947338236378095,0.25980762027563514,0.9999999999999998
176.6,0.4299495758425035,0.3502093833787106,0.21984104077878588,0.25980762027514803,0.9999999999999998
176.70000000000002,0.41553220390929185,0.3708628315399104,0.21360496455079778,0.25980762027466103,0.9999999999999998
176.8,0.3986550246162197,0.39039320665567817,0.2109517687281022,0.2598076202741739,0.9999999999999998
176.9,0.3798230888179953,0.40821606078756073,0.21196085039444398,0.2598076202736868,0.9999999999999998
177,0.35959994360418274,0.42379804369046853,0.21660201270534885,0.25980762027319965,0.9999999999999998
177.1,0.33859076811032746,0.43667286335871613,0.22473636853095644,0.2598076202727127,0.9999999999999998
177.20000000000002,0.3174242634869886,0.4464552398492242,0.2361204966637873,0.25980762027222565,0.9999999999999998
177.3,0.29673383897070915,0.4528524348126789,0.25041372621661195,0.25980762027173854,0.9999999999999998
177.4,0.2771386570651602,0.4556730117105658,0.26718833122427404,0.25980762027125137,0.9999999999999998
177.5,0.2592251050568344,0.4548325645679255,0.28594233037524014,0.2598076202707644,0.9999999999999998
177.6,0.24352924733156855,0.4503562438284772,0.3061145088399543,0.25980762027027726,0.9999999999999998
177.70000000000002,0.23052078360763817,0.44237800372570624,0.3271012126666556,0.25980762026979015,0.9999999999999998
177.8,0.220588993136501,0.4311365936923911,0.34827441317110797,0.2598076202693031,0.9999999999999998
177.9,0.21403108549203437,0.41696841376594124,0.3690005007420244,0.2598076202688161,0.9999999999999998
178,0.21104330655177211,0.40029744779207593,0.3886592456561519,0.25980762026832904,0.9999999999999998
178.1,0.21171506582431762,0.38162257567647817,0.4066623584992043,0.2598076202678421,0.9999999999999998
178.20000000000002,0.21602626086310134,0.3615026443662428,0.42247109477065586,0.2598076202673552,0.9999999999999998
178.3,0.22384787883360097,0.3405397443131188,0.43561237685328014,0.2598076202668681,0.9999999999999998
178.4,0.23494585723207956,0.31936119187163514,0.44569295089628536,0.2598076202663809,0.9999999999999998
178.5,0.24898808822354504,0.2986007568101952,0.45241115496625983,0.2598076202658939,0.9999999999999998
178.6,0.26555435699359303,0.2788796967032793,0.4555659463031277,0.2598076202654066,0.9999999999999998
178.70000000000002,0.28414891670820824,0.26078816575198627,0.4550629175398055,0.25980762026491955,0.9999999999999998
178.8,0.3042153237749117,0.24486755437535473,0.45091712184973365,0.2598076202644323,0.9999999999999998
178.9,0.32515308945895144,0.23159428806151497,0.4432526224795336,0.2598076202639452,0.9999999999999998
179,0.3463356495536766,0.22136557029926554,0.43229878014705786,0.25980762026345816,0.9999999999999998
179.1,0.3671291143613599,0.2144874962339149,0.4183833894047252,0.2598076202629711,0.9999999999999998
179.20000000000002,0.38691123788989035,0.21116589274712702,0.40192286936298266,0.2598076202624839,0.9999999999999998
179.3,0.4050900386107025,0.21150015907206862,0.38340980231722893,0.2598076202619968,0.9999999999999998
179.4,0.42112151455036695,0.21548029226391058,0.36339819318572253,0.25980762026150955,0.9999999999999998
179.5,0.43452592259039935,0.2229871865387016,0.34248689087089906,0.25980762026102244,0.9999999999999998
179.6,0.4449021348160201,0.2337961975228763,0.32130166766110363,0.25980762026053533,0.9999999999999998
179.70000000000002,0.45193964229905487,0.2475838647529637,0.30047649294798146,0.2598076202600483,0.9999999999999998
179.8,0.4554278471008714,0.26393759125418914,0.28063456164493944,0.25980762025956117,0.9999999999999998
179.9,0.45526236443146983,0.2823679905358543,0.2623696450326759,0.2598076202590741,0.9999999999999998
180,0.45144814637214276,0.3023235315187339,0.24622832210912338,0.259807620258587,0.9999999999999998
180.1,0.44409933368407134,0.32320704314394016,0.23269362317198847,0.2598076202580998,0.9999999999999998
180.20000000000002,0.43343584013749586,0.3443935847615968,0.22217057510090735,0.25980762025761256,0.9999999999999998
180.3,0.4197767715756658,0.3652491475266044,0.2149740808977299,0.2598076202571255,0.9999999999999998
180.4,0.4035308766485741,0.3851496271608266,0.21131949619059917,0.25980762025663845,0.9999999999999998
180.5,0.3851843149789854,0.4034995003203685,0.21131618470064614,0.25980762025615145,0.9999999999999998
180.6,0.3652861087993025,0.41974964567625556,0.21496424552444193,0.2598076202556644,0.9999999999999998
180.70000000000002,0.3444317134201327,0.43341377641134093,0.2221545101685264,0.2598076202551773,0.9999999999999998
180.8,0.3232451981855084,0.4440829923897384,0.23267180942475324,0.25980762025468995,0.9999999999999998
180.9,0.3023605711510149,0.4514380165240215,0.24620141232496368,0.25980762025420295,0.9999999999999998
181,0.2824028063452303,0.4552587491659823,0.2623384444887874,0.25980762025371595,0.9999999999999998
181.1,0.2639691413751004,0.45543085460509325,0.28060000401980634,0.25980762025322895,0.9999999999999998
181.20000000000002,0.24761120504580883,0.45194918257320926,0.3004396123809819,0.25980762025274173,0.9999999999999998
181.3,0.23381850982745664,0.44491792236672784,0.3212635678058156,0.2598076202522547,0.9999999999999998
181.4,0.22300380315772333,0.434547484974088,0.34244871186818876,0.25980762025176757,0.9999999999999998
181.5,0.2154907159438733,0.4211482065111784,0.36336107754494823,0.25980762025128046,0.9999999999999998
181.6,0.21150407788361172,0.4051210613898201,0.3833748607265682,0.25980762025079346,0.9999999999999998
181.70000000000002,0.21116318941953777,0.38694566312845335,0.401891147452009,0.2598076202503063,0.9999999999999998
181.8,0.2144782516644626,0.36716591188166764,0.41835583645386976,0.2598076202498193,0.9999999999999998
181.9,0.22135006113234557,0.3463737181873293,0.4322762206803252,0.259807620249332,0.9999999999999998
182,0.231572978410045,0.32519128999939256,0.44323573159056245,0.25980762024884474,0.9999999999999998
182.1,0.24484108193216333,0.30425251306826473,0.450906404999572,0.2598076202483576,0.9999999999999998
182.20000000000002,0.2607573227068097,0.2841839818622374,0.455058695430953,0.2598076202478704,0.9999999999999998
182.3,0.2788454060364274,0.26558624868108194,0.4555683452824906,0.25980762024738335,0.9999999999999998
182.4,0.2985640446723008,0.24901585208348828,0.4524201032442109,0.2598076202468962,0.9999999999999998
182.5,0.31932315687602325,0.23496866242900313,0.44570818069497364,0.2598076202464091,0.9999999999999998
182.6,0.3405015246597253,0.22386504292037285,0.43563343241990193,0.2598076202459222,0.9999999999999998
182.70000000000002,0.3614653837809005,0.21603727020320992,0.4224973460158896,0.25980762024543513,0.9999999999999998
182.8,0.3815873891848408,0.21171959096248077,0.4066930198526783,0.2598076202449482,0.9999999999999998
182.9,0.4002653883523965,0.2110412120729102,0.38869339957469334,0.2598076202444611,0.9999999999999998
183,0.4169404407592211,0.21402243407357563,0.36903712516720333,0.25980762024397386,0.9999999999999998
183.1,0.4311135442128363,0.22057404367275507,0.3483124121144086,0.2598076202434867,0.9999999999999998
183.20000000000002,0.44236056753062397,0.23049998346236583,0.32713944900701014,0.25980762024299947,0.9999999999999998
183.3,0.45034494269723946,0.24350321895058935,0.3061518383521713,0.25980762024251236,0.9999999999999998
183.4,0.4548277366876845,0.2591946273412913,0.28597763597102416,0.25980762024202547,0.9999999999999998
183.5,0.45567480155597945,0.2771046420628483,0.26722055638117226,0.25980762024153825,0.9999999999999998
183.6,0.4528607888224965,0.2966973045829801,0.25044190659452337,0.25980762024105114,0.9999999999999998
183.70000000000002,0.4464699080291105,0.3173863030079812,0.23614378896290816,0.25980762024056403,0.9999999999999998
183.8,0.4366934067623501,0.33855251751006277,0.22475407572758715,0.2598076202400769,0.9999999999999998
183.9,0.42382384755504215,0.35956254753458117,0.21661360491037673,0.2598076202395898,0.9999999999999998
184,0.4082463529306003,0.3797876663590867,0.21196598071031308,0.2598076202391029,0.9999999999999998
184.1,0.3904270805826591,0.3986226357875939,0.2109502836297471,0.25980762023861576,0.9999999999999998
184.20000000000002,0.37089927357117014,0.4155038179489381,0.21359690847989185,0.2598076202381287,0.9999999999999998
184.3,0.35024730298388435,0.4299260422022946,0.21982665481382108,0.2598076202376418,0.9999999999999998
184.4,0.32908918058777314,0.4414577224064497,0.2294530970057772,0.25980762023715476,0.9999999999999998
184.5,0.3080580647806029,0.449753772167409,0.24218816305198812,0.25980762023666754,0.9999999999999998
184.6,0.2877833132784489,0.45456593157458947,0.2576507551469617,0.2598076202361804,0.9999999999999998
184.70000000000002,0.2688716495388934,0.4557501963972413,0.2753781540638653,0.2598076202356936,0.9999999999999998
184.8,0.25188900651610496,0.4532711274218409,0.29483986606205415,0.25980762023520665,0.9999999999999998
184.9,0.23734359107478825,0.4472029109732103,0.3154534979520015,0.2598076202347195,0.9999999999999998
185,0.22567067586168527,0.4377271388831888,0.3366021852551259,0.25980762023423254,0.9999999999999998
185.1,0.2172195737390141,0.4251273743414606,0.3576530519195253,0.2598076202337453,0.9999999999999998
185.20000000000002,0.21224318457089786,0.4097806662458601,0.377976149183242,0.25980762023325826,0.9999999999999998
185.3,0.2108904271759856,0.3921462659858573,0.39696330683815717,0.2598076202327712,0.9999999999999998
185.4,0.21320178292064837,0.3727518843103224,0.41404633276902925,0.2598076202322842,0.9999999999999998
185.5,0.21910808431105816,0.3521778995438328,0.42871401614510907,0.25980762023179715,0.9999999999999998
185.6,0.22843258483562282,0.33103998972183035,0.44052742544254686,0.25980762023131015,0.9999999999999998
185.70000000000002,0.240896248117587,0.3099707083792872,0.4491330435031259,0.25980762023082304,0.9999999999999998
185.8,0.2561260980995107,0.28960055533878404,0.45427334656170537,0.259807620230336,0.9999999999999998
185.9,0.27366638037973,0.2705391089560855,0.4557945106641844,0.25980762022984893,0.9999999999999998
186,0.2929922006969704,0.2533567844421776,0.453651014860852,0.25980762022936205,0.9999999999999998
186.1,0.31352523243043784,0.23856776414534567,0.4479070034242165,0.259807620228875,0.9999999999999998
186.20000000000002,0.3346510230672715,0.22661461060588306,0.4387343663268454,0.259807620228388,0.9999999999999998
186.3,0.3557373817400231,0.21785502283891836,0.4264075954210586,0.2598076202279008,0.9999999999999998
186.4,0.3761532975857259,0.21255113216459043,0.4112955702496837,0.2598076202274137,0.9999999999999998
186.5,0.39528782279324143,0.21086165790865657,0.393850519298102,0.25980762022692655,0.9999999999999998
186.6,0.41256835526227625,0.2128371577147791,0.3745944870229447,0.25980762022643944,0.9999999999999998
186.70000000000002,0.42747777376413043,0.21841851460325137,0.3541037116326182,0.2598076202259524,0.9999999999999998
186.8,0.43956991283320557,0.22743870605104505,0.3329913811157494,0.25980762022546533,0.9999999999999998
186.9,0.4484829143019875,0.23962780215332424,0.31188928354468837,0.2598076202249783,0.9999999999999998
187,0.45395005593381715,0.25462104329607016,0.2914289007701128,0.2598076202244911,0.9999999999999998
187.1,0.455807733105804,0.27196975561485687,0.2722225112793392,0.25980762022400383,0.9999999999999998
187.20000000000002,0.4540003546894221,0.2911547775938567,0.2548448677167211,0.2598076202235168,0.9999999999999998
187.3,0.44858200661919523,0.3116019960130954,0.23981599736770942,0.2598076202230297,0.9999999999999998
187.4,0.4397148333670538,0.3326995263295689,0.22758564030337722,0.2598076202225426,0.9999999999999998
187.5,0.4276641857568657,0.3538160233680326,0.21851979087510176,0.2598076202220556,0.9999999999999998
187.6,0.41279068032115196,0.3743195743726678,0.21288974530618038,0.2598076202215684,0.9999999999999998
187.70000000000002,0.39553940782433566,0.3935966090436394,0.21086398313202498,0.2598076202210813,0.9999999999999998
187.8,0.37642661388827225,0.4110702606742841,0.21250312543744362,0.25980762022059434,0.9999999999999998
187.9,0.35602425030334056,0.42621762893052273,0.2177581207661367,0.25980762022010734,0.9999999999999998
188,0.3349428593282676,0.43858542768253095,0.22647171298920146,0.2598076202196203,0.9999999999999998
188.1,0.31381330316729766,0.4478035496261315,0.23838314720657092,0.2598076202191331,0.9999999999999998
188.20000000000002,0.29326788537146886,0.4535961417715983,0.25313597285693296,0.25980762021864595,0.9999999999999998
188.3,0.2739214291074792,0.45578986036503905,0.2702887105274819,0.25980762021815884,0.9999999999999998
188.4,0.25635287852836397,0.45431905821321605,0.28932806325842,0.25980762021767184,0.9999999999999998
188.5,0.2410879738263448,0.4492277491807215,0.3096842769929337,0.2598076202171847,0.9999999999999998
188.6,0.22858351841819136,0.44066829107178185,0.3307481905100269,0.25980762021669757,0.9999999999999998
188.70000000000002,0.21921370906875368,0.42889682631155196,0.3518894646196944,0.25980762021621046,0.9999999999999998
188.8,0.21325893802474127,0.41426561686485325,0.3724754451104056,0.25980762021572334,0.9999999999999998
188.9,0.21089740225573506,0.3972125027704859,0.3918900949737791,0.2598076202152363,0.9999999999999998
189,0.21219977089652367,0.37824779974526723,0.4095524293582092,0.2598076202147492,0.9999999999999998
189.1,0.2171270704679506,0.35793902794797494,0.42493390158407446,0.2598076202142623,0.9999999999999998
189.20000000000002,0.22553185116119887,0.3368939288960799,0.43757421994272133,0.25980762021377524,0.9999999999999998
189.3,0.23716259928436562,0.31574227875530636,0.447095121960328,0.25980762021328835,0.9999999999999998
189.4,0.2516712638285355,0.2951170422406937,0.4532116939307708,0.25980762021280124,0.9999999999999998
189.5,0.2686236719202966,0.27563543110007943,0.455740896979624,0.25980762021231407,0.9999999999999998
189.6,0.2875125214775041,0.25788043400630706,0.4546070445161889,0.2598076202118271,0.9999999999999998
189.70000000000002,0.30777256226209304,0.24238337057751702,0.44984406716039,0.2598076202113401,0.9999999999999998
189.8,0.3287975110357982,0.22960799159777012,0.44159449736643175,0.25980762021085313,0.9999999999999998
189.9,0.34995819463147937,0.21993660124009268,0.43010520412842784,0.25980762021036596,0.9999999999999998
190,0.3706213780072827,0.21365861658545893,0.4157200054072585,0.2598076202098789,0.9999999999999998
190.1,0.39016871385270635,0.21096190679496113,0.3988693793523326,0.2598076202093919,0.9999999999999998
190.20000000000002,0.4080152466781915,0.21192717111109066,0.38005758221071795,0.25980762020890485,0.9999999999999998
190.3,0.4236269176519687,0.2165255239268608,0.3598475584211706,0.2598076202084178,0.9999999999999998
190.4,0.4365365463506075,0.22461935918976042,0.3388440944596321,0.2598076202079306,0.9999999999999998
190.5,0.44635781116818657,0.23596646827318435,0.3176757205586291,0.2598076202074435,0.9999999999999998
190.6,0.45279681001929106,0.25022728808773026,0.29697590189297873,0.25980762020695625,0.9999999999999998
190.70000000000002,0.4556608553809367,0.26697506253208736,0.2773640820869759,0.2598076202064689,0.9999999999999998
190.8,0.4548642404811299,0.28570861320133933,0.2594271463175308,0.25980762020598175,0.9999999999999998
190.9,0.4504308040804394,0.30586733718827724,0.24370185873128347,0.2598076202054946,0.9999999999999998
191,0.4424932170953004,0.3268479831673957,0.23065879973730397,0.25980762020500753,0.9999999999999998
191.1,0.4312890124109007,0.34802270373600125,0.220688283853098,0.2598076202045206,0.9999999999999998
191.20000000000002,0.41715347669179637,0.36875784379477333,0.21408867951343033,0.2598076202040337,0.9999999999999998
191.3,0.4005096169033563,0.38843290272408154,0.21105748037256228,0.25980762020354664,0.9999999999999998
191.4,0.3818555017966337,0.4064591029115131,0.21168539529185315,0.25980762020305953,0.9999999999999998
191.5,0.36174935716367823,0.4222970089660325,0.21595363387028926,0.25980762020257253,0.9999999999999998
191.6,0.34079286088888844,0.43547267036246945,0.22373446874864214,0.2598076202020854,0.9999999999999998
191.70000000000002,0.31961313769324673,0.4455918044464909,0.23479505786026245,0.2598076202015985,0.9999999999999998
191.8,0.29884399238006254,0.4523515953725688,0.24880441224736874,0.25980762020111137,0.9999999999999998
191.9,0.27910694317875206,0.4555497558908432,0.26534330093040476,0.2598076202006243,0.9999999999999998
192,0.260992622765262,0.45509058080822784,0.2839167964265103,0.2598076202001372,0.9999999999999998
192.1,0.24504310353499423,0.45098781097348273,0.3039690854915231,0.25980762019965,0.9999999999999998
192.20000000000002,0.2317356760457648,0.44336422208128534,0.3249001018729498,0.25980762019916287,0.9999999999999998
192.3,0.22146856606210513,0.4324479506003692,0.3460834833375256,0.2598076201986758,0.9999999999999998
192.4,0.21454901761942544,0.41856566677260565,0.36688531560796894,0.2598076201981888,0.9999999999999998
192.5,0.2111840987232384,0.4021327989815429,0.3866831022952187,0.25980762019770165,0.9999999999999998
192.6,0.21147450482358193,0.38364110202690654,0.40488439314951147,0.2598076201972146,0.9999999999999998
192.70000000000002,0.21541154549613384,0.3636439413253775,0.42094451317848863,0.25980762019672754,0.9999999999999998
192.8,0.22287740450381094,0.342739733409042,0.4343828620871471,0.2598076201962405,0.9999999999999998
192.9,0.23364866545649024,0.32155403826583884,0.4447972962776709,0.2598076201957533,0.9999999999999998
193,0.2474029975632214,0.30072083941005584,0.4518761630267228,0.2598076201952664,0.9999999999999998
193.1,0.2637288014052935,0.28086357187817024,0.45540762671653634,0.25980762019477927,0.9999999999999998
193.20000000000002,0.28213752607967496,0.2625764658886775,0.4552860080316476,0.25980762019429215,0.9999999999999998
193.3,0.3020782891213875,0.24640676445828597,0.4515149464203266,0.25980762019380504,0.9999999999999998
193.4,0.3229543617025396,0.23283834711364548,0.44420729118381497,0.25980762019331793,0.9999999999999998
193.5,0.3441410257872056,0.22227724976026275,0.4335817244525316,0.2598076201928308,0.9999999999999998
193.6,0.36500426886545184,0.2150395140276112,0.41995621710693704,0.25980762019234366,0.9999999999999998
193.70000000000002,0.3849197568251927,0.21134172969969284,0.40373851347511447,0.2598076201918567,0.9999999999999998
193.8,0.4032915171972677,0.211294553249527,0.38541392955320525,0.2598076201913698,0.9999999999999998
193.9,0.4195697736762276,0.2148993964359056,0.3655308298878668,0.25980762019088266,0.9999999999999998
194,0.4332673982174618,0.2220483840564055,0.3446842177261327,0.25980762019039566,0.9999999999999998
194.1,0.44397448838042575,0.23252758212090358,0.3234979294986707,0.25980762018990855,0.9999999999999998
194.20000000000002,0.4513706336898823,0.24602339984225802,0.30260596646785975,0.2598076201894214,0.9999999999999998
194.3,0.455234503943376,0.2621319738641066,0.28263352219251736,0.25980762018893433,0.9999999999999998
194.4,0.4554504725341225,0.28037125390206186,0.26417827356381557,0.25980762018844716,0.9999999999999998
194.5,0.45201207658587816,0.30019542813458416,0.24779249527953773,0.25980762018796,0.9999999999999998
194.6,0.4450222103549953,0.32101125666263103,0.2339665329823737,0.25980762018747294,0.9999999999999998
194.70000000000002,0.4346900461120923,0.3421958242580792,0.22311412962982863,0.2598076201869859,0.9999999999999998
194.8,0.4213247746461847,0.3631151811485912,0.21556004420522415,0.25980762018649883,0.9999999999999998
194.9,0.40532635270716055,0.38314331401204593,0.2115303332807936,0.2598076201860117,0.9999999999999998
195,0.38717353427007706,0.40168087947209996,0.21114558625782306,0.2598076201855248,0.9999999999999998
195.1,0.36740954378659035,0.4181731394936249,0.21441731671978478,0.25980762018503767,0.9999999999999998
195.20000000000002,0.34662582015254456,0.4321265619599665,0.22124761788748898,0.25980762018455067,0.9999999999999998
195.3,0.325444317854705,0.44312358965850823,0.2314320924867868,0.25980762018406345,0.9999999999999998
195.4,0.3044988949361485,0.45083513571154,0.2446659693523116,0.2598076201835764,0.9999999999999998
195.5,0.28441634474683847,0.4550304315257264,0.26055322372743517,0.2598076201830892,0.9999999999999998
195.6,0.2657976391056712,0.4555839325595507,0.2786184283347781,0.2598076201826021,0.9999999999999998
195.70000000000002,0.2491999441737737,0.45247907525312375,0.29832098057310263,0.259807620182115,0.9999999999999998
195.8,0.23511994721539162,0.44580877269395447,0.3190712800906539,0.259807620181628,0.9999999999999998
195.9,0.22397899319429837,0.4357726341858453,0.3402483726198564,0.2598076201811411,0.9999999999999998
196,0.21611047599418878,0.4226709919255211,0.3612185320802901,0.2598076201806541,0.9999999999999998
196.1,0.21174986158173398,0.40689591353914345,0.38135422487912257,0.25980762018016706,0.9999999999999998
196.20000000000002,0.2110276416698889,0.38891946942922473,0.40005288890088636,0.25980762017968007,0.9999999999999998
196.3,0.21396542874360702,0.369279606032468,0.416754965223925,0.259807620179193,0.9999999999999998
196.4,0.22047530930460926,0.348564047732348,0.43096064296304276,0.2598076201787059,0.9999999999999998
196.5,0.23036247468940643,0.3273927091629061,0.44224481614768757,0.2598076201782189,0.9999999999999998
196.6,0.2433310507331487,0.3063991442168855,0.45026980504996583,0.25980762017773185,0.9999999999999998
196.70000000000002,0.25899295182617466,0.28621158689802834,0.45479546127579706,0.25980762017724485,0.9999999999999998
196.8,0.27687949440495396,0.2674341513714494,0.4556863542235967,0.2598076201767576,0.9999999999999998
196.9,0.2964554223428378,0.2506287538019879,0.45291582385517437,0.25980762017627057,0.9999999999999998
197,0.3171349245297477,0.2362982969708793,0.44656677849937304,0.2598076201757834,0.9999999999999998
197.1,0.3382991653135313,0.22487162087235135,0.4368292138141174,0.2598076201752964,0.9999999999999998
197.20000000000002,0.3593148032032129,0.2166906696446712,0.42399452715211594,0.25980762017480935,0.9999999999999998
197.3,0.3795529436605573,0.21200025886619106,0.4084467974732516,0.2598076201743223,0.9999999999999998
197.4,0.39840795881624136,0.21094074943082605,0.3906512917529326,0.2598076201738352,0.9999999999999998
197.5,0.41531561092921254,0.2135438472377889,0.3711405418329986,0.2598076201733482,0.9999999999999998
197.6,0.4297699372433606,0.21973165439018152,0.35049840836645785,0.25980762017286113,0.9999999999999998
197.70000000000002,0.44133839096089794,0.2293190002953955,0.3293426087437066,0.25980762017237397,0.9999999999999998
197.8,0.4496747852376873,0.24201898290896842,0.3083062318533443,0.2598076201718869,0.9999999999999998
197.9,0.45452965285048674,0.2574515542997581,0.2880187928497552,0.25980762017139986,0.9999999999999998
198,0.45575771152229394,0.27515489361275375,0.2690873948649523,0.2598076201709128,0.9999999999999998
198.1,0.45332221150536856,0.2945992270927597,0.25207856140187174,0.2598076201704257,0.9999999999999998
198.20000000000002,0.44729603532018636,0.3152026816037078,0.23750128307610585,0.2598076201699385,0.9999999999999998
198.3,0.43785951674055346,0.3363486972258456,0.22579178603360095,0.2598076201694515,0.9999999999999998
198.4,0.425295044291915,0.35740447785752466,0.21730047785056036,0.2598076201689644,0.9999999999999998
198.5,0.4099786107535758,0.37773992768594833,0.21228146156047592,0.25980762016847736,0.9999999999999998
198.6,0.39236856154661165,0.39674650685157337,0.21088493160181498,0.2598076201679903,0.9999999999999998
198.70000000000002,0.3729918787128066,0.41385544204899544,0.21315267923819795,0.2598076201675033,0.9999999999999998
198.8,0.35242841093757316,0.42855474711072283,0.21901684195170412,0.2598076201670163,0.9999999999999998
198.9,0.33129352153460195,0.4404045442315936,0.22830193423380438,0.2598076201665292,0.9999999999999998
199,0.3102196736525997,0.44905022734504885,0.24073009900235143,0.25980762016604203,0.9999999999999998
199.1,0.2898375037681824,0.4542330737362391,0.25592942249557854,0.2598076201655549,0.9999999999999998
199.20000000000002,0.2707569498420691,0.4557979863386478,0.2734450638192831,0.2598076201650677,0.9999999999999998
199.3,0.2535489988799137,0.4536981350254262,0.29275286609466006,0.2598076201645806,0.9999999999999998
199.4,0.2387286001033855,0.4479963580044465,0.313275041892168,0.2598076201640935,0.9999999999999998
199.5,0.22673925505613343,0.4388632813802237,0.33439746356364286,0.25980762016360637,0.9999999999999998
199.6,0.21793974578686776,0.4265722131549551,0.3554880410581773,0.25980762016311937,0.9999999999999998
199.70000000000002,0.21259339826967444,0.41149096446607897,0.3759156372642465,0.25980762016263237,0.9999999999999998
199.8,0.21086020235451458,0.3940708428104325,0.39506895483505305,0.25980762016214537,0.9999999999999998
199.9,0.21279202405897785,0.374833146633598,0.4123748293074242,0.2598076201616585,0.9999999999999998
200,0.21833105347382228,0.3543535654348664,0.42731538109131134,0.25980762016117126,0.9999999999999998
200.1,0.22731153472883836,0.33324495221584244,0.43944351305531915,0.25980762016068437,0.9999999999999998
200.20000000000002,0.23946472624968432,0.3121389838084596,0.4483962899418561,0.2598076201601973,0.9999999999999998
200.3,0.25442694286963036,0.2916672578984626,0.453905799231907,0.2598076201597101,0.9999999999999998
200.4,0.2717504391354196,0.27244239241734525,0.45580716844723523,0.25980762015922293,0.9999999999999998
200.5,0.29091680812349935,0.25503969290485623,0.4540434989716445,0.2598076201587359,0.9999999999999998
200.6,0.3113524948060459,0.23997993644762336,0.4486675687463308,0.2598076201582487,0.9999999999999998
200.70000000000002,0.33244595972813956,0.22771378738582226,0.4398402528860382,0.25980762015776176,0.9999999999999998
200.8,0.35356597937176715,0.21860831114903562,0.4278257094791971,0.2598076201572746,0.9999999999999998
200.9,0.3740805355668867,0.21293598979577422,0.41298347463733914,0.25980762015678766,0.9999999999999998
201,0.39337572868251314,0.21086656796746345,0.39575770335002336,0.25980762015630066,0.9999999999999998
201.1,0.41087414861916655,0.2124619732673329,0.3766638781135006,0.2598076201558136,0.9999999999999998
201.20000000000002,0.4260521538493549,0.21767446307225036,0.35627338307839473,0.2598076201553265,0.9999999999999998
201.3,0.43845554142951326,0.22634805323429638,0.3351964053361904,0.25980762015483944,0.9999999999999998
201.4,0.4477131390571158,0.23822318591807667,0.3140636750248076,0.2598076201543523,0.9999999999999998
201.5,0.45354791242963544,0.2529444968883915,0.2935075906819732,0.25980762015386527,0.9999999999999998
201.6,0.45578525551680005,0.27007144981159625,0.27414329467160364,0.2598076201533781,0.9999999999999998
201.70000000000002,0.4543582156591293,0.28909151933838934,0.2565502650024813,0.2598076201528909,0.9999999999999998
201.8,0.4493094971312845,0.30943552846328576,0.24125497440542976,0.2598076201524038,0.9999999999999998
201.9,0.4407901832134497,0.3304946811891463,0.22871513559740408,0.2598076201519168,0.9999999999999998
202,0.4290552150128536,0.35163878079300026,0.2193060041941462,0.25980762015142983,0.9999999999999998
202.1,0.4144557623320362,0.37223508851019166,0.21330914915777216,0.25980762015094266,0.9999999999999998
202.20000000000002,0.3974287148862,0.3916672582893131,0.210904026824487,0.25980762015045566,0.9999999999999998
202.3,0.37848360834575207,0.40935378099396746,0.21216261066028053,0.2598076201499686,0.9999999999999998
202.4,0.3581873764431953,0.4247653861072386,0.21704723744956622,0.25980762014948144,0.9999999999999998
202.5,0.3371473854387112,0.4374408801915598,0.22541173436972908,0.2598076201489944,0.9999999999999998
202.6,0.3159932586393228,0.44700094813688335,0.23700579322379386,0.25980762014850733,0.9999999999999998
202.70000000000002,0.2953580348742639,0.4531595041937646,0.2514824609319716,0.25980762014802034,0.9999999999999998
202.8,0.27585922476058966,0.4557322531108457,0.2684085221285646,0.2598076201475332,0.9999999999999998
202.9,0.2580803316517013,0.45464220518405907,0.2872774631642397,0.25980762014704606,0.9999999999999998
203,0.24255339025578168,0.44992198017928847,0.30752462956492993,0.259807620146559,0.9999999999999998
203.1,0.22974304545729618,0.44171283118343085,0.32854412335927297,0.25980762014607184,0.9999999999999998
203.20000000000002,0.22003264778401632,0.43026041759518896,0.3497069346207948,0.25980762014558484,0.9999999999999998
203.3,0.21371278161375806,0.41590745374916066,0.3703797646370814,0.2598076201450977,0.9999999999999998
203.4,0.21097256941510628,0.39908345316370164,0.3899439774211922,0.25980762014461073,0.9999999999999998
203.5,0.21189401224337534,0.38029187531671116,0.40781411243991356,0.2598076201441238,0.9999999999999998
203.6,0.2164495358528857,0.36009505958303895,0.4234554045640753,0.25980762014363673,0.9999999999999998
203.70000000000002,0.22450281585833204,0.3390973971865652,0.4363997869551028,0.2598076201431497,0.9999999999999998
203.8,0.23581285725222667,0.31792724474754724,0.44625989800022603,0.25980762014266257,0.9999999999999998
203.9,0.25004120619855336,0.29721812066368564,0.4527406731377611,0.2598076201421755,0.9999999999999998
204,0.2667620782891653,0.27758974702461225,0.4556481746862225,0.25980762014168834,0.9999999999999998
204.1,0.28547510017409744,0.2596295043819322,0.45489539544397045,0.2598076201412013,0.9999999999999998
204.20000000000002,0.30562028327154933,0.24387485434221307,0.4505048623862375,0.25980762014071423,0.9999999999999998
204.3,0.32659478146814813,0.230797255988145,0.44260796254370693,0.25980762014022724,0.9999999999999998
204.4,0.3477709313340526,0.2207880574301718,0.4314410112357756,0.25980762013974007,0.9999999999999998
204.5,0.3685150349981134,0.21414678468496848,0.4173381803169181,0.25980762013925296,0.9999999999999998
204.6,0.38820632360414037,0.2110721783369537,0.400721498058906,0.25980762013876596,0.9999999999999998
204.70000000000002,0.40625553386542906,0.21165624621141246,0.3820882199231585,0.25980762013827896,0.9999999999999998
204.8,0.4221225418127599,0.2158815100334326,0.36199594815380765,0.25980762013779185,0.9999999999999998
204.9,0.4353325260446402,0.2236215284665906,0.34104594548876926,0.259807620137305,0.9999999999999998
205,0.44549017679331465,0.2346446808794177,0.3198651423272677,0.259807620136818,0.9999999999999998
205.1,0.45229152559918023,0.24862109861014814,0.29908737579067174,0.25980762013633085,0.9999999999999998
205.20000000000002,0.4555330415897108,0.26513253631113526,0.27933442209915404,0.25980762013584363,0.9999999999999998
205.3,0.45511772215606505,0.2836848879722129,0.261197389871722,0.25980762013535663,0.9999999999999998
205.4,0.4510579957634221,0.3037229730800664,0.2452190311565115,0.2598076201348694,0.9999999999999998
205.5,0.44347535002822996,0.324647150436684,0.23187749953508605,0.25980762013438236,0.9999999999999998
205.6,0.4325966961921814,0.3458312624671309,0.22157204134068775,0.2598076201338953,0.9999999999999998
205.70000000000002,0.4187475787863069,0.36664137303188693,0.21461104818180604,0.2598076201334083,0.9999999999999998
205.8,0.4023424336864953,0.38645473801331376,0.21120282830019094,0.2598076201329213,0.9999999999999998
205.9,0.3838721860888594,0.4046784409800275,0.21144937293111318,0.25980762013243425,0.9999999999999998
206,0.3638895595364651,0.42076713625552603,0.21534330420800885,0.25980762013194714,0.9999999999999998
206.1,0.342992535625897,0.4342393684284137,0.22276809594568925,0.25980762013146,0.9999999999999998
206.20000000000002,0.3218064593631832,0.4446919799416541,0.23350156069516273,0.25980762013097297,0.9999999999999998
206.3,0.30096532566764145,0.4518121756126674,0.2472224987196912,0.259807620130486,0.9999999999999998
206.4,0.28109280702642314,0.45538688305260144,0.2635203099209754,0.25980762012999886,0.9999999999999998
206.5,0.2627835900486131,0.45530912887353037,0.28190728107785645,0.25980762012951186,0.9999999999999998
206.6,0.24658557942390172,0.4515812398751014,0.3018331807009969,0.2598076201290246,0.9999999999999998
206.70000000000002,0.2329835018336993,0.44431477341488124,0.3227017247514195,0.25980762012853764,0.9999999999999998
206.8,0.2223844004688829,0.4337271790460725,0.34388842048504464,0.2598076201280507,0.9999999999999998
206.9,0.21510545423181515,0.4201352913233439,0.364759254444841,0.25980762012756353,0.9999999999999998
207,0.21136448613393016,0.40394584850504583,0.384689665361024,0.2598076201270765,0.9999999999999998
207.1,0.2112734449257985,0.3856433208803579,0.4030832341938437,0.2598076201265895,0.9999999999999998
207.20000000000002,0.21483505502238018,0.3657754129595906,0.41938953201802925,0.2598076201261025,0.9999999999999998
207.3,0.22194273497470327,0.34493667337568346,0.4331205916496133,0.2598076201256154,0.9999999999999998
207.4,0.2323837869277093,0.3237507029718228,0.44386551010046793,0.25980762012512837,0.9999999999999998
207.5,0.24584576161950067,0.3028514934994926,0.4513027448810068,0.2598076201246412,0.9999999999999998
207.6,0.26192580844891006,0.28286445536781574,0.4552097361832742,0.25980762012415404,0.9999999999999998
207.70000000000002,0.2801427308099209,0.2643877021902083,0.45546956699987073,0.2598076201236668,0.9999999999999998
207.8,0.29995138593615095,0.2479741521896908,0.4520744618741583,0.2598076201231797,0.9999999999999998
207.9,0.3207589983389763,0.23411498207964207,0.4451260195813817,0.25980762012269243,0.9999999999999998
208,0.3419428986584361,0.2232249285638555,0.43483217277770836,0.25980762012220543,0.9999999999999998
208.1,0.3628691570904771,0.21562987730960861,0.4215009655999143,0.25980762012171815,0.9999999999999998
208.20000000000002,0.3829115537838306,0.21155711079465547,0.40553133542151387,0.259807620121231,0.9999999999999998
208.3,0.40147031851597503,0.21112850686205428,0.38740117462197077,0.2598076201207439,0.9999999999999998
208.4,0.4179900788619766,0.21435689151658308,0.36765302962144025,0.259807620120257,0.9999999999999998
208.5,0.4319764797559108,0.22114565510558729,0.346877865138502,0.25980762011977,0.9999999999999998
208.6,0.4430109771032447,0.2312916433700721,0.3256973795266832,0.25980762011928293,0.9999999999999998
208.70000000000002,0.4507633627442212,0.24449123685112362,0.3047454004046553,0.2598076201187958,0.9999999999999998
208.8,0.4550016459577761,0.2603494367249621,0.2846489173172619,0.2598076201183087,0.9999999999999998
208.9,0.45559899580124597,0.2783916851723359,0.26600931902641817,0.25980762011782155,0.9999999999999998
209,0.45253753653582823,0.29807806655681396,0.2493843969073579,0.2598076201173344,0.9999999999999998
209.1,0.44590888255940336,0.3188194644406541,0.2352716529999424,0.2598076201168473,0.9999999999999998
209.20000000000002,0.4359113968388151,0.3399951909383366,0.22409341222284837,0.2598076201163601,0.9999999999999998
209.3,0.4228442548832263,0.36097156084803667,0.21618418426873706,0.259807620115873,0.9999999999999998
209.4,0.40709849189459457,0.3811208547287625,0.21178065337664292,0.2598076201153859,0.9999999999999998
209.5,0.3891453010099587,0.3998401034516521,0.21101459553838925,0.2598076201148988,0.9999999999999998
209.6,0.36952193281151313,0.41656913209632557,0.2139089350921614,0.25980762011441166,0.9999999999999998
209.70000000000002,0.34881561806268735,0.43080732322734316,0.2203770587099695,0.25980762011392455,0.9999999999999998
209.8,0.3276459947835579,0.4421285979084645,0.23022540730797778,0.2598076201134375,0.9999999999999998
209.9,0.3066465655366767,0.45019416614673435,0.24315926831658893,0.2598076201129504,0.9999999999999998
210,0.28644573981542865,0.45476266520840275,0.2587915949761686,0.2598076201124633,0.9999999999999998
210.1,0.2676480288428641,0.4556973824168131,0.2766545887403228,0.2598076201119761,0.9999999999999998
210.20000000000002,0.2508159555280626,0.4529703462894931,0.29621369818244425,0.259807620111489,0.9999999999999998
210.3,0.23645322092593682,0.44666316358686253,0.3168836154872007,0.25980762011100195,0.9999999999999998
210.4,0.2249896309454307,0.43696457722381354,0.3380457918307558,0.2598076201105149,0.9999999999999998
210.5,0.21676823437549492,0.4241648181238428,0.3590669475006623,0.2598076201100278,0.9999999999999998
210.6,0.21203505712437862,0.4086469200369226,0.37931802283869887,0.25980762010954067,0.9999999999999998
210.70000000000002,0.21093173987589434,0.3908752572258377,0.3981930028982679,0.2598076201090536,0.9999999999999998
210.8,0.21349129948134452,0.3713816480315827,0.4151270524870729,0.2598076201085665,0.9999999999999998
210.9,0.21963714092777264,0.35074944016966575,0.4296134189025616,0.2598076201080796,0.9999999999999998
211,0.2291853494494654,0.32959605400602116,0.4412185965445135,0.2598076201075927,0.9999999999999998
211.1,0.2418501941910942,0.308554506206304,0.44959529960260186,0.25980762010710556,0.9999999999999998
211.20000000000002,0.25725267872496715,0.2882544666647481,0.4544928546102848,0.25980762010661845,0.9999999999999998
211.3,0.2749318825475205,0.2693034155854094,0.45576470186707013,0.25980762010613145,0.9999999999999998
211.4,0.2943587541599182,0.25226846459155017,0.4533727812485317,0.25980762010564445,0.9999999999999998
211.5,0.31495194297378853,0.23765938586782787,0.4473886711583836,0.25980762010515746,0.9999999999999998
211.6,0.33609519627113293,0.22591335718948033,0.4379914465393868,0.2598076201046704,0.9999999999999998
211.70000000000002,0.3571558006130794,0.21738187934464998,0.4254623200422707,0.25980762010418335,0.9999999999999998
211.8,0.37750351583694014,0.21232025744696706,0.41017622671609283,0.25980762010369624,0.9999999999999998
211.9,0.39652943504029464,0.21087996091089822,0.39259060404880725,0.2598076201032092,0.9999999999999998
212,0.4136642061656606,0.21310409071817144,0.373231703116168,0.2598076201027222,0.9999999999999998
212.1,0.42839506990346693,0.2189260896176698,0.35267884047886333,0.25980762010223524,0.9999999999999998
212.20000000000002,0.44028120405280585,0.22817173385615716,0.331547062091037,0.25980762010174807,0.9999999999999998
212.3,0.4489669151588195,0.2405643468371464,0.31046873800403413,0.259807620101261,0.9999999999999998
212.4,0.45419228266598216,0.255733078688777,0.2900746386452408,0.259807620100774,0.9999999999999998
212.5,0.45580093706019653,0.2732240039740128,0.27097505896579066,0.2598076201002869,0.9999999999999998
212.6,0.45374473923821695,0.2925137054433515,0.25374155531843157,0.25980762009979974,0.9999999999999998
212.70000000000002,0.44808522107391996,0.3130249373352284,0.23888984159085155,0.2598076200993127,0.9999999999999998
212.8,0.4389917440723686,0.33414389949867535,0.22686435642895603,0.25980762009882563,0.9999999999999998
212.9,0.426736431214085,0.3552386054088217,0.21802496337709332,0.2598076200983387,0.9999999999999998
213,0.411686023654472,0.3756777944109963,0.21263618193453174,0.25980762009785163,0.9999999999999998
213.1,0.39429090596726285,0.3948498222431096,0.2108592717896276,0.2598076200973646,0.9999999999999998
213.20000000000002,0.3750716283524116,0.41218096453601766,0.2127474071115708,0.2598076200968776,0.9999999999999998
213.3,0.3546033291323618,0.4271525855582494,0.21824408530938885,0.25980762009639047,0.9999999999999998
213.4,0.3334985236946609,0.4393166584291244,0.22718481787621478,0.25980762009590336,0.9999999999999998
213.5,0.31238877492310113,0.4483091723567205,0.23930205272017838,0.25980762009541614,0.9999999999999998
213.6,0.29190579363110847,0.4538610256880922,0.2542331806807993,0.25980762009492914,0.9999999999999998
213.70000000000002,0.27266253456832623,0.4558060787963939,0.2715313866352799,0.259807620094442,0.9999999999999998
213.8,0.2552348537038122,0.45408612582165947,0.29067902047452826,0.2598076200939551,0.9999999999999998
213.9,0.24014427569302535,0.44875263648552194,0.3111030878214528,0.2598076200934681,0.9999999999999998
214,0.22784238721344013,0.43996521585593706,0.33219239693062275,0.25980762009298114,0.9999999999999998
214.1,0.218697323199394,0.4279868281535679,0.35331584864703813,0.2598076200924942,0.9999999999999998
214.20000000000002,0.21298275037659797,0.4131759275277807,0.3738413220956214,0.2598076200920071,0.9999999999999998
214.3,0.21086967776486865,0.3959757312893716,0.39315459094575983,0.25980762009151986,0.9999999999999998
214.4,0.21242133922039924,0.3769009565993369,0.4106777041802639,0.2598076200910328,0.9999999999999998
214.5,0.21759130115787664,0.35652241751926966,0.4258862813228538,0.25980762009054564,0.9999999999999998
214.6,0.2262248520790004,0.3354499433578042,0.43832520456319546,0.25980762009005876,0.9999999999999998
214.70000000000002,0.2380636323256605,0.31431412948286963,0.4476222381914699,0.25980762008957164,0.9999999999999998
214.8,0.25275336551206135,0.29374746670806323,0.45349916777987553,0.25980762008908453,0.9999999999999998
214.9,0.2698544602721075,0.2743654139576707,0.4557801257702218,0.25980762008859737,0.9999999999999998
215,0.28885516506396713,0.2567479806122497,0.4543968543237832,0.25980762008811026,0.9999999999999998
215.1,0.30918688237329855,0.24142236968446557,0.44939074794223594,0.25980762008762315,0.9999999999999998
215.20000000000002,0.33024118403646435,0.22884720122944183,0.44091161473409385,0.2598076200871361,0.9999999999999998
215.3,0.3513880184989083,0.21939878810525365,0.429213193395838,0.25980762008664904,0.9999999999999998
215.4,0.3719945651551263,0.21335987478245858,0.4146455600624151,0.25980762008616193,0.9999999999999998
215.5,0.3914441715526934,0.2109111761946337,0.3976446522526729,0.25980762008567476,0.9999999999999998
215.6,0.4091548067630994,0.21212596983045034,0.37871922340645015,0.2598076200851879,0.9999999999999998
215.70000000000002,0.42459647870088696,0.21696790289933698,0.35843561839977617,0.25980762008470093,0.9999999999999998
215.8,0.4373070941765132,0.2252920801914599,0.33740082563202695,0.2598076200842139,0.9999999999999998
215.9,0.44690628706966445,0.23684940007773359,0.316244312852602,0.2598076200837267,0.9999999999999998
216,0.4531068008139013,0.2512940088947324,0.29559919029136633,0.2598076200832396,0.9999999999999998
216.1,0.4557230845709286,0.2681936506414788,0.2760832647875926,0.2598076200827525,0.9999999999999998
216.20000000000002,0.4546768458533319,0.28704260227265543,0.2582805518740127,0.2598076200822655,0.9999999999999998
216.3,0.44999939343312784,0.30727680749862274,0.24272379906824945,0.25980762008177827,0.9999999999999998
216.4,0.44183070042441625,0.3282907562121427,0.22987854336344116,0.25980762008129127,0.9999999999999998
216.5,0.43041521557745344,0.3494556044237002,0.22012917999884632,0.2598076200808044,0.9999999999999998
216.6,0.41609454813148816,0.3701379924649991,0.2137674594035128,0.2598076200803173,0.9999999999999998
216.70000000000002,0.3992972451326847,0.38971899832448403,0.2109837565428313,0.25980762007983044,0.9999999999999998
216.8,0.3805259671316616,0.4076126589349028,0.21186137393343557,0.2598076200793435,0.9999999999999998
216.9,0.3603424460288574,0.4232835051619912,0.21637404880915143,0.25980762007885644,0.9999999999999998
217,0.3393506752053274,0.43626258575843035,0.22438673903624226,0.2598076200783693,0.9999999999999998
217.1,0.3181788349755675,0.44616150076505406,0.2356596642593785,0.2598076200778821,0.9999999999999998
217.20000000000002,0.29746049424454246,0.4526840244087233,0.24985548134673427,0.25980762007739494,0.9999999999999998
217.3,0.2778156509107412,0.4556349696807791,0.2665493794084798,0.25980762007690783,0.9999999999999998
217.4,0.25983217838261724,0.45492602932289844,0.28524179229448443,0.2598076200764208,0.9999999999999998
217.5,0.24404823342280058,0.45057841842841484,0.30537334814878464,0.25980762007593367,0.9999999999999998
217.6,0.23093615176665974,0.44272223957906076,0.3263416086542795,0.2598076200754467,0.9999999999999998
217.70000000000002,0.22088831344003657,0.43159258951546187,0.34751909704450157,0.2598076200749595,0.9999999999999998
217.8,0.2142054007575775,0.41752252384956157,0.368272075392861,0.2598076200744725,0.9999999999999998
217.9,0.21108740038194299,0.40093309035048197,0.387979509267575,0.25980762007398545,0.9999999999999998
218,0.21162761870794566,0.3823207290584901,0.40605165223356426,0.2598076200734984,0.9999999999999998
218.1,0.21580988966169554,0.3622424162796016,0.4219476940587028,0.2598076200730114,0.9999999999999998
218.20000000000002,0.22350905847157326,0.34129899702789707,0.4351919445005297,0.25980762007252456,0.9999999999999998
218.3,0.23449472693414677,0.3201172046934635,0.44538806837238976,0.25980762007203745,0.9999999999999998
218.4,0.2484381480976698,0.2993309059987438,0.45223094590358637,0.25980762007155017,0.9999999999999998
218.5,0.2649220640392413,0.2795621324893817,0.455515803471377,0.2598076200710631,0.9999999999999998
218.6,0.28345319233940747,0.261402466193619,0.4551443414669736,0.25980762007057606,0.9999999999999998
218.70000000000002,0.3034769875955185,0.24539533648578185,0.4511276759186997,0.25980762007008895,0.9999999999999998
218.8,0.32439423623444696,0.23201975792154342,0.4435860058440097,0.25980762006960195,0.9999999999999998
218.9,0.3455789880236537,0.2216759956914602,0.4327450162848861,0.259807620069115,0.9999999999999998
219,0.36639728767878993,0.21467358765515934,0.41892912466605076,0.25980762006862773,0.9999999999999998
219.1,0.3862261460230739,0.21122208139769988,0.40255177257922625,0.25980762006814057,0.9999999999999998
219.20000000000002,0.4044721829850775,0.21142476350239264,0.38410305351252993,0.25980762006765346,0.9999999999999998
219.3,0.42058938454181666,0.21527556869205694,0.3641350467661263,0.25980762006716646,0.9999999999999998
219.4,0.43409544222929386,0.22265926133289551,0.34324529643781065,0.25980762006667946,0.9999999999999998
219.5,0.44458618625941454,0.23335488386946848,0.32205892987111706,0.25980762006619246,0.9999999999999998
219.6,0.45174768033117446,0.24704236899609386,0.3012099506727317,0.25980762006570535,0.9999999999999998
219.70000000000002,0.4553656161979854,0.26331211769494817,0.28132226610706657,0.25980762006521824,0.9999999999999998
219.8,0.45533172685800855,0.28167725651736,0.2629910166246316,0.2598076200647311,0.9999999999999998
219.9,0.4516470264522952,0.3015882073082364,0.24676476623946836,0.25980762006424396,0.9999999999999998
220,0.4444217799165395,0.32244913337352565,0.23312908670993487,0.25980762006375674,0.9999999999999998
220.1,0.43387220329461657,0.34363576993792383,0.22249202676745963,0.25980762006326963,0.9999999999999998
220.20000000000002,0.42031399345727155,0.364514105315043,0.21517190122768554,0.25980762006278246,0.9999999999999998
220.3,0.40415288084961154,0.3844593537546234,0.21138776539576504,0.2598076200622952,0.9999999999999998
220.4,0.3858724879771407,0.4028746522029157,0.21125285981994366,0.2598076200618081,0.9999999999999998
220.5,0.3660198569660512,0.41920892147427813,0.2147712215596706,0.25980762006132097,0.9999999999999998
220.6,0.3451890792866159,0.43297335733709125,0.22183756337629282,0.25980762006083385,0.9999999999999998
220.70000000000002,0.3240035175214335,0.44375605801700707,0.23224042446155932,0.2598076200603469,0.9999999999999998
220.8,0.3030971511934449,0.4512343503884042,0.24566849841815083,0.2598076200598598,0.9999999999999998
220.9,0.2830956048812146,0.45518444599184477,0.26171994912694074,0.25980762005937275,0.9999999999999998
221,0.2645974263565487,0.45548813792048737,0.279914435722964,0.25980762005888575,0.9999999999999998
221.1,0.24815617499758358,0.4521363381706301,0.29970748683178644,0.2598076200583986,0.9999999999999998
221.20000000000002,0.2342638564829248,0.44522934960090116,0.32050679391617404,0.2598076200579115,0.9999999999999998
221.3,0.22333619948485733,0.43497386436170027,0.3416899361534425,0.2598076200574245,0.9999999999999998
221.4,0.21570021495768257,0.42167677861711267,0.3626230064252048,0.2598076200569376,0.9999999999999998
221.5,0.21158441031041392,0.40573600865420795,0.3826795810353782,0.2598076200564505,0.9999999999999998
221.6,0.21111195130544314,0.38762858320833876,0.40125946548621816,0.2598076200559633,0.9999999999999998
221.70000000000002,0.2142969763138745,0.36789636834249884,0.41780665534362654,0.25980762005547614,0.9999999999999998
221.8,0.22104417322371095,0.34712985206479363,0.4318259747114954,0.2598076200549891,0.9999999999999998
221.9,0.2311516316619458,0.325950473930561,0.4428978944074931,0.2598076200545021,0.9999999999999998
222,0.2443168851776022,0.3049920284171227,0.45069108640527517,0.259807620054015,0.9999999999999998
222.1,0.2601459625729374,0.2848816985765697,0.454972338850493,0.2598076200535278,0.9999999999999998
222.20000000000002,0.27816517752105047,0.2662212875359429,0.45561353494300666,0.25980762005304064,0.9999999999999998
222.3,0.2978353036647015,0.2495692094935724,0.4525954868417262,0.25980762005255353,0.9999999999999998
222.4,0.31856771100544773,0.23542377913235926,0.4460085098621931,0.25980762005206626,0.9999999999999998
222.5,0.3397419807004448,0.22420829951555832,0.43604971978399687,0.2598076200515792,0.9999999999999998
222.6,0.360724471142798,0.21625839471089914,0.42301713414630293,0.25980762005109215,0.9999999999999998
222.70000000000002,0.3808872797341168,0.21181196621521617,0.4073007540506671,0.2598076200506051,0.9999999999999998
222.8,0.3996270329168123,0.21100207373433366,0.3893708933488541,0.25980762005011804,0.9999999999999998
222.9,0.41638294217300886,0.21385295336140153,0.36976410446558955,0.25980762004963104,0.9999999999999998
223,0.4306535856629533,0.2202792923099925,0.3490671220270542,0.25980762004914404,0.9999999999999998
223.1,0.4420119133111328,0.23008878190562726,0.32789930478324,0.259807620048657,0.9999999999999998
223.20000000000002,0.45011802631177733,0.2429878724372657,0.3068941012509569,0.25980762004816993,0.9999999999999998
223.3,0.45472934862608533,0.2585905576544016,0.2866800937195131,0.2598076200476829,0.9999999999999998
223.4,0.45570788608835694,0.2764299260330267,0.26786218787861643,0.25980762004719576,0.9999999999999998
223.5,0.45302435589174017,0.2959721331379658,0.25100351097029405,0.25980762004670876,0.9999999999999998
223.6,0.44675906287841916,0.31663237695759255,0.2366085601639883,0.2598076200462215,0.9999999999999998
223.70000000000002,0.43709949641119566,0.3377923981478383,0.2251081054409661,0.25980762004573477,0.9999999999999998
223.8,0.4243347197402602,0.35881898148937974,0.2168462987703601,0.25980762004524766,0.9999999999999998
223.9,0.4088467197637758,0.37908290490051505,0.2120703753357092,0.2598076200447606,0.9999999999999998
224,0.3910989760413325,0.39797776895509696,0.21092325500357062,0.25980762004427355,0.9999999999999998
224.1,0.37162259113340523,0.41493814343078833,0.21343926543580652,0.25980762004378644,0.9999999999999998
224.20000000000002,0.35100039731744376,0.4294564878508247,0.2195431148317315,0.2598076200432993,0.9999999999999998
224.3,0.329849515288307,0.44109833967080386,0.22905214504088922,0.2598076200428122,0.9999999999999998
224.4,0.30880288677523715,0.4495153156028742,0.2416817976218887,0.25980762004232516,0.9999999999999998
224.5,0.2884903337131958,0.4544555370117229,0.2570541292750813,0.25980762004183827,0.9999999999999998
224.6,0.26951971077427694,0.45577116740160634,0.2747091218241167,0.2598076200413511,0.9999999999999998
224.70000000000002,0.252458715271107,0.4534228364345604,0.29411844829433254,0.259807620040864,0.9999999999999998
224.8,0.23781789877223586,0.44748081809071294,0.3147012831370512,0.2598076200403769,0.9999999999999998
224.9,0.2260353888082001,0.43812292771416345,0.33584168347763654,0.2598076200398897,0.9999999999999998
225,0.2174637778723495,0.42562920087548933,0.3569070212521612,0.2598076200394025,0.9999999999999998
225.1,0.21235957206406963,0.41037351328631744,0.377266914649613,0.25980762003891533,0.9999999999999998
225.20000000000002,0.2108755151245419,0.3928123925406439,0.3963120923348141,0.2598076200384282,0.9999999999999998
225.3,0.21305601756884632,0.3734713564923833,0.41347262593877043,0.2598076200379412,0.9999999999999998
225.4,0.21883582769797083,0.3529291870942204,0.42823498520780884,0.25980762003745433,0.9999999999999998
225.5,0.22804198426079358,0.3318006103043163,0.4401574054348901,0.25980762003696717,0.9999999999999998
225.6,0.24039899233247977,0.31071790036595875,0.4488831073015615,0.2598076200364803,0.9999999999999998
225.70000000000002,0.2555370675207471,0.29031195895346434,0.45415097352578854,0.25980762003599306,0.9999999999999998
225.8,0.2730032017915073,0.2711934353923106,0.4558033628161821,0.2598076200355059,0.9999999999999998
225.9,0.2922747197682234,0.25393445293232464,0.453790827299452,0.2598076200350188,0.9999999999999998
226,0.3127749198317095,0.23905148791657133,0.4481735922517192,0.25980762003453167,0.9999999999999998
226.1,0.33389033195928863,0.22698991418809564,0.4391197538526158,0.25980762003404456,0.9999999999999998
226.20000000000002,0.3549890758611793,0.21811067524430458,0.4269002488945162,0.25980762003355734,0.9999999999999998
226.3,0.37543977004550494,0.21267948297576725,0.4118807469787279,0.2598076200330705,0.9999999999999998
226.4,0.39463042595673803,0.21085886621798472,0.39451070782527736,0.2598076200325835,0.9999999999999998
226.5,0.41198676177907156,0.21270330706381155,0.3753099311571169,0.25980762003209634,0.9999999999999998
226.6,0.4269893878627791,0.2181576104827463,0.35485300165447464,0.25980762003160934,0.9999999999999998
226.70000000000002,0.43918934949839267,0.22705855603635458,0.3337520944652527,0.2598076200311223,0.9999999999999998
226.8,0.4482215619200168,0.23913978226211752,0.3126386558178657,0.2598076200306352,0.9999999999999998
226.9,0.4538157354942979,0.2540397575601519,0.2921445069455503,0.259807620030148,0.9999999999999998
227,0.455804464157951,0.27131259905342175,0.2728829367886273,0.25980762002966096,0.9999999999999998
227.1,0.45412823505674427,0.29044141566623694,0.25543034927701885,0.2598076200291739,0.9999999999999998
227.20000000000002,0.4488372094721197,0.31085377612841664,0.24030901439946373,0.25980762002868685,0.9999999999999998
227.3,0.44008972174108796,0.33193883902393323,0.22797143923497892,0.2598076200281999,0.9999999999999998
227.4,0.42814754108933106,0.3530656322660481,0.21878682664462085,0.2598076200277126,0.9999999999999998
227.5,0.4133680381675137,0.3736019349842769,0.21303002684820949,0.2598076200272255,0.9999999999999998
227.6,0.39619349070778825,0.3929331967813016,0.21087331251091013,0.2598076200267384,0.9999999999999998
227.70000000000002,0.37713784832952757,0.4104809281996491,0.21238122347082344,0.2598076200262513,0.9999999999999998
227.8,0.35677135255846165,0.42572001206204346,0.21750863537949489,0.2598076200257642,0.9999999999999998
227.9,0.3357034723063007,0.4381944176422754,0.22610211005142397,0.2598076200252772,0.9999999999999998
228,0.31456466546789374,0.44753084741884636,0.2379044871132599,0.25980762002478996,0.9999999999999998
228.1,0.2939875124214942,0.4534499080312657,0.2525625795472401,0.2598076200243029,0.9999999999999998
228.20000000000002,0.27458778601355105,0.4557744711472931,0.26963774283915587,0.25980762002381574,0.9999999999999998
228.3,0.2569460245101483,0.45443497404155014,0.2886190014483015,0.2598076200233287,0.9999999999999998
228.4,0.2415901589459014,0.4494715012652885,0.3089383397888101,0.2598076200228417,0.9999999999999998
228.5,0.22897971474819664,0.4410325851131898,0.3299877001386136,0.2598076200223545,0.9999999999999998
228.6,0.2194920604043516,0.4293707607833202,0.3511371788123282,0.2598076200218673,0.9999999999999998
228.70000000000002,0.21341111468136167,0.4148350092424089,0.37175387607622945,0.2598076200213804,0.9999999999999998
228.8,0.2109188503355289,0.3978603139442743,0.3912208357201969,0.25980762002089336,0.9999999999999998
228.9,0.2120898485640967,0.37895464391738154,0.4089555075185217,0.2598076200204063,0.9999999999999998
229,0.21688906715733627,0.35868375275361125,0.42442718008905256,0.25980762001991925,0.9999999999999998
229.1,0.22517288913929767,0.3376542483896383,0.43717286247106407,0.2598076200194321,0.9999999999999998
229.20000000000002,0.23669342051657496,0.31649544031898286,0.44681113916444215,0.2598076200189452,0.9999999999999998
229.3,0.25110590852463044,0.29584050745827206,0.4530535840170975,0.2598076200184584,0.9999999999999998
229.4,0.2679790583801006,0.27630755022072534,0.45571339139917405,0.25980762001797114,0.9999999999999998
229.5,0.28680793980949904,0.25848109381498363,0.45471096637551744,0.25980762001748414,0.9999999999999998
229.6,0.3070290971254778,0.24289459628445154,0.45007630659007075,0.2598076200169969,0.9999999999999998
229.70000000000002,0.32803741068048287,0.23001448473538438,0.4419481045841328,0.25980762001650975,0.9999999999999998
229.8,0.3492042051175398,0.22022619747079145,0.4305695974116688,0.2598076200160227,0.9999999999999998
229.9,0.36989606252740853,0.2138226497203438,0.4162812877522476,0.2598076200155356,0.9999999999999998
230,0.3894937775269699,0.21099546813018277,0.3995107543428474,0.2598076200150485,0.9999999999999998
230.1,0.40741088702670303,0.21182925632117872,0.3807598566521183,0.2598076200145615,0.9999999999999998
230.20000000000002,0.42311122018257424,0.21629906311923924,0.36058971669818657,0.2598076200140743,0.9999999999999998
230.3,0.436124943348712,0.22427112922106307,0.33960392743022494,0.25980762001358715,0.9999999999999998
230.4,0.44606261988445645,0.2355068899513125,0.318430490164231,0.25980762001310015,0.9999999999999998
230.5,0.4526268640750059,0.2496701143283957,0.29770302159659845,0.25980762001261304,0.9999999999999998
230.6,0.4556212404212104,0.2663369668017792,0.27804179277701047,0.25980762001212604,0.9999999999999998
230.70000000000002,0.45495614198659934,0.28500869056259037,0.2600351674508104,0.25980762001163893,0.9999999999999998
230.8,0.450651471891668,0.30512653287848696,0.24422199522984497,0.2598076200111518,0.9999999999999998
230.9,0.44283604771150553,0.3260884658110322,0.2310754864774624,0.2598076200106649,0.9999999999999998
231,0.4317437466002087,0.34726720194685284,0.22098905145293848,0.25980762001017776,0.9999999999999998
231.1,0.41770650649952534,0.36802896602047874,0.21426452747999594,0.25980762000969077,0.9999999999999998
231.20000000000002,0.40114439287107934,0.3877524606866404,0.21110314644228037,0.25980762000920365,0.9999999999999998
231.3,0.3825530282059623,0.4058474588898709,0.21159951290416681,0.25980762000871654,0.9999999999999998
231.4,0.3624887604845577,0.4217724664533579,0.21573877306208433,0.2598076200082295,0.9999999999999998
231.5,0.34155201442154887,0.4350509263327501,0.2233970592457009,0.25980762000774243,0.9999999999999998
231.6,0.3203693237113512,0.4452854796214107,0.23434519666723816,0.25980762000725527,0.9999999999999998
231.70000000000002,0.29957458196036957,0.4521698565454662,0.24825556149416428,0.2598076200067682,0.9999999999999998
231.8,0.279790073373339,0.4554980416097337,0.26471188501692733,0.25980762000628105,0.9999999999999998
231.9,0.2616078508518792,0.45517043862684736,0.2832217105212735,0.2598076200057941,0.9999999999999998
232,0.24557201876706028,0.451196851140626,0.3032311300923137,0.2598076200053069,0.9999999999999998
232.1,0.23216245059533677,0.44369618905429,0.3241413603503732,0.25980762000481983,0.9999999999999998
232.20000000000002,0.2217804286688156,0.43289291024269816,0.34532666108848625,0.25980762000433266,0.9999999999999998
232.3,0.21473663577140575,0.41911030363362767,0.3661530605949666,0.25980762000384566,0.9999999999999998
232.4,0.21124185793323563,0.40276081476239006,0.3859973273043743,0.25980762000335855,0.9999999999999998
232.5,0.2114006766429104,0.384333703308289,0.4042656200488007,0.2598076200028715,0.9999999999999998
232.6,0.21520833923863142,0.3643804019620632,0.4204112587993053,0.25980762000238444,0.9999999999999998
232.70000000000002,0.22255090113195705,0.3434980147613062,0.4339510841067368,0.2598076200018974,0.9999999999999998
232.8,0.23320863560814817,0.3223114487074082,0.4444799156844437,0.2598076200014103,0.9999999999999998
232.9,0.24686260916456798,0.30145471337672497,0.45168267745870705,0.25980762000092317,0.9999999999999998
233,0.26310422561964186,0.2815519481365085,0.45534382624384956,0.2598076200004362,0.9999999999999998
233.1,0.28144745338420135,0.26319874472758464,0.4553538018882141,0.2598076199999492,0.9999999999999998
233.20000000000002,0.3013433699932009,0.2469443241368898,0.4517123058699093,0.25980761999946206,0.9999999999999998
233.3,0.3221965886516077,0.2332751011182929,0.4445283102300995,0.25980761999897495,0.9999999999999998
233.4,0.3433830752288463,0.2226001281946455,0.4340167965765082,0.2598076199984879,0.9999999999999998
233.5,0.3642688225269058,0.21523885473039234,0.42049232274270193,0.25980761999800095,0.9999999999999998
233.6,0.38422882299323685,0.21141156738540867,0.4043596096213546,0.2598076199975139,0.9999999999999998
233.70000000000002,0.40266577211858445,0.2112327980202011,0.38610142986121454,0.25980761999702684,0.9999999999999998
233.8,0.419027942819174,0.21470789632140225,0.36626416085942376,0.2598076199965398,0.9999999999999998
233.9,0.43282569591102604,0.221732869711998,0.345441434376976,0.2598076199960528,0.9999999999999998
234,0.44364613259921776,0.23209749533698557,0.3242563720637967,0.2598076199955657,0.9999999999999998
234.1,0.451165450505253,0.24549161099805855,0.3033429384966885,0.25980761999507845,0.9999999999999998
234.20000000000002,0.4551586334774964,0.26151439678062777,0.2833269697418759,0.25980761999459145,0.9999999999999998
234.3,0.4555061852163674,0.2796863696197928,0.2648074451638398,0.25980761999410434,0.9999999999999998
234.4,0.45219770521005714,0.29946373186698017,0.24833856292296277,0.25980761999361734,0.9999999999999998
234.5,0.44533219997062296,0.3202546444753155,0.23441315555406164,0.25980761999313035,0.9999999999999998
234.6,0.4351151202566975,0.3414369378274391,0.22344794191586337,0.2598076199926433,0.9999999999999998
234.70000000000002,0.4218522129441454,0.3623767302079156,0.21577105684793904,0.25980761999215624,0.9999999999999998
234.8,0.4059403715278969,0.3824473967610554,0.21161223171104776,0.25980761999166935,0.9999999999999998
234.9,0.3878557590543788,0.4010483212866649,0.21109591965895622,0.25980761999118246,0.9999999999999998
235,0.3681395589066783,0.41762286972483237,0.2142375713684893,0.25980761999069546,0.9999999999999998
235.1,0.3473817798512606,0.43167504747187085,0.22094317267686864,0.25980761999020835,0.9999999999999998
235.20000000000002,0.3262035999814322,0.4427843420559905,0.23101205796257723,0.25980761998972135,0.9999999999999998
235.3,0.30523877791636306,0.4506183070045198,0.24414291507911717,0.25980761998923435,0.9999999999999998
235.4,0.28511468752692914,0.45494251032950467,0.25994280214356613,0.2598076199887473,0.9999999999999998
235.5,0.26643354372562755,0.4556275499225104,0.27793890635186197,0.25980761998826024,0.9999999999999998
235.6,0.24975438114020496,0.45265292592241024,0.2975926929373849,0.2598076199877731,0.9999999999999998
235.70000000000002,0.23557632496054204,0.4461076541752648,0.31831602086419314,0.2598076199872861,0.9999999999999998
235.8,0.22432365457995526,0.43618760242845994,0.3394887429915849,0.2598076199867989,0.9999999999999998
235.9,0.21633310700256633,0.4231896289736922,0.3604772640237414,0.25980761998631197,0.9999999999999998
236,0.21184379996322866,0.4075026991403503,0.3806535008964211,0.2598076199858248,0.9999999999999998
236.1,0.21099007631139746,0.38959624547889365,0.3994136782097089,0.2598076199853378,0.9999999999999998
236.20000000000002,0.21379748379129704,0.37000611995661165,0.4161963962520913,0.2598076199848508,0.9999999999999998
236.3,0.22018201052376066,0.3493185585473595,0.43049943092887993,0.2598076199843639,0.9999999999999998
236.4,0.22995259906800908,0.3281526380761218,0.44189476285586915,0.25980761998387686,0.9999999999999998
236.5,0.24281686382987921,0.30714175029864743,0.4500413858714734,0.2598076199833899,0.9999999999999998
236.6,0.25838984072263405,0.2869146476057074,0.4546955116716585,0.25980761998290286,0.9999999999999998
236.70000000000002,0.27620550724609816,0.2680766275606986,0.4557178651932032,0.25980761998241564,0.9999999999999998
236.8,0.2957307282448875,0.2511914193247133,0.45307785243039916,0.2598076199819284,0.9999999999999998
236.9,0.3163812100178749,0.2367643140191613,0.4468544759629638,0.25980761998144136,0.9999999999999998
237,0.3375389853509683,0.22522704385110895,0.4372339707979228,0.2598076199809543,0.9999999999999998
237.1,0.35857090623228816,0.21692486249463896,0.42450423127307285,0.2598076199804672,0.9999999999999998
237.20000000000002,0.37884759085385505,0.21210621334878949,0.40904619579735546,0.2598076199799803,0.9999999999999998
237.3,0.39776225790934333,0.21091529485022625,0.39132244724043036,0.25980761997949336,0.9999999999999998
237.4,0.4147488845701302,0.21338774532422292,0.37186337010564696,0.2598076199790063,0.9999999999999998
237.5,0.4292991447608455,0.21944957650510755,0.3512512787340469,0.25980761997851937,0.9999999999999998
237.6,0.44097762085525843,0.22891938764065678,0.33010299150408484,0.2598076199780323,0.9999999999999998
237.70000000000002,0.4494348335813612,0.24151379392319533,0.3090513724954434,0.25980761997754526,0.9999999999999998
237.8,0.45441770021476513,0.2568559068011968,0.28872639298403807,0.25980761997705787,0.9999999999999998
237.9,0.45577710809818733,0.27448661239742184,0.26973627950439094,0.2598076199765708,0.9999999999999998
238,0.4534723768488897,0.2938783105260905,0.2526493126250199,0.25980761997608354,0.9999999999999998
238.1,0.44757247572218034,0.3144507031679665,0.2379768211098532,0.2598076199755966,0.9999999999999998
238.20000000000002,0.43825395970128056,0.33558815993205643,0.22615788036666304,0.25980761997510954,0.9999999999999998
238.3,0.4257956860762253,0.3566581408411799,0.21754617308259472,0.2598076199746226,0.9999999999999998
238.4,0.41057046961856786,0.37703012513817397,0.2123994052432582,0.25980761997413554,0.9999999999999998
238.5,0.39303392607141113,0.3960944796667863,0.2108715942618027,0.2598076199736485,0.9999999999999998
238.6,0.37371083781416276,0.4132807021895467,0.2130084599962906,0.25980761997316143,0.9999999999999998
238.70000000000002,0.35317944971051696,0.42807449370996276,0.2187460565795204,0.2598076199726743,0.9999999999999998
238.8,0.3320541650875889,0.4400331489085178,0.2279126860038932,0.25980761997218726,0.9999999999999998
238.9,0.3109671596703229,0.4487988041325232,0.24023403619715397,0.25980761997170015,0.9999999999999998
239,0.29054946367556356,0.45410914649273326,0.25534138983170324,0.25980761997121316,0.9999999999999998
239.1,0.2714120781855436,0.4558052635962072,0.27278265821824915,0.259807619970726,0.9999999999999998
239.20000000000002,0.25412769089472437,0.45383639901157274,0.292035910093703,0.2598076199702388,0.9999999999999998
239.3,0.23921353838763645,0.4482614711590362,0.31252499045332727,0.25980761996975194,0.9999999999999998
239.4,0.22711592779533984,0.43924731017224405,0.33363676203241616,0.2598076199692648,0.9999999999999998
239.5,0.2181968810210908,0.4270636654940348,0.3547394534848744,0.2598076199687777,0.9999999999999998
239.6,0.21272330120776722,0.41207513360415365,0.37520156518807907,0.2598076199682907,0.9999999999999998
239.70000000000002,0.21085898564132338,0.3947302474422818,0.3944107669163949,0.25980761996780366,0.9999999999999998
239.8,0.21265972410473663,0.37554805402621444,0.411792221869049,0.25980761996731666,0.9999999999999998
239.9,0.2180716293645733,0.35510258193096833,0.4268257887044585,0.25980761996682966,0.9999999999999998
240,0.22693274975048636,0.3340056634406712,0.43906158680884255,0.2598076199663426,0.9999999999999998
240.1,0.23897791557108344,0.3128886254216234,0.44813345900729323,0.25980761996585566,0.9999999999999998
240.20000000000002,0.25384667433680763,0.2923833968185282,0.45376992884466427,0.2598076199653686,0.9999999999999998
240.3,0.27109407732769075,0.2731035981334803,0.4558023245388291,0.25980761996488166,0.9999999999999998
240.4,0.2902039947171325,0.25562617878647137,0.4541698264963962,0.2598076199643945,0.9999999999999998
240.5,0.3106045607956271,0.24047415186077492,0.44892128734359804,0.2598076199639075,0.9999999999999998
240.6,0.33168528709496237,0.2281009428972479,0.4402137700077898,0.2598076199634204,0.9999999999999998
240.70000000000002,0.35281533130136516,0.21887682110105255,0.4283078475975824,0.25980761996293344,0.9999999999999998
240.8,0.37336237525900134,0.21307781900795336,0.41355980573304535,0.25980761996244633,0.9999999999999998
240.9,0.39271154713815887,0.21087747219000577,0.39641098067183544,0.25980761996195917,0.9999999999999998
241,0.41028382152081505,0.21234162619056232,0.37737455228862266,0.25980761996147206,0.9999999999999998
241.1,0.42555334677964846,0.21742646609145558,0.35702018712889594,0.25980761996098484,0.9999999999999998
241.20000000000002,0.43806318122738064,0.22597982767770686,0.3359569910949125,0.2598076199604977,0.9999999999999998
241.3,0.4474389671309991,0.23774575096305942,0.31481528190594155,0.2598076199600106,0.9999999999999998
241.4,0.4534001333949628,0.2523721398117428,0.2942277267932944,0.2598076199595236,0.9999999999999998
241.5,0.4557682916722546,0.2694212984417134,0.2748104098860321,0.2598076199590364,0.9999999999999998
241.6,0.4544725746490293,0.2883830295037224,0.2571443958472483,0.2598076199585493,0.9999999999999998
241.70000000000002,0.44955175675428943,0.3086899017752138,0.24175834147049677,0.25980761995806206,0.9999999999999998
241.8,0.4411530938321918,0.3297342305821687,0.2291126755856395,0.25980761995757506,0.9999999999999998
241.9,0.42952791649987915,0.35088626280850005,0.2195858206916209,0.2598076199570879,0.9999999999999998
242,0.4150241090599332,0.37151302230522987,0.213462868634837,0.2598076199566009,0.9999999999999998
242.1,0.39807569903655793,0.3909972517491667,0.2109270492142754,0.25980761995611384,0.9999999999999998
242.20000000000002,0.3791898688694024,0.4087558841145437,0.21205424701605388,0.25980761995562685,0.9999999999999998
242.3,0.35893177844105806,0.4242574909974454,0.2168107305614964,0.2598076199551399,0.9999999999999998
242.4,0.33790765262523337,0.4370381856506065,0.22505416172416018,0.2598076199546529,0.9999999999999998
242.5,0.3167466399619921,0.4467155048290754,0.23653785520893253,0.25980761995416596,0.9999999999999998
242.6,0.2960819853405599,0.45299985403147147,0.2509181606279687,0.2598076199536787,0.9999999999999998
242.70000000000002,0.276532080098574,0.45570317363713375,0.2677647462642922,0.25980761995319135,0.9999999999999998
242.8,0.2586819566149779,0.4547445666043573,0.2865734767806649,0.2598076199527043,0.9999999999999998
242.9,0.24306578117225403,0.4501527193204255,0.3067814995073206,0.2598076199522173,0.9999999999999998
243,0.23015086899040332,0.4420650431593218,0.3277840878502749,0.25980761995173024,0.9999999999999998
243.1,0.22032369978397848,0.4307235624360689,0.3489527377799527,0.25980761995124313,0.9999999999999998
243.20000000000002,0.21387835232767252,0.41646767181096933,0.3696539758613582,0.2598076199507561,0.9999999999999998
243.3,0.211007704126956,0.3997239798789703,0.3892683159940738,0.2598076199502691,0.9999999999999998
243.4,0.21179765954427665,0.3809935428755,0.4072087975802234,0.2598076199497819,0.9999999999999998
243.5,0.2162245791045778,0.36083687053108565,0.4229385503643366,0.25980761994929485,0.9999999999999998
243.6,0.2241559869083611,0.33985715277567646,0.43598686031596245,0.2598076199488078,0.9999999999999998
243.70000000000002,0.23535453498290387,0.3186822092348018,0.44596325578229434,0.2598076199483206,0.9999999999999998
243.8,0.2494851059381236,0.2979457016802442,0.45256919238163223,0.25980761994783363,0.9999999999999998
243.9,0.26612484137958264,0.2782681716540477,0.45560698696636964,0.25980761994734664,0.9999999999999998
244,0.2847757959776201,0.2602384707163847,0.45498573330599523,0.2598076199468595,0.9999999999999998
244.1,0.30487983851864564,0.24439613901850366,0.4507240224628507,0.25980761994637236,0.9999999999999998
244.20000000000002,0.32583535402351915,0.23121525952328395,0.442949386453197,0.2598076199458853,0.9999999999999998
244.3,0.34701524712087145,0.22109027103705572,0.43189448184207285,0.2598076199453982,0.9999999999999998
244.4,0.3677857079230716,0.2143241645987715,0.41789012747815696,0.2598076199449112,0.9999999999999998
244.5,0.38752517883459603,0.21111941645046722,0.4013554047149368,0.2598076199444242,0.9999999999999998
244.6,0.40564295470963857,0.21157192892055127,0.38278511636981016,0.2598076199439373,0.9999999999999998
244.70000000000002,0.4215968597478514,0.21566816053944285,0.36273497971270585,0.25980761994345025,0.9999999999999998
244.8,0.43490947214578707,0.22328553126906356,0.34180499658514935,0.25980761994296325,0.9999999999999998
244.9,0.445182410980133,0.234196090719661,0.32062149830020603,0.25980761994247625,0.9999999999999998
245,0.4521082577866853,0.24807333958229907,0.2998184026310157,0.2598076199419891,0.9999999999999998
245.1,0.45547975608092045,0.26450200014513797,0.28001824377394163,0.25980761994150164,0.9999999999999998
245.20000000000002,0.45519601352382144,0.28299044351007185,0.2618135429661068,0.25980761994101476,0.9999999999999998
245.3,0.4512655211326793,0.30298540162433546,0.24574907724298528,0.2598076199405276,0.9999999999999998
245.4,0.4438058991867658,0.3238885238684314,0.2323055769448028,0.25980761994004065,0.9999999999999998
245.5,0.433040377431663,0.3450742827432442,0.22188533982509284,0.25980761993955354,0.9999999999999998
245.6,0.419291114912404,0.36590869282731264,0.21480019226028338,0.2598076199390663,0.9999999999999998
245.70000000000002,0.40296955933991496,0.3857682828380623,0.21126215782202273,0.2598076199385791,0.9999999999999998
245.8,0.3845641344874418,0.4040587530566438,0.21137711245591437,0.2598076199380921,0.9999999999999998
245.9,0.364625624072545,0.4202327597915414,0.2151416161359137,0.2598076199376051,0.9999999999999998
246,0.34375068951308985,0.433806294679545,0.22244301580736514,0.25980761993711793,0.9999999999999998
246.1,0.32256401478961755,0.44437316867227966,0.23306281653810287,0.25980761993663076,0.9999999999999998
246.20000000000002,0.30169961273042895,0.4516171672739065,0.24668321999566464,0.25980761993614354,0.9999999999999998
246.3,0.28178185213020085,0.4553215132836002,0.26289663458619894,0.2598076199356565,0.9999999999999998
246.4,0.26340677346703084,0.4553753538695228,0.2812178726634464,0.25980761993516943,0.9999999999999998
246.5,0.24712425234647764,0.45177707784812077,0.3010986698054017,0.2598076199346823,0.9999999999999998
246.6,0.23342154443287114,0.44463436389891303,0.3219440916682158,0.2598076199341952,0.9999999999999998
246.70000000000002,0.2227087042870549,0.43416095827193957,0.34313033744100563,0.2598076199337081,0.9999999999999998
246.8,0.21530631445293363,0.4206702784152152,0.36402340713185116,0.25980761993322105,0.9999999999999998
246.9,0.21143589200083118,0.40456603393411816,0.3839980740650506,0.259807619932734,0.9999999999999998
247,0.21121325961256615,0.3863301455512047,0.4024565948362291,0.25980761993224705,0.9999999999999998
247.1,0.2146450795790223,0.36650832359248325,0.4188465968284945,0.25980761993176,0.9999999999999998
247.20000000000002,0.22162865443059485,0.3456937375650263,0.4326776080043788,0.25980761993127277,0.9999999999999998
247.3,0.2319550001666626,0.3245092655150343,0.44353573431830323,0.2598076199307857,0.9999999999999998
247.4,0.2453151001174628,0.3035888543556393,0.4510960455268979,0.2598076199302987,0.9999999999999998
247.5,0.26130915229108453,0.2835585489580383,0.45513229875087724,0.25980761992981155,0.9999999999999998
247.6,0.2794585334780277,0.2650177577118214,0.45552370881015103,0.25980761992932455,0.9999999999999998
247.70000000000002,0.2992201220866039,0.24852131518400963,0.4522585627293865,0.2598076199288374,0.9999999999999998
247.8,0.320002551097256,0.23456287865307124,0.44543457024967287,0.2598076199283503,0.9999999999999998
247.9,0.34118390476492033,0.22356015537788138,0.43525593985719824,0.25980761992786333,0.9999999999999998
248,0.3621303294942894,0.21584240267670832,0.42202726782900224,0.2598076199273762,0.9999999999999998
248.1,0.3822150019561362,0.2116405748772977,0.4061444231665661,0.2598076199268892,0.9999999999999998
248.20000000000002,0.4008368868223997,0.21108041199131367,0.38808270118628674,0.2598076199264023,0.9999999999999998
248.3,0.41743872279340377,0.2141786769350702,0.368382600271526,0.25980761992591533,0.9999999999999998
248.4,0.43152369868399704,0.2208426538980054,0.34763364741799757,0.25980761992542817,0.9999999999999998
248.5,0.44267032053548694,0.2308729228702579,0.32645675659425527,0.25980761992494117,0.9999999999999998
248.6,0.4505450248539292,0.24396932730140278,0.30548564784466803,0.2598076199244541,0.9999999999999998
248.70000000000002,0.45491216052267325,0.25973995630770935,0.2853478831696174,0.2598076199239669,0.9999999999999998
248.8,0.45564104067968114,0.277712872634697,0.26664608668562184,0.25980761992347984,0.9999999999999998
248.9,0.452709853531664,0.29735023541483124,0.24993991105350474,0.25980761992299284,0.9999999999999998
249,0.44620631507362973,0.3180643950957772,0.23572928983059313,0.2598076199225057,0.9999999999999998
249.1,0.436325044181161,0.3392354788972769,0.22443947692156202,0.2598076199220184,0.9999999999999998
249.20000000000002,0.4233617386259834,0.360229940550537,0.21640832082347966,0.25980761992153134,0.9999999999999998
249.3,0.40770432629799314,0.38041951921778394,0.211876154484223,0.2598076199210444,0.9999999999999998
249.4,0.38982135643409055,0.39920004024490097,0.21097860332100857,0.25980761992055734,0.9999999999999998
249.5,0.3702479782471641,0.41600949513321395,0.21374252661962187,0.2598076199200701,0.9999999999999998
249.6,0.34956992654580377,0.4303448596859173,0.22008521376827891,0.2598076199195832,0.9999999999999998
249.70000000000002,0.3284059935762733,0.44177714704484644,0.22981685937888027,0.259807619919096,0.9999999999999998
249.8,0.3073895116181839,0.44996424515434646,0.24264624322746964,0.25980761991860885,0.9999999999999998
249.9,0.28714940046858084,0.4546611544901663,0.2581894450412529,0.2598076199181218,0.9999999999999998
250,0.2682913469699009,0.4557273196885756,0.27598133334152347,0.25980761991763474,0.9999999999999998
250.1,0.25137967978583853,0.4531308356761537,0.2954894845380078,0.25980761991714746,0.9999999999999998
250.20000000000002,0.23692048182380696,0.4469494024315018,0.3161301157446913,0.25980761991666024,0.9999999999999998
250.3,0.22534644566602172,0.43736799980756164,0.3372855545264166,0.25980761991617307,0.9999999999999998
250.4,0.21700392521156273,0.42467335199565825,0.35832272279277905,0.259807619915686,0.9999999999999998
250.5,0.21214257100999762,0.4092453472825942,0.37861208170740823,0.25980761991519885,0.9999999999999998
250.6,0.2109078594499835,0.39154566986520717,0.39754647068480936,0.2598076199147117,0.9999999999999998
250.70000000000002,0.21333673936743858,0.37210398391619265,0.41455927671636883,0.2598076199142246,0.9999999999999998
250.8,0.21935652634885977,0.35150208334405525,0.42914139030708504,0.2598076199137375,0.9999999999999998
250.9,0.22878707781784213,0.33035648156681224,0.4408564406153457,0.2598076199132505,0.9999999999999998
251,0.24134618381517386,0.30929996230177254,0.44935385388305366,0.25980761991276335,0.9999999999999998
251.1,0.25665801215300743,0.2889626434653914,0.45437934438160116,0.2598076199122762,0.9999999999999998
251.20000000000002,0.27426435522123715,0.2699531208474153,0.4557825239313475,0.2598076199117891,0.9999999999999998
251.3,0.29363834188455834,0.2528402558362808,0.453521402279161,0.25980761991130197,0.9999999999999998
251.4,0.3142002041406621,0.23813615219944922,0.4476636436598888,0.25980761991081475,0.9999999999999998
251.5,0.3353346267211379,0.22628083133980179,0.43838454193906023,0.25980761991032764,0.9999999999999998
251.6,0.35640916044697757,0.21762906462219442,0.42596177493082804,0.2598076199098406,0.9999999999999998
251.70000000000002,0.37679314831763655,0.21243975681378655,0.4107670948685769,0.25980761990935336,0.9999999999999998
251.8,0.3958765979690215,0.2108681983394888,0.3932552036914897,0.2598076199088663,0.9999999999999998
251.9,0.41308843574068277,0.21296141820436437,0.3739501460549529,0.25980761990837925,0.9999999999999998
252,0.4279135960978853,0.21865677664712943,0.3534296272549853,0.2598076199078922,0.9999999999999998
252.1,0.43990843500632193,0.227783839639703,0.3323077253539751,0.2598076199074051,0.9999999999999998
252.20000000000002,0.44871400601307476,0.24006947913826543,0.31121651484865986,0.2598076199069179,0.9999999999999998
252.3,0.45406680174610925,0.25514604646043154,0.2907871517934592,0.25980761990643075,0.9999999999999998
252.4,0.4558066393921226,0.272562374199614,0.2716309864082634,0.2598076199059436,0.9999999999999998
252.5,0.4538814541792315,0.2917972774434645,0.25432126837730396,0.2598076199054565,0.9999999999999998
252.6,0.4483488574191707,0.3122751502714212,0.23937599230940815,0.25980761990496937,0.9999999999999998
252.70000000000002,0.439374412484473,0.33338319080500284,0.2272423967105242,0.2598076199044823,0.9999999999999998
252.8,0.42722668031214284,0.35448973934993055,0.2182835803379267,0.25980761990399537,0.9999999999999998
252.9,0.4122691826974964,0.37496318085980007,0.21276763644270347,0.2598076199035083,0.9999999999999998
253,0.3949495238772038,0.394190846063663,0.21085963005913325,0.2598076199030213,0.9999999999999998
253.1,0.3757859959389733,0.41159734563985767,0.21261665842116906,0.2598076199025343,0.9999999999999998
253.20000000000002,0.35535206889199933,0.4266617887845652,0.2179861423234355,0.25980761990204726,0.9999999999999998
253.3,0.3342592295339751,0.43893337090813617,0.2268073995578888,0.2598076199015602,0.9999999999999998
253.4,0.31313868266286216,0.44804486399620735,0.23881645334093046,0.259807619901073,0.9999999999999998
253.5,0.29262246222602484,0.4537236059355427,0.25365393183843254,0.2598076199005858,0.9999999999999998
253.6,0.27332451765700577,0.4557996599481973,0.2708758223947969,0.25980761990009876,0.9999999999999998
253.70000000000002,0.25582234139273424,0.45421089996232844,0.28996675864493726,0.2598076198996115,0.9999999999999998
253.8,0.24063968736908725,0.44900486973954906,0.31035544289136374,0.25980761989912443,0.9999999999999998
253.9,0.22823089764512247,0.440337360124299,0.3314317422305784,0.2598076198986374,0.9999999999999998
254,0.2189673061829238,0.42846774699115436,0.35256494682592177,0.2598076198981504,0.9999999999999998
254.1,0.21312612665096775,0.4137512294023485,0.37312264394668376,0.2598076198976633,0.9999999999999998
254.20000000000002,0.2108821567843273,0.39662820024922524,0.3924896429664475,0.25980761989717616,0.9999999999999998
254.3,0.21230254754935515,0.3776110674619726,0.4100863849886723,0.259807619896689,0.9999999999999998
254.4,0.21734479364598547,0.357268920163925,0.4253862861900896,0.259807619896202,0.9999999999999998
254.5,0.22585800548202317,0.3362104986369134,0.4379314958810634,0.2598076198957149,0.9999999999999998
254.6,0.23758742455549448,0.3150659777227284,0.4473465977217772,0.25980761989522794,0.9999999999999998
254.70000000000002,0.25218204712190423,0.294468108793769,0.4533498440843268,0.25980761989474077,0.9999999999999998
254.8,0.2692051280075855,0.275033284620822,0.45576158737159256,0.2598076198942537,0.9999999999999998
254.9,0.288147250241741,0.2573430937732184,0.4545096559850407,0.25980761989376655,0.9999999999999998
255,0.3084415693974572,0.24192691653732692,0.44963151406521595,0.25980761989327944,0.9999999999999998
255.1,0.32948077645364504,0.22924608317182626,0.4412731403745288,0.2598076198927924,0.9999999999999998
255.20000000000002,0.35063527156299296,0.21968006856515343,0.4296846598718536,0.2598076198923053,0.9999999999999998
255.3,0.3712720048745642,0.21351513642103953,0.4152128587043963,0.2598076198918181,0.9999999999999998
255.4,0.3907734205980109,0.21093577279573036,0.3982908066062588,0.25980761989133105,0.9999999999999998
255.5,0.40855593740686436,0.21201916533893284,0.3794248972542029,0.25980761989084405,0.9999999999999998
255.6,0.4240874121534487,0.21673289344761565,0.35917969439893577,0.25980761989035694,0.9999999999999998
255.70000000000002,0.43690306429244025,0.22493589845498366,0.3381610372525761,0.25980761988987,0.9999999999999998
255.8,0.4466193844735052,0.23638270482165036,0.3169979107048445,0.2598076198893828,0.9999999999999998
255.9,0.45294561108733866,0.2507307660095433,0.29632362290311814,0.25980761988889567,0.9999999999999998
256,0.4556924313286051,0.2675507152127189,0.2767568534586761,0.2598076198884086,0.9999999999999998
256.1,0.45477764639581986,0.2863392141911962,0.258883139412984,0.2598076198879215,0.9999999999999998
256.2,0.4502286312966414,0.3065340157054963,0.2432373529978623,0.25980761988743434,0.9999999999999998
256.3,0.4421815156487159,0.32753078880740477,0.23028769554387926,0.25980761988694734,0.9999999999999998
256.4,0.4308771099906703,0.3487012034888707,0.2204216865204591,0.2598076198864603,0.9999999999999998
256.5,0.4166536995087034,0.3694117335045686,0.21393456698672805,0.25980761988597323,0.9999999999999998
256.6,0.39993692082704596,0.3890426146922509,0.21102046448070305,0.25980761988548606,0.9999999999999998
256.7,0.3812270248000935,0.40700639146173284,0.21176658373817353,0.25980761988499895,0.9999999999999998
256.8,0.3610839064681123,0.42276549644743733,0.21615059708445042,0.2598076198845119,0.9999999999999998
256.9,0.3401103501562138,0.43584833725208194,0.2240413125917043,0.2598076198840249,0.9999999999999998
257,0.318933991108269,0.44586340888449655,0.23520260000723447,0.2598076198835378,0.9999999999999998
257.1,0.29818853345521545,0.4525110095758135,0.24930045696897093,0.25980761988305073,0.9999999999999998
257.2,0.2784947865714654,0.45559220937735273,0.2659130040511818,0.25980761988256357,0.9999999999999998
257.3,0.2604420873078683,0.4550148031542385,0.28454310953789325,0.2598076198820765,0.9999999999999998
257.4,0.24457066404229919,0.4507960698309675,0.3046332661267334,0.2598076198815894,0.9999999999999998
257.5,0.23135547030497983,0.44306225531829874,0.3255822743767215,0.25980761988110235,0.9999999999999998
257.6,0.22119197175850594,0.4320447945949158,0.34676323364657835,0.25980761988061535,0.9999999999999998
257.7,0.21438431185826787,0.4180733859983514,0.36754230214338085,0.2598076198801284,0.9999999999999998
257.8,0.2111362103367635,0.40156612497753696,0.3872976646856996,0.2598076198796415,0.9999999999999998
257.9,0.2115448668753423,0.3830169925551714,0.40543814056948635,0.2598076198791544,0.9999999999999998
258,0.21559805239645885,0.36298107290861026,0.421420874694931,0.2598076198786674,0.9999999999999998
258.1,0.2231744750197357,0.34205794243427334,0.434767582545991,0.2598076198781804,0.9999999999999998
258.2,0.2340474097305703,0.3208737273790651,0.44507886289036463,0.25980761987769346,0.9999999999999998
258.3,0.24789148314318263,0.3000623669655292,0.4520461498912881,0.25980761987720646,0.9999999999999998
258.4,0.2642924103235602,0.2802466427131227,0.4554609469633171,0.2598076198767194,0.9999999999999998
258.5,0.28275939229714514,0.26201954165459007,0.4552210660482648,0.2598076198762323,0.9999999999999998
258.6,0.30273980324491595,0.24592651115458553,0.45133368560049864,0.25980761987574524,0.9999999999999998
258.7,0.3236357278724223,0.23244913635642306,0.44391513577115466,0.25980761987525813,0.9999999999999998
258.8,0.34482185406976423,0.22199072871058567,0.43318741721965015,0.259807619874771,0.9999999999999998
258.9,0.3656641854233264,0.21486425684935537,0.41947155772731826,0.2598076198742839,0.9999999999999998
259,0.3855390136059514,0.2112829809770466,0.40317800541700205,0.2598076198737969,0.9999999999999998
259.1,0.4038515828953547,0.21135407104241635,0.38479434606222895,0.2598076198733098,0.9999999999999998
259.2,0.4200538882836707,0.21507539966991898,0.36487071204641036,0.25980761987282264,0.9999999999999998
259.3,0.4336610745683659,0.2223356058215794,0.3440033196100547,0.2598076198723354,0.9999999999999998
259.4,0.4442659456804982,0.23291742728439743,0.32281662703510433,0.25980761987184836,0.9999999999999998
259.5,0.45155115005758434,0.24650420225834865,0.301944647684067,0.25980761987136136,0.9999999999999998
259.6,0.4552986774128812,0.2626893454844729,0.2820119771026459,0.25980761987087425,0.9999999999999998
259.7,0.45539638270954874,0.28098851533920854,0.26361510195124266,0.2598076198703871,0.9999999999999998
259.8,0.45184134210927834,0.30085410779376226,0.24730455009695945,0.2598076198698998,0.9999999999999998
259.9,0.4447399404683726,0.3216916435056945,0.23356841602593284,0.2598076198694126,0.9999999999999998
260,0.43430468776295067,0.34287755765777805,0.22281775457927128,0.2598076198689254,0.9999999999999998
260.1,0.4208478597119916,0.36377786018186753,0.21537428010614076,0.2598076198684383,0.9999999999999998
260.2,0.40477215290305035,0.3837671079591843,0.21146073913776536,0.2598076198679513,0.9999999999999998
260.3,0.38655863406670576,0.4022471212525008,0.21119424468079345,0.25980761986746415,0.9999999999999998
260.4,0.3667523441186095,0.4186648842795899,0.21458277160180056,0.25980761986697715,0.9999999999999998
260.5,0.3459459877692526,0.4325290942519369,0.2215249179788105,0.2598076198664899,0.9999999999999998
260.6,0.32476219679110185,0.44342486364749145,0.23181293956140678,0.25980761986600276,0.9999999999999998
260.7,0.3038348977161635,0.45102613575084616,0.24513896653299044,0.25980761986551576,0.9999999999999998
260.8,0.2837903415370229,0.45510544192487096,0.2611042165381062,0.2598076198650286,0.9999999999999998
260.9,0.26522836309897585,0.4555407086267201,0.2792309282743041,0.25980761986454126,0.9999999999999998
261,0.24870443099734593,0.4523189104677465,0.29897665853490757,0.25980761986405404,0.9999999999999998
261.1,0.23471302513815723,0.4455364599992323,0.31975051486261047,0.25980761986356693,0.9999999999999998
261.2,0.22367283938990282,0.43539632255956834,0.34093083805052893,0.2598076198630798,0.9999999999999998
261.3,0.21591425213816373,0.4222019425212976,0.36188380534053866,0.25980761986259276,0.9999999999999998
261.4,0.2116694396876707,0.4063481626955339,0.3819823976167954,0.25980761986210565,0.9999999999999998
261.5,0.2110654283689916,0.38830940863125935,0.40062516299974915,0.2598076198616187,0.9999999999999998
261.6,0.21412029326607374,0.3686254913952288,0.4172542153386975,0.2598076198611317,0.9999999999999998
261.7,0.22074261731800318,0.3478854536853575,0.4313719289966393,0.25980761986064443,0.9999999999999998
261.8,0.23073422698140097,0.32670994268385745,0.4425558303347416,0.25980761986015727,0.9999999999999998
261.9,0.2437961225885557,0.3057326371438138,0.4504712402676305,0.2598076198596701,0.9999999999999998
262,0.2595374259348797,0.28558128450502657,0.4548812895600937,0.25980761985918305,0.9999999999999998
262.1,0.2774870773384645,0.2668589155048471,0.4556540071566884,0.25980761985869594,0.9999999999999998
262.2,0.29710793213635117,0.25012579843818683,0.45276626942546205,0.25980761985820877,0.9999999999999998
262.3,0.31781283477881017,0.23588267308681968,0.4463044921343702,0.2598076198577217,0.9999999999999998
262.4,0.33898218950315384,0.22455576604389993,0.4364620444529463,0.25980761985723466,0.9999999999999998
262.5,0.35998250178335217,0.21648403585123124,0.4235334623654166,0.2598076198567475,0.9999999999999998
262.6,0.3801853357011823,0.2119090296395108,0.40790563465930696,0.25980761985626044,0.9999999999999998
262.7,0.39898611993816063,0.21096765481234783,0.3900462252494915,0.25980761985577333,0.9999999999999998
262.8,0.41582223961754006,0.2136880820819547,0.37048967830050533,0.2598076198552863,0.9999999999999998
262.9,0.4301898725966443,0.21998890245847377,0.3498212249448819,0.2598076198547993,0.9999999999999998
263,0.44165906638223174,0.22968156342009846,0.3286593701976699,0.2598076198543121,0.9999999999999998
263.1,0.4498866044910646,0.2424760113614135,0.3076373841475219,0.25980761985382494,0.9999999999999998
263.2,0.45462627722888227,0.25798937146926726,0.28738435130185047,0.2598076198533378,0.9999999999999998
263.3,0.45573624953394604,0.2757574052802386,0.2685063451858154,0.2598076198528506,0.9999999999999998
263.4,0.45318330540188684,0.29524840305143335,0.2515682915466799,0.25980761985236356,0.9999999999999998
263.5,0.4470438418771241,0.3158790952143737,0.2370770629085023,0.2598076198518765,0.9999999999999998
263.6,0.4375015828655878,0.33703210676053075,0.2254663103738814,0.2598076198513895,0.9999999999999998
263.7,0.4248420811830693,0.35807443223470614,0.21708348658222457,0.25980761985090245,0.9999999999999998
263.8,0.4094441733658163,0.37837637847069944,0.21217944816348433,0.2598076198504153,0.9999999999999998
263.9,0.39176864295880476,0.39733040820648086,0.21090094883471444,0.25980761984992834,0.9999999999999998
264,0.37234443153363556,0.41436932068227084,0.21328624778409355,0.25980761984944134,0.9999999999999998
264.1,0.3517528100723786,0.42898322516576837,0.21926396476185311,0.2598076198489545,0.9999999999999998
264.2,0.3306099843898875,0.4407347994705131,0.22865521613959955,0.2598076198484675,0.9999999999999998
264.3,0.30954865512862795,0.44927237685507687,0.24117896801629526,0.25980761984798045,0.9999999999999998
264.4,0.28919908414455253,0.45434046967664604,0.2564604461788014,0.2598076198474933,0.9999999999999998
264.5,0.27017023387384537,0.455787414877872,0.27404235124828263,0.25980761984700623,0.9999999999999998
264.6,0.2530315440863989,0.4535699125152237,0.2933985433983775,0.25980761984651907,0.9999999999999998
264.7,0.23829589135804025,0.44775432151304134,0.3139497871289184,0.25980761984603207,0.9999999999999998
264.8,0.22640424120057825,0.4385146738677538,0.335081084931668,0.25980761984554507,0.9999999999999998
264.9,0.21771245213582743,0.4261274667273473,0.3561600811368253,0.25980761984505796,0.9999999999999998
265,0.21248062660268377,0.4109633881934982,0.376555985203818,0.259807619844571,0.9999999999999998
265.1,0.210865327372156,0.39347622445235925,0.39565844817548473,0.2598076198440839,0.9999999999999998
265.2,0.2129148923947141,0.3741892801889439,0.412895827416342,0.25980761984359696,0.9999999999999998
265.3,0.21856798828350119,0.3536797186552231,0.42775229306127577,0.25980761984311,0.9999999999999998
265.4,0.22765544572053015,0.3325612900165719,0.43978326426289793,0.2598076198426229,0.9999999999999998
265.5,0.23990532186119792,0.3114659648320919,0.4486287133067102,0.25980761984213574,0.9999999999999998
265.6,0.2549510382442837,0.29102502228828453,0.4540239394674317,0.25980761984164846,0.9999999999999998
265.7,0.27234235067986323,0.27185015912210436,0.4558074901980324,0.25980761984116135,0.9999999999999998
265.8,0.29155882284042256,0.25451518455027966,0.4539259926092978,0.25980761984067413,0.9999999999999998
265.9,0.3120254003569479,0.23953884898551517,0.44843575065753694,0.2598076198401869,0.9999999999999998
266,0.3331296193639989,0.22736932039152974,0.43950106024447133,0.25980761983969985,0.9999999999999998
266.1,0.3542399345267643,0.21837077282316836,0.42738929265006737,0.2598076198392128,0.9999999999999998
266.2,0.37472461808251883,0.21281248849052853,0.4124628934269525,0.25980761983872575,0.9999999999999998
266.3,0.3939706643412488,0.21086079946865063,0.39516853619010056,0.25980761983823863,0.9999999999999998
266.4,0.41140213392684855,0.2125741101977115,0.37602375587543996,0.2598076198377516,0.9999999999999998
266.5,0.4264973888060972,0.21790114972577765,0.35560146146812516,0.25980761983726447,0.9999999999999998
266.6,0.43880470234588076,0.2266825059958828,0.3345127916582364,0.2598076198367774,0.9999999999999998
266.7,0.4479557772665293,0.23865539626377597,0.3133888264696948,0.2598076198362903,0.9999999999999998
266.8,0.45367676696550124,0.2534615308912291,0.29286170214326973,0.2598076198358031,0.9999999999999998
266.9,0.4557964703974798,0.27065783519030345,0.2735456944122168,0.2598076198353158,0.9999999999999998
267,0.4542514552784789,0.289729708466579,0.2560188362549422,0.25980761983482864,0.9999999999999998
267.1,0.44908795630169324,0.31010642348348644,0.24080562021482038,0.2598076198343415,0.9999999999999998
267.2,0.4404604915608403,0.3311782055176183,0.2283613029215414,0.2598076198338545,0.9999999999999998
267.3,0.42862723858462964,0.3523144799130079,0.21905828150236248,0.2598076198333675,0.9999999999999998
267.4,0.41394230835487456,0.37288274207494865,0.2131749495701768,0.2598076198328803,0.9999999999999998
267.5,0.3968451485088329,0.3922674852173752,0.21088736627379187,0.2598076198323932,0.9999999999999998
267.6,0.3778473928357404,0.4098886194495467,0.2122639877147129,0.2598076198319062,0.9999999999999998
267.7,0.35751755059733853,0.42521883100948454,0.21726361839317704,0.25980761983141915,0.9999999999999998
267.8,0.33646399384562653,0.4377993621678033,0.2257366439865702,0.25980761983093215,0.9999999999999998
267.9,0.31531675184362973,0.4472537395871299,0.23742950856924036,0.25980761983044515,0.9999999999999998
268,0.29470865739250407,0.453299040314928,0.2519923022925679,0.2598076198299581,0.9999999999999998
268.1,0.27525640926255285,0.45575435827404737,0.26898923246339984,0.259807619829471,0.9999999999999998
268.2,0.2575421174363258,0.45454621789063454,0.28791166467303964,0.25980761982898387,0.9999999999999998
268.3,0.24209588342378274,0.4497107728561847,0.3081933437200326,0.2598076198284967,0.9999999999999998
268.4,0.22937993693489514,0.44139272422561493,0.32922733883949,0.2598076198280097,0.9999999999999998
268.5,0.21977480362094803,0.42984099022735467,0.35038420615169735,0.25980761982752276,0.9999999999999998
268.6,0.2135679178159183,0.4154012573667122,0.3710308248173696,0.2598076198270357,0.9999999999999998
268.7,0.21094502104249763,0.39850563573130576,0.39054934322619667,0.25980761982654854,0.9999999999999998
268.8,0.21198460368311142,0.37965972806431986,0.40835566825256875,0.25980761982606143,0.9999999999999998
268.9,0.21665555614934534,0.35942749956453757,0.42391694428611715,0.2598076198255742,0.9999999999999998
269,0.22481809983870915,0.3384144011855177,0.4367674989757732,0.2598076198250871,0.9999999999999998
269.1,0.2362279700197885,0.31724925147045163,0.44652277850975974,0.25980761982460016,0.9999999999999998
269.2,0.2505437254726321,0.2965654191101509,0.45289085541721696,0.25980761982411316,0.9999999999999998
269.3,0.26733696614283764,0.27698186933752506,0.4556811645196373,0.2598076198236261,0.9999999999999998
269.4,0.2861051530452743,0.2590846413466176,0.45481020560810825,0.259807619823139,0.9999999999999998
269.5,0.30628664678086015,0.243409311025821,0.4503040421933189,0.25980761982265194,0.9999999999999998
269.6,0.3272775146376558,0.23042496380929445,0.44229752155304974,0.25980761982216477,0.9999999999999998
269.7,0.34844960332251274,0.2205201572602047,0.4310302394172826,0.25980761982167777,0.9999999999999998
269.8,0.3691693364954285,0.21399129345654055,0.416839370048031,0.2598076198211907,0.9999999999999998
269.9,0.3888166745889864,0.2110337491367238,0.40014957627428976,0.2598076198207036,0.9999999999999998
270,0.40680366953886027,0.21173602903607608,0.3814603014250636,0.2598076198202164,0.9999999999999998
270.1,0.4225920591736854,0.21607711737598415,0.36133082345033046,0.25980761981972933,0.9999999999999998
270.2,0.4357093747508607,0.22392710676264996,0.3403635184864894,0.2598076198192422,0.9999999999999998
270.3,0.4457630796190653,0.23505108567558242,0.31918583470535233,0.25980761981875516,0.9999999999999998
270.4,0.45245231590695634,0.2491161682124467,0.298431515880597,0.2598076198182681,0.9999999999999998
270.5,0.45557690771750703,0.2657014557246305,0.2787216365578626,0.25980761981778094,0.9999999999999998
270.6,0.4550433514067212,0.28431063224083514,0.26064601635244367,0.2598076198172938,0.9999999999999998
270.7,0.45086761368718437,0.304386816759699,0.2447455695531167,0.2598076198168068,0.9999999999999998
270.8,0.4431746538229926,0.32532922795548214,0.2314961182215253,0.2598076198163198,0.9999999999999998
270.9,0.4321946842144131,0.3465111626042467,0.22129415318134027,0.25980761981583256,0.9999999999999998
271,0.4182562812745596,0.3672987497247825,0.21444496900065785,0.25980761981534567,0.9999999999999998
271.1,0.4017765527556139,0.38706991921520684,0.21115352802917933,0.2598076198148587,0.9999999999999998
271.2,0.38324865576809375,0.40523301734736517,0.2115183268845411,0.25980761981437156,0.9999999999999998
271.3,0.3632270390173761,0.42124451204897007,0.21552844893365386,0.2598076198138844,0.9999999999999998
271.4,0.3423108508846514,0.4346252581415828,0.22306389097376586,0.2598076198133973,0.9999999999999998
271.5,0.3211260098667312,0.44497483579597313,0.23389915433729572,0.2598076198129103,0.9999999999999998
271.6,0.30030647391814014,0.4519835331255061,0.24770999295635382,0.2598076198124232,0.9999999999999998
271.7,0.28047526921183424,0.4554416143375513,0.2640831164506144,0.2598076198119361,0.9999999999999998
271.8,0.26222584603430094,0.4552455960927895,0.28252855787290965,0.25980761981144895,0.9999999999999998
271.9,0.2461043197412776,0.4514013442518935,0.302494336006829,0.2598076198109618,0.9999999999999998
272,0.2325931282148191,0.444023898339208,0.32338297344597283,0.2598076198104749,0.9999999999999998
272.1,0.2220965948735361,0.4333340289763649,0.34456937615009897,0.259807619809988,0.9999999999999998
272.2,0.21492882926400314,0.4196516313048911,0.3654195394311057,0.2598076198095009,0.9999999999999998
272.3,0.2113043273090462,0.4033861521001338,0.3853095205908201,0.2598076198090138,0.9999999999999998
272.4,0.21133155250118357,0.3850243370458334,0.403644110452983,0.2598076198085267,0.9999999999999998
272.5,0.2150096901244874,0.36511566483307334,0.41987464504243927,0.25980761980803957,0.9999999999999998
272.6,0.22222867163501883,0.3442559039692846,0.43351542439569657,0.2598076198075524,0.9999999999999998
272.7,0.2327724684702519,0.3230692843610288,0.4441582471687194,0.2598076198070653,0.9999999999999998
272.8,0.24632555671999107,0.3021898171872799,0.451484626092729,0.25980761980657835,0.9999999999999998
272.9,0.262482359203022,0.28224232206739674,0.4552753187295812,0.25980761980609135,0.9999999999999998
273,0.28075938239464326,0.26382372928720504,0.45541688831815164,0.2598076198056043,0.9999999999999998
273.1,0.30060968500661434,0.2474852166154754,0.4519050983779103,0.2598076198051172,0.9999999999999998
273.2,0.3214392452461804,0.23371571526790125,0.44484503948591847,0.25980761980463013,0.9999999999999998
273.3,0.34262473696272194,0.2229272786038415,0.43444798443343663,0.259807619804143,0.9999999999999998
273.40000000000003,0.3635321827295092,0.21544275139867264,0.42102506587181815,0.25980761980365596,0.9999999999999998
273.5,0.3835359256656904,0.21148610868970055,0.4049779656446091,0.25980761980316885,0.9999999999999998
273.6,0.4020373522653232,0.21117575330638977,0.386786894428287,0.25980761980268186,0.9999999999999998
273.7,0.41848280595138476,0.21452097265682252,0.3669962213917926,0.25980761980219486,0.9999999999999998
273.8,0.43238015529031604,0.2214216608013163,0.34619818390836765,0.2598076198017079,0.9999999999999998
273.90000000000003,0.443313521062039,0.23167131413016878,0.32501516480779225,0.2598076198012208,0.9999999999999998
274,0.4509557214767727,0.2449632109996485,0.3040810675235789,0.2598076198007337,0.9999999999999998
274.1,0.45507806311460325,0.2608995904001623,0.2840223464852345,0.2598076198002467,0.9999999999999998
274.2,0.45555718459320627,0.2790035549842659,0.2654392604225278,0.25980761979975947,0.9999999999999998
274.3,0.4523787481664551,0.29873334225551323,0.24888790957803159,0.2598076197992724,0.9999999999999998
274.40000000000003,0.44563786878254646,0.3194985368517491,0.23486359436570442,0.25980761979878536,0.9999999999999998
274.5,0.4355362677620502,0.3406777387690524,0.22378599346889752,0.2598076197982982,0.9999999999999998
274.6,0.4223762362722787,0.3616371588034062,0.21598660492431518,0.25980761979781114,0.9999999999999998
274.7,0.40655158924145884,0.3817495847401081,0.2116988260184331,0.2598076197973241,0.9999999999999998
274.8,0.3885358804175014,0.40041315072628303,0.2110509688562156,0.259807619796837,0.9999999999999998
274.90000000000003,0.36886823123661855,0.4170693481516188,0.21406242061176256,0.25980761979635,0.9999999999999998
275,0.34813719757395656,0.43121973906037075,0.22064306336567266,0.259807619795863,0.9999999999999998
275.1,0.32696315716494007,0.44244087194452714,0.2305959708905329,0.2598076197953758,0.9999999999999998
275.2,0.3059797447550638,0.45039695356190934,0.24362330168302687,0.2598076197948888,0.9999999999999998
275.3,0.28581489053266523,0.45484989757409955,0.2593352118932352,0.25980761979440176,0.9999999999999998
275.40000000000003,0.2670720292709968,0.4556664492979537,0.27726152143104954,0.2598076197939146,0.9999999999999998
275.5,0.2503120424974303,0.4528221733619771,0.2968657841405926,0.2598076197934275,0.9999999999999998
275.6,0.23603647407173167,0.4464021849366467,0.3175613409916217,0.2598076197929404,0.9999999999999998
275.7,0.22467252144848496,0.4365986026565572,0.33872887589495787,0.25980761979245337,0.9999999999999998
275.8,0.21656025176126056,0.4237047994558885,0.359734948782851,0.2598076197919663,0.9999999999999998
275.90000000000003,0.21194242528816723,0.4081066233613715,0.37995095135046125,0.25980761979147915,0.9999999999999998
276,0.21095723083234366,0.39027085096118236,0.398771918206474,0.25980761979099215,0.9999999999999998
276.1,0.2136341504116727,0.37073121908057205,0.4156346305077553,0.25980761979050504,0.9999999999999998
276.2,0.21989307700718758,0.35007245266738596,0.4300344703254264,0.25980761979001804,0.9999999999999998
276.3,0.22954671177161673,0.3289127668541946,0.4415405213741887,0.259807619789531,0.9999999999999998
276.40000000000003,0.2423061689614196,0.30788536682413764,0.44980846421444287,0.25980761978904393,0.9999999999999998
276.5,0.25778962086430485,0.28761949909838175,0.45459088003731335,0.2598076197885569,0.9999999999999998
276.6,0.2755337240221256,0.2687216212868351,0.4557446546910393,0.2598076197880698,0.9999999999999998
276.7,0.29500748481857597,0.2517572537987377,0.4532352613826864,0.25980761978758266,0.9999999999999998
276.8,0.31562814950293866,0.23723405660204924,0.44713779389501207,0.2598076197870956,0.9999999999999998
276.90000000000003,0.33677864313973266,0.2255866374608771,0.4376347193993903,0.25980761978660855,0.9999999999999998
277,0.3578260356223854,0.21716354626557643,0.4250104181120382,0.2598076197861215,0.9999999999999998
277.1,0.3781404821540883,0.21221684465117058,0.4096426731947412,0.25980761978563444,0.9999999999999998
277.2,0.397114071400526,0.21089456303403972,0.39199136556543435,0.2598076197851473,0.9999999999999998
277.3,0.41417901728209733,0.21323627079062163,0.3725847119272811,0.25980761978466027,0.9999999999999998
277.40000000000003,0.4288246500148828,0.21917189214085783,0.3520034578442594,0.25980761978417316,0.9999999999999998
277.5,0.4406126979421852,0.22852380317116194,0.33086349888665284,0.25980761978368594,0.9999999999999998
277.6,0.4491904028466891,0.24101214724334077,0.30979744990997016,0.2598076197831988,0.9999999999999998
277.7,0.4543010762665403,0.2562632097254582,0.2894357140080015,0.2598076197827116,0.9999999999999998
277.8,0.4557917809167968,0.27382060143019304,0.2703876176530102,0.2598076197822246,0.9999999999999998
277.90000000000003,0.45361790734913676,0.29315891609546035,0.2532231765554029,0.25980761978173733,0.9999999999999998
278,0.4478445088929422,0.31369945320616527,0.2384560379008925,0.2598076197812502,0.9999999999999998
278.1,0.4386443549295424,0.33482753565047096,0.22652810941998666,0.25980761978076317,0.9999999999999998
278.2,0.42629276075553446,0.3559109039784189,0.21779633526604672,0.25980761978027606,0.9999999999999998
278.3,0.4111593487519071,0.3763186368133347,0.2125220144347581,0.25980761977978906,0.9999999999999998
278.40000000000003,0.3936969874065992,0.3954400312212907,0.21086298137211018,0.259807619779302,0.9999999999999998
278.5,0.3744282391910706,0.412702878042154,0.21286888276677549,0.25980761977881495,0.9999999999999998
278.6,0.35392972283919627,0.42759058529157096,0.21847969186923272,0.259807619778328,0.9999999999999998
278.7,0.33281485798845717,0.4396576372147991,0.2275275047967438,0.25980761977784084,0.9999999999999998
278.8,0.3117155085513342,0.448542926379043,0.23974156506962283,0.2598076197773538,0.9999999999999998
278.90000000000003,0.29126307414039126,0.45398055984043306,0.2547563660191757,0.25980761977686656,0.9999999999999998
279,0.2720695953875676,0.45580781601028997,0.2721225886021425,0.2598076197763796,0.9999999999999998
279.1,0.25470943858241635,0.45397001411085514,0.29132054730672857,0.2598076197758925,0.9999999999999998
279.2,0.23970210771786105,0.44852215050166194,0.31177574178047707,0.25980761977540545,0.9999999999999998
279.3,0.22749669829428912,0.4396272529093557,0.3328760487963552,0.25980761977491834,0.9999999999999998
279.40000000000003,0.21845845810305875,0.4275515018107605,0.35399004008618074,0.2598076197744312,0.9999999999999998
279.5,0.21285785715898045,0.4126562649621688,0.3744858778788508,0.2598076197739441,0.9999999999999998
279.6,0.21086249386486192,0.39538728344216195,0.39375022269297616,0.25980761977345707,0.9999999999999998
279.7,0.21253207961674883,0.376261332816441,0.4112065875668102,0.25980761977296996,0.9999999999999998
279.8,0.21781665193592512,0.3558507585903083,0.4263325894737665,0.25980761977248285,0.9999999999999998
279.90000000000003,0.22655806959983218,0.33476634872654415,0.43867558167362364,0.25980761977199573,0.9999999999999998
280,0.2384947450300013,0.3136390557698629,0.44786619920013593,0.25980761977150857,0.9999999999999998
280.1,0.2532694723199364,0.29310111554474455,0.45362941213531904,0.25980761977102135,0.9999999999999998
280.2,0.2704401166486269,0.2737671274510237,0.45579275590034946,0.2598076197705342,0.9999999999999998
280.3,0.2894928451981886,0.2562156625308062,0.4542914922710052,0.2598076197700472,0.9999999999999998
280.40000000000003,0.30985750363943365,0.24097194968669117,0.44917054667387524,0.25980761976956,0.9999999999999998
280.5,0.3309246780428843,0.22849215816751278,0.440583163789603,0.25980761976907296,0.9999999999999998
280.6,0.35206393163626704,0.21914974666939588,0.4287863216943371,0.2598076197685859,0.9999999999999998
280.7,0.3726426706721523,0.2132242875562967,0.41413304177155097,0.2598076197680988,0.9999999999999998
280.8,0.3920450748432369,0.21089310063606775,0.39706182452069533,0.25980761976761163,0.9999999999999998
280.90000000000003,0.4096905257511743,0.21222594685192422,0.3780835273969015,0.2598076197671246,0.9999999999999998
281,0.42505098195564195,0.21718294068099273,0.3577660773633654,0.2598076197666375,0.9999999999999998
281.1,0.437666780654001,0.22561574371157145,0.3367174756344276,0.2598076197661506,0.9999999999999998
281.2,0.44716039312510064,0.237272003681214,0.3155676031936853,0.2598076197656634,0.9999999999999998
281.3,0.453247722304541,0.25180290613708783,0.29494937155837114,0.2598076197651763,0.9999999999999998
281.40000000000003,0.45574660441060766,0.2687736127346074,0.27547978285478486,0.2598076197646891,0.9999999999999998
281.5,0.4545822602090863,0.2876762738074723,0.2577414659834415,0.25980761976420186,0.9999999999999998
281.6,0.4497895327874481,0.3079452258069766,0.24226524140557537,0.2598076197637147,0.9999999999999998
281.7,0.4415118448728463,0.3289739188260815,0.22951423630107226,0.2598076197632276,0.9999999999999998
281.8,0.4299969068962616,0.3501330676508225,0.21987002545291587,0.2598076197627406,0.9999999999999998
281.90000000000003,0.415589304239297,0.37078948316748117,0.21362121259322187,0.2598076197622535,0.9999999999999998
282,0.3987201854908188,0.3903250205942477,0.2109547939149336,0.2598076197617665,0.9999999999999998
282.1,0.37989436029313445,0.4081550775101253,0.21195056219674022,0.25980761976127936,0.9999999999999998
282.2,0.359675192875629,0.42374608812617404,0.216578718998197,0.2598076197607922,0.9999999999999998
282.3,0.33866774333799554,0.4366314902817164,0.22470076638028816,0.2598076197603053,0.9999999999999998
282.40000000000003,0.31750066118142384,0.4464256873519477,0.23607365146662837,0.2598076197598183,0.9999999999999998
282.5,0.29680737292518233,0.45283558725582074,0.25035703981899704,0.2598076197593313,0.9999999999999998
282.6,0.2772071267705749,0.4556693732585269,0.2671234999708983,0.25980761975884425,0.9999999999999998
282.7,0.2592864615521267,0.4548422441016556,0.2858712943462178,0.25980761975835714,0.9999999999999998
282.8,0.24358165451902028,0.45037895168720427,0.3060393937937755,0.25980761975787003,0.9999999999999998
282.90000000000003,0.23056267319823884,0.4424130603750566,0.3270242664267045,0.25980761975738287,0.9999999999999998
283,0.22061911158111358,0.43118295005950674,0.3481979383593796,0.2598076197568961,0.9999999999999998
283.1,0.2140485314939478,0.41702468263306336,0.3689267858729889,0.25980761975640904,0.9999999999999998
283.2,0.21104755803807224,0.4003619453091405,0.3885904966527874,0.25980761975592187,0.9999999999999998
283.3,0.21170599556895833,0.3816933717504551,0.40660063268058666,0.25980761975543487,0.9999999999999998
283.40000000000003,0.21600414029415388,0.36157762041931457,0.4224182392865316,0.2598076197549479,0.9999999999999998
283.5,0.22381336991074824,0.34061665668128055,0.43556997340797127,0.259807619754461,0.9999999999999998
283.6,0.23489999263742323,0.3194377389465075,0.4456622684160693,0.2598076197539738,0.9999999999999998
283.7,0.24893224045851625,0.2986746479148283,0.4523931116266556,0.25980761975348665,0.9999999999999998
283.8,0.26549019730674406,0.27894872064083137,0.45556108205242457,0.25980761975299943,0.9999999999999998
283.90000000000003,0.2840783650829746,0.2608502569759552,0.4550713779410703,0.2598076197525125,0.9999999999999998
284,0.3041404914739637,0.2449208548012117,0.4509386537248246,0.25980761975202543,0.9999999999999998
284.1,0.32507621584450125,0.23163720267002313,0.4432865814854756,0.25980761975153854,0.9999999999999998
284.2,0.3462590350743957,0.22139681486755045,0.43234415005805393,0.2598076197510516,0.9999999999999998
284.3,0.36705505171128033,0.2145061357659298,0.4184388125227899,0.25980761975056477,0.9999999999999998
284.40000000000003,0.38684194339936406,0.21117136945348014,0.40198668714715585,0.25980761975007766,0.9999999999999998
284.5,0.4050275859225498,0.21149230906191208,0.3834801050155382,0.2598076197495906,0.9999999999999998
284.6,0.42106777256595945,0.2154593504493865,0.36347287698465414,0.2598076197491034,0.9999999999999998
284.7,0.43448249954264645,0.22295377960517843,0.3425637208521751,0.2598076197486164,0.9999999999999998
284.8,0.44487033014287886,0.23375132517534253,0.3213783446817787,0.25980761974812927,0.9999999999999998
284.90000000000003,0.4519204077577516,0.24752886979978092,0.30055072244246755,0.2598076197476422,0.9999999999999998
285,0.4554217582864955,0.2638741194234514,0.2807041222900532,0.259807619747155,0.9999999999999998
285.1,0.45526960355224755,0.2822979412268513,0.26243245522090125,0.25980761974666783,0.9999999999999998
285.2,0.45146849679684237,0.30224900096228546,0.24628250224087223,0.2598076197461805,0.9999999999999998
285.3,0.4441321864247094,0.3231302616725314,0.23273755190275933,0.2598076197456935,0.9999999999999998
285.40000000000003,0.4334802120733474,0.34431685006651175,0.22220293786014075,0.25980761974520655,0.9999999999999998
285.5,0.4198313348732263,0.3651747558993421,0.21499390922743167,0.2598076197447195,0.9999999999999998
285.6,0.40359399849707656,0.38507980477640597,0.21132619672651753,0.2598076197442326,0.9999999999999998
285.7,0.38525410645238434,0.40343633661887385,0.21130955692874187,0.25980761974374544,0.9999999999999998
285.8,0.3653604813825282,0.41969503083618603,0.21494448778128583,0.25980761974325833,0.9999999999999998
285.90000000000003,0.34450844150806037,0.43336934478587713,0.22212221370606253,0.25980761974277117,0.9999999999999998
286,0.3233219856843587,0.44405007359860094,0.23262794071704024,0.2598076197422841,0.9999999999999998
286.1,0.3024351201891323,0.4514175956645011,0.24614728414636655,0.25980761974179695,0.9999999999999998
286.2,0.2824728860370643,0.45525143733383,0.2622756766291058,0.2598076197413098,0.9999999999999998
286.3,0.26403265458062275,0.4554368706074339,0.28053047481194343,0.25980761974082267,0.9999999999999998
286.40000000000003,0.24766625112758622,0.45196834638072214,0.30036540249169175,0.2598076197403356,0.9999999999999998
286.5,0.23386344152736815,0.4449496605010373,0.32118689797159455,0.25980761973984856,0.9999999999999998
286.6,0.2230372758912832,0.43459084766914724,0.3423718764395696,0.25980761973936145,0.9999999999999998
286.7,0.2155117280370221,0.4212018961350891,0.3632863758278887,0.2598076197388743,0.9999999999999998
286.8,0.21151200054788794,0.4051834712765646,0.38330452817554744,0.2598076197383871,0.9999999999999998
286.90000000000003,0.21115778556861936,0.3870149256574954,0.40182728877388524,0.2598076197379,0.9999999999999998
287,0.21445968300899332,0.36723995436663676,0.4183003626243699,0.25980761973741295,0.9999999999999998
287.1,0.2213188833407312,0.3464503249013159,0.43223079175795287,0.25980761973692595,0.9999999999999998
287.2,0.23153012448003557,0.3252681684807416,0.4432017070392229,0.25980761973643873,0.9999999999999998
287.3,0.24478783427082465,0.3043273627226625,0.4508848030065129,0.2598076197359516,0.9999999999999998
287.40000000000003,0.2606952747543964,0.28425456280816863,0.4550501624374349,0.25980761973546457,0.9999999999999998
287.5,0.27877641458256397,0.2656504487784521,0.45557313663898386,0.2598076197349775,0.9999999999999998
287.6,0.2984901742914125,0.249071750139574,0.4524380755690134,0.25980761973449046,0.9999999999999998
287.7,0.31924661814479227,0.23501458569028855,0.4457387961649192,0.25980761973400335,0.9999999999999998
287.8,0.34042460800541763,0.2238996171298237,0.43567577486475867,0.2598076197335162,0.9999999999999998
287.90000000000003,0.3613903909401585,0.2160594607250183,0.42255014833482324,0.2598076197330291,0.9999999999999998
288,0.38151656432404185,0.21172873374361925,0.4067547019323389,0.25980761973254196,0.9999999999999998
288.1,0.4002008509108057,0.2110370335149682,0.38876211557422613,0.2598076197320549,0.9999999999999998
288.2,0.4168841220246129,0.21400505922021257,0.36911081875517443,0.25980761973156785,0.9999999999999998
288.3,0.4310671295275631,0.2205439924677596,0.3483888780046773,0.25980761973108096,0.9999999999999998
288.40000000000003,0.4423254458576196,0.23045815519029877,0.3272163989520816,0.2598076197305941,0.9999999999999998
288.5,0.4503221650551997,0.24345086532562593,0.3062269696191744,0.2598076197301071,0.9999999999999998
288.6,0.4548179846992535,0.2591333150495808,0.28604870025116563,0.25980761972961997,0.9999999999999998
288.7,0.45567836705014175,0.2770362058793133,0.26728542707054503,0.2598076197291328,0.9999999999999998
288.8,0.45287756510157195,0.29662379246554,0.250498642432888,0.25980761972864574,0.9999999999999998
288.90000000000003,0.4464993930616911,0.31730991481225745,0.23619069212605134,0.2598076197281588,0.9999999999999998
289,0.43673471820662674,0.3384755391585351,0.2247897426348382,0.2598076197276716,0.9999999999999998
289.1,0.4238757491629502,0.3594872826101858,0.2166369682268641,0.25980761972718464,0.9999999999999998
289.2,0.4083072915426346,0.3797163671703246,0.21197634128704082,0.2598076197266976,0.9999999999999998
289.3,0.39049523260628943,0.3985574359680303,0.2109473314256804,0.25980761972621064,0.9999999999999998
289.40000000000003,0.37097259955198364,0.4154466686080577,0.2135807318399587,0.25980761972572347,0.9999999999999998
289.5,0.35032360863641204,0.42987865353840454,0.21979773782518353,0.25980761972523636,0.9999999999999998
289.6,0.3291661824596465,0.44142151252886713,0.22941230501148646,0.25980761972474936,0.9999999999999998
289.7,0.3081334585850376,0.4497298246594331,0.2421367167555293,0.2598076197242622,0.9999999999999998
289.8,0.28785484285019913,0.4545549630671904,0.2575901940826104,0.25980761972377525,0.9999999999999998
289.90000000000003,0.26893717435016606,0.4557525351238245,0.27531029052600947,0.2598076197232881,0.9999999999999998
290,0.25194656573201385,0.4532867033958382,0.294766730872148,0.2598076197228011,0.9999999999999998
290.1,0.2373914622314852,0.44723125808243297,0.31537727968608187,0.25980761972231403,0.9999999999999998
290.2,0.22570742641122005,0.43776740883826964,0.33652516475051036,0.2598076197218269,0.9999999999999998
290.3,0.21724410391843862,0.425178362060977,0.35757753402058445,0.25980761972133987,0.9999999999999998
290.40000000000003,0.21225476031275523,0.4098408459184856,0.3779043937687591,0.2598076197208527,0.9999999999999998
290.5,0.2108887020753337,0.39221383673038024,0.3968974611942862,0.2598076197203657,0.9999999999999998
290.6,0.21318680860125339,0.3728248240671509,0.41398836733159583,0.25980761971987876,0.9999999999999998
290.7,0.2190803088805498,0.3522540255852794,0.4286656655341708,0.25980761971939176,0.9999999999999998
290.8,0.22839283947583996,0.3311170239704018,0.44049013655375824,0.2598076197189048,0.9999999999999998
290.90000000000003,0.24084572221139874,0.310046345579324,0.44910793220927736,0.2598076197184177,0.9999999999999998
291,0.2560663036384448,0.2896725320414088,0.45426116432014646,0.2598076197179306,0.9999999999999998
291.1,0.2735991067175134,0.27060527125308004,0.4557956220294065,0.25980761971744365,0.9999999999999998
291.2,0.29291946100298494,0.2534151524218477,0.4536653865751675,0.25980761971695665,0.9999999999999998
291.3,0.31344920344547517,0.23861659114152714,0.4479342054129977,0.2598076197164696,0.9999999999999998
291.40000000000003,0.33457397996440236,0.2266524354670574,0.4387735845685403,0.2598076197159826,0.9999999999999998
291.5,0.3556616300398726,0.21788071365328118,0.4264576563068463,0.2598076197154955,0.9999999999999998
291.6,0.376081104163596,0.2125639201325973,0.4113549757038067,0.25980761971500843,0.9999999999999998
291.7,0.39522134804269776,0.21086116034940697,0.3939174916078953,0.25980761971452143,0.9999999999999998
291.8,0.4125095884452088,0.21282338951777086,0.37466702203702035,0.2598076197140345,0.9999999999999998
291.90000000000003,0.4274284734819424,0.21839188778281152,0.35417963873524616,0.25980761971354754,0.9999999999999998
292,0.4395315544005347,0.22740001741676993,0.3330684281826954,0.25980761971306054,0.9999999999999998
292.1,0.44845664559780507,0.23957820946549302,0.3119651449367019,0.25980761971257355,0.9999999999999998
292.2,0.4539366630510638,0.2545620306195815,0.29150130632935484,0.2598076197120865,0.9999999999999998
292.3,0.4558076168274994,0.2719030889084756,0.27228929426402515,0.2598076197115993,0.9999999999999998
292.40000000000003,0.45401351849520305,0.2910824518637657,0.25490402964103126,0.2598076197111122,0.9999999999999998
292.5,0.4486080565811875,0.3115261756121859,0.23986576780662658,0.2598076197106251,0.9999999999999998
292.6,0.43975298993819345,0.3326224801890182,0.22762452987278842,0.2598076197101381,0.9999999999999998
292.7,0.42771330709890265,0.3537400570993686,0.21854663580172876,0.2598076197096511,0.9999999999999998
292.8,0.4128492964742458,0.3742469612721714,0.21290374225358286,0.25980761970916405,0.9999999999999998
292.90000000000003,0.3956057646957138,0.3935295220637827,0.21086471324050352,0.25980761970867683,0.9999999999999998
293,0.37649872574358756,0.411010707397965,0.21249056685844747,0.25980761970818955,0.9999999999999998
293.1,0.35609995918992043,0.4261673914939966,0.21773264931608302,0.25980761970770244,0.9999999999999998
293.2,0.33501989965200946,0.4385460094448493,0.2264340909031413,0.25980761970721544,0.9999999999999998
293.3,0.31388936949074203,0.44777613018101,0.2383345003282481,0.25980761970672833,0.9999999999999998
293.40000000000003,0.29334070140418805,0.4535815416479863,0.25307775694782575,0.2598076197062414,0.9999999999999998
293.5,0.2739888158242392,0.4557885164727292,0.27022266770303155,0.2598076197057541,0.9999999999999998
293.6,0.25641281937661753,0.45433101076828647,0.289256169855096,0.25980761970526695,0.9999999999999998
293.7,0.24113867507171735,0.4492526405020663,0.3096086844262164,0.25980761970477995,0.9999999999999998
293.8,0.22862346282211693,0.4407053762847449,0.3306711608931382,0.2598076197042928,0.9999999999999998
293.90000000000003,0.2192417012919524,0.4289449956383572,0.3518133030696905,0.2598076197038058,0.9999999999999998
294,0.21327414039783682,0.4143234288347872,0.37240243076737606,0.25980761970331884,0.9999999999999998
294.1,0.21089935984657388,0.39727822735601737,0.3918224127974088,0.2598076197028317,0.9999999999999998
294.2,0.21218842512405317,0.3783194701332503,0.40949210474269643,0.25980761970234467,0.9999999999999998
294.3,0.21710276085526214,0.3580144993966802,0.42488273974805774,0.25980761970185773,0.9999999999999998
294.40000000000003,0.22549530517527333,0.3369709429167506,0.4375337519079761,0.25980761970137056,0.9999999999999998
294.5,0.23711491056656972,0.3158185306976046,0.4470665587358256,0.2598076197008835,0.9999999999999998
294.6,0.2516138594673219,0.2951902502595338,0.4531958902731442,0.2598076197003962,0.9999999999999998
294.7,0.2685582697454752,0.27570340444001323,0.4557383258145116,0.25980761969990895,0.9999999999999998
294.8,0.2874410786540559,0.25794113856004486,0.4546177827858992,0.25980761969942184,0.9999999999999998
294.90000000000003,0.30769721672186184,0.2424349897567407,0.4498677935213975,0.2598076196989347,0.9999999999999998
295,0.32872051749972003,0.22964898069467424,0.44163050180560576,0.2598076196984477,0.9999999999999998
295.1,0.3498818571368894,0.21996573365288175,0.43015240921022896,0.25980761969796073,0.9999999999999998
295.2,0.3705479809594252,0.21367502052449772,0.41577699851607713,0.2598076196974737,0.9999999999999998
295.3,0.390100453663737,0.21096509137114522,0.39893445496511776,0.2598076196969865,0.9999999999999998
295.40000000000003,0.40795416603937906,0.2119170410257392,0.38012879293488183,0.25980761969649946,0.9999999999999998
295.5,0.42357484440600535,0.21650238232353686,0.35992277327045785,0.2598076196960124,0.9999999999999998
295.6,0.43649503879327983,0.22458389858267713,0.33892106262404303,0.25980761969552535,0.9999999999999998
295.7,0.44632811141625695,0.23591974982366537,0.3177521387600778,0.25980761969503813,0.9999999999999998
295.8,0.45277980684006097,0.25017070984887724,0.29704948331106185,0.259807619694551,0.9999999999999998
295.90000000000003,0.4556570575958185,0.2669103176119366,0.2774326247922449,0.25980761969406396,0.9999999999999998
296,0.4548737617391276,0.28563763909647677,0.2594885991643957,0.25980761969357696,0.9999999999999998
296.1,0.4504533594571939,0.305792257804108,0.24375438273869804,0.25980761969308974,0.9999999999999998
296.2,0.4425281316194727,0.32677104526011563,0.23070082312041168,0.2598076196926027,0.9999999999999998
296.3,0.43133524126273926,0.3479462096782495,0.2207185490590113,0.2598076196921156,0.9999999999999998
296.40000000000003,0.4172096364694465,0.3686840826769587,0.21410628085359484,0.2598076196916285,0.9999999999999998
296.5,0.4005740270212647,0.38836408185318044,0.21106189112555493,0.25980761969114163,0.9999999999999998
296.6,0.38192623477719667,0.40639728175724293,0.21167648346556042,0.2598076196906544,0.9999999999999998
296.7,0.36182429631715335,0.42224403753106604,0.21593166615178058,0.2598076196901673,0.9999999999999998
296.8,0.34086976365549393,0.43543013382096646,0.2237001025235396,0.25980761968968025,0.9999999999999998
296.90000000000003,0.3196897027519307,0.44556097570764236,0.23474932154042702,0.2598076196891932,0.9999999999999998
297,0.29891792851570803,0.45233339698869435,0.24874867449559768,0.2598076196887062,0.9999999999999998
297.1,0.27917603784696104,0.45554473244994353,0.2652792297030955,0.25980761968821925,0.9999999999999998
297.2,0.26105480830291194,0.45509888263714815,0.28384630905994,0.2598076196877322,0.9999999999999998
297.3,0.24509651903521248,0.4510091896393706,0.30389429132541695,0.25980761968724503,0.9999999999999998
297.40000000000003,0.2317787230457057,0.4433980378259625,0.3248232391283318,0.25980761968675803,0.9999999999999998
297.5,0.2214999563770706,0.43249319148514276,0.34600685213778665,0.2598076196862711,0.9999999999999998
297.6,0.21456781189188864,0.41862097896060946,0.366811209147502,0.259807619685784,0.9999999999999998
297.7,0.21118973453318785,0.40219652725140725,0.38661373821540496,0.259807619685297,0.9999999999999998
297.8,0.21146681351898283,0.3837113393053815,0.40482184717563574,0.25980761968480987,0.9999999999999998
297.90000000000003,0.21539075723985251,0.36371858575664273,0.4208906570035048,0.25980761968432287,0.9999999999999998
298,0.22284414138597394,0.3428165512529,0.434339307361126,0.25980761968383576,0.9999999999999998
298.1,0.23360392287839088,0.3216307307425573,0.44476534637905174,0.25980761968334865,0.9999999999999998
298.2,0.24734811444986127,0.3007951114915236,0.4518567740586151,0.2598076196828615,0.9999999999999998
298.3,0.26366542013795136,0.28093320096678537,0.45540137889526333,0.2598076196823745,0.9999999999999998
298.40000000000003,0.2820675433475243,0.26263936832874674,0.4552930883237289,0.25980761968188754,0.9999999999999998
298.5,0.3020037991629308,0.24646105788957806,0.4515351429474912,0.25980761968140037,0.9999999999999998
298.6,0.3228775936353641,0.2328824068011615,0.4442399995634743,0.2598076196809133,0.9999999999999998
298.7,0.3440642769014728,0.22230975721455318,0.43362596588397406,0.25980761968042626,0.9999999999999998
298.8,0.3649298358773166,0.21505949646067116,0.4200106676620123,0.2598076196799391,0.9999999999999998
298.90000000000003,0.3848498671474012,0.21134858913571614,0.4038015437168827,0.2598076196794521,0.9999999999999998
299,0.4032282622836637,0.21128808441937688,0.3854836532969595,0.259807619678965,0.9999999999999998
299.1,0.4195150464348394,0.21487979291980874,0.3656051606453518,0.25980761967847793,0.9999999999999998
299.2,0.43322283636508785,0.2220162324910498,0.3447609311438623,0.2598076196779911,0.9999999999999998
299.3,0.44394142543383663,0.2324838446442911,0.3235747299218723,0.25980761967750404,0.9999999999999998
299.40000000000003,0.4513500590602315,0.24596938530165288,0.30268055563811563,0.25980761967701704,0.9999999999999998
299.5,0.45522703332799724,0.2620692986486831,0.2827036680233197,0.25980761967653,0.9999999999999998
299.6,0.4554563294917405,0.2803017935723368,0.26424187693592266,0.2598076196760429,0.9999999999999998
299.7,0.45203108584659735,0.30012126129612826,0.24784765285727445,0.2598076196755557,0.9999999999999998
299.8,0.44505380306526454,0.3209346027636414,0.2340115941710941,0.25980761967506877,0.9999999999999998
299.90000000000003,0.4347332768576899,0.3421189771722255,0.22314774597008463,0.2598076196745816,0.9999999999999998
300,0.42137834974381,0.3630404405306748,0.21558120972551523,0.2598076196740945,0.9999999999999998